start 2026-09-08T06:26:18Z
info: Version 4.2.4 of elan is available! Use `elan self update` to update.
info: downloading https://releases.lean-lang.org/lean4/v4.32.2/lean-4.32.2-darwin.tar.zst
info: installing ~/.elan/toolchains/leanprover--lean4---v4.32.2

leanprover/lean4:v4.32.2 installed - Lean (version 4.32.2, x86_64-apple-darwin24.6.0, commit f3b06c705e6c85f5314019d5d3baab0fec5b580c, Release)

toolchain done 2026-09-08T06:27:18Z rc=0
error: unknown short option '-j'
lake build exit=1 2026-09-08T06:27:18Z
=== replication start 2026-09-08T06:34:47Z host=MacBookPro.fios-router.home threads=4
info: mathlib: cloning https://github.com/leanprover-community/mathlib4
info: mathlib: checking out revision '81a5d257c8e410db227a6665ed08f64fea08e997'
info: plausible: cloning https://github.com/leanprover-community/plausible
info: plausible: checking out revision 'e12c1910fe855cbfc38803cd4e55543906d5fa62'
info: LeanSearchClient: cloning https://github.com/leanprover-community/LeanSearchClient
info: LeanSearchClient: checking out revision 'c5d5b8fe6e5158def25cd28eb94e4141ad97c843'
info: importGraph: cloning https://github.com/leanprover-community/import-graph
info: importGraph: checking out revision '7e9612bf0b9ee66db3cb5b9988a35afc706f5a12'
info: proofwidgets: cloning https://github.com/leanprover-community/ProofWidgets4
info: proofwidgets: checking out revision '6e311e2a844da9b2cc3971187df2fe0066947b93'
info: aesop: cloning https://github.com/leanprover-community/aesop
info: aesop: checking out revision 'a7dbf0c63b694e47f425f3dcddbc0e178bb432d3'
info: Qq: cloning https://github.com/leanprover-community/quote4
info: Qq: checking out revision '38d591e778f100aec9762bb582f9c7f55f50e9dc'
info: batteries: cloning https://github.com/leanprover-community/batteries
info: batteries: checking out revision '023ce7d62a0531e22a5331e20b587817a80d49ff'
info: Cli: cloning https://github.com/leanprover/lean4-cli
info: Cli: checking out revision '88679d088c9720c27ebdf2ba4dafe17341747f94'
✔ [4/14] Built Batteries.Lean.TagAttribute (1.6s)
✔ [5/14] Built Batteries.Tactic.Unreachable (1.0s)
✔ [6/16] Built Batteries.Util.LibraryNote (2.1s)
✔ [7/20] Built Batteries.Lean.AttributeExtra (1.3s)
✔ [8/20] Built Batteries.Tactic.Init (3.1s)
✔ [9/20] Built Batteries.Tactic.SeqFocus (1.9s)
✔ [10/21] Built Batteries.Linter.UnreachableTactic (2.2s)
✔ [11/21] Built Batteries.Classes.Cast (1.5s)
✔ [12/23] Built Batteries.Lean.Syntax (1.0s)
✔ [13/25] Built Batteries.Classes.RatCast (982ms)
✔ [14/25] Built Batteries.Tactic.Lint.Basic (2.5s)
✔ [15/25] Built Batteries.Linter.UnnecessarySeqFocus (2.0s)
✔ [16/27] Built Batteries.Lean.EStateM (1.6s)
✔ [17/27] Built Batteries.Lean.Except (1.6s)
✔ [18/29] Built Batteries.Tactic.Lint.Misc (2.5s)
✔ [19/29] Built Batteries.Linter (1.8s)
✔ [20/29] Built Batteries.CodeAction.Attr (2.7s)
✔ [21/34] Built Batteries.Recycling.MonadSatisfying.Basic (2.8s)
✔ [22/34] Built Batteries.Lean.Position (1.7s)
✔ [23/35] Built Batteries.Classes.SatisfiesM (1.2s)
✔ [24/38] Built Batteries.CodeAction.Basic (2.7s)
✔ [25/38] Built Batteries.CodeAction.Deprecated (2.4s)
✔ [26/38] Built Batteries.Control.Lemmas (1.2s)
✔ [27/39] Built Batteries.Util.ProofWanted (5.4s)
✔ [28/41] Built Batteries.Tactic.Basic (1.7s)
✔ [29/42] Built Batteries.Control.LawfulMonadState (2.6s)
✔ [30/42] Built Batteries.Control.ForInStep.Basic (1.2s)
✔ [31/44] Built Batteries.CodeAction.Misc (5.7s)
✔ [32/44] Built Batteries.Tactic.Alias (4.6s)
✔ [33/44] Built Batteries.Control.OptionT (1.9s)
✔ [34/44] Built Batteries.Control.ForInStep.Lemmas (1.6s)
✔ [35/46] Built Batteries.Classes.Order (2.6s)
✔ [36/47] Built Batteries.Control.Monad (1.9s)
✔ [37/47] Built Batteries.Control.ForInStep (1.3s)
✔ [38/50] Built Batteries.Control.AlternativeMonad (2.3s)
✔ [39/51] Built Batteries.Data.Array.Init.Lemmas (1.2s)
✔ [40/51] Built Batteries.Data.UInt (2.8s)
✔ [41/53] Built Batteries.Data.MLList.Basic (2.7s)
✔ [42/53] Built Batteries.Data.Array.Match (2.5s)
✔ [43/54] Built Batteries.Data.Array.Merge (3.5s)
✔ [44/54] Built Batteries.Control.Nondet.Basic (1.9s)
✔ [45/58] Built Batteries.Data.List.Basic (8.4s)
✔ [46/58] Built Batteries.Data.Array.Pairwise (2.3s)
✔ [47/58] Built Batteries.Recycling.MonadSatisfying.Array (4.3s)
✔ [48/60] Built Batteries.CodeAction.Match (4.1s)
✔ [49/60] Built Batteries.Data.Array.Basic (9.4s)
✔ [50/60] Built Batteries.Data.Array.Monadic (1.7s)
✔ [51/63] Built Batteries.Data.AssocList (4.7s)
✔ [52/64] Built Batteries.CodeAction (1.9s)
✔ [53/70] Built Batteries.Data.BitVec.Basic (1.3s)
✔ [54/72] Built Batteries.Data.BinaryHeap.Basic (5.4s)
✔ [55/72] Built Batteries.Data.Nat.Basic (1.5s)
✔ [56/73] Built Batteries.Data.Bool (1.5s)
✔ [57/73] Built Batteries.Data.BinaryHeap (1.5s)
✔ [58/73] Built Batteries.Data.ByteArray (2.8s)
✔ [59/73] Built Batteries.Data.Nat.Lemmas (2.7s)
✔ [60/76] Built Batteries.Data.ByteSlice (1.4s)
✔ [61/79] Built Batteries.Data.Int (1.8s)
✔ [62/82] Built Batteries.Data.Fin.OfBits (1.6s)
✔ [63/84] Built Batteries.Data.List.Lemmas (18s)
✔ [64/84] Built Batteries.Tactic.Lint.TypeClass (1.0s)
✔ [65/84] Built Batteries.Data.BinomialHeap.Basic (13s)
✔ [66/84] Built Batteries.Tactic.OpenPrivate (3.1s)
✔ [67/84] Built Batteries.Data.BitVec.Lemmas (3.2s)
✔ [68/85] Built Batteries.Data.Char.Basic (2.0s)
✔ [69/85] Built Batteries.Data.List.Scan (4.4s)
✔ [70/85] Built Batteries.Tactic.Lint.Frontend (4.0s)
✔ [71/85] Built Batteries.Data.Array.Lemmas (4.2s)
✔ [72/85] Built Batteries.Tactic.Lint.Simp (3.2s)
✔ [73/86] Built Batteries.Data.BitVec (1.7s)
✔ [74/88] Built Batteries.Data.BinomialHeap.Lemmas (2.1s)
✔ [75/90] Built Batteries.Data.Char.AsciiCasing (2.5s)
✔ [76/90] Built Batteries.Tactic.Lint (1.7s)
✔ [77/90] Built Batteries.Data.Fin.Basic (3.4s)
✔ [78/91] Built Batteries.Data.BinomialHeap (2.2s)
✔ [79/91] Built Batteries.Data.Array.Scan (4.2s)
✔ [80/91] Built Batteries.Data.Char (1.8s)
✔ [81/91] Built Batteries.Data.DList.Basic (1.7s)
✔ [82/91] Built Batteries.Data.FloatArray (1.3s)
✔ [83/91] Built Batteries.Data.Fin.Fold (3.0s)
✔ [84/94] Built Batteries.Tactic.Trans (5.0s)
✔ [85/96] Built Batteries.Data.Array (1.9s)
✔ [86/96] Built Batteries.Data.Fin.Lemmas (3.8s)
✔ [87/97] Built Batteries.Data.DList.Lemmas (1.7s)
✔ [88/98] Built Batteries.Lean.HashMap (1.1s)
✔ [89/98] Built Batteries.Data.List.ArrayMap (1.3s)
✔ [90/98] Built Batteries.Data.List.Init.Lemmas (1.1s)
✔ [91/99] Built Batteries.Data.DList (1.8s)
✔ [92/99] Built Batteries.Data.HashMap.Basic (2.5s)
✔ [93/99] Built Batteries.Data.List.Count (5.0s)
✔ [94/101] Built Batteries.Data.Fin.Coding (5.6s)
✔ [95/102] Built Batteries.Data.List.Matcher (1.2s)
✔ [96/104] Built Batteries.Data.List.Interleave (3.8s)
✔ [97/104] Built Batteries.Data.HashMap (1.5s)
✔ [98/105] Built Batteries.Recycling.MonadSatisfying.List (1.4s)
✔ [99/105] Built Batteries.Data.Fin (1.9s)
✔ [100/108] Built Batteries.Data.List.Pairwise (2.0s)
✔ [101/109] Built Batteries.Data.List.Monadic (1.4s)
✔ [102/110] Built Batteries.Data.MLList.Heartbeats (1.5s)
✔ [103/114] Built Batteries.Lean.System.IO (1.3s)
✔ [104/114] Built Batteries.Data.NameSet (1.2s)
✔ [105/115] Built Batteries.Data.Nat.Bitwise.Lemmas (1.6s)
✔ [106/115] Built Batteries.Data.List.Perm (4.8s)
✔ [107/115] Built Batteries.Data.MLList.IO (1.7s)
✔ [108/115] Built Batteries.Data.Nat.Bitwise (1.4s)
✔ [109/115] Built Batteries.Data.Nat.Gcd (2.0s)
✔ [110/115] Built Batteries.Data.Nat.Bisect (4.8s)
✔ [111/117] Built Batteries.Data.MLList (1.5s)
✔ [112/128] Built Batteries.Data.List (1.0s)
✔ [113/130] Built Batteries.Data.PairingHeap (3.7s)
✔ [114/134] Built Batteries.Data.Nat (1.0s)
✔ [115/135] Built Batteries.Data.Range.Lemmas (2.0s)
✔ [116/135] Built Batteries.Lean.Float (1.7s)
✔ [117/135] Built Batteries.Data.RunningStats (1.4s)
✔ [118/135] Built Batteries.Data.Random.MersenneTwister (4.1s)
✔ [119/137] Built Batteries.Data.Range (1.8s)
✔ [120/138] Built Batteries.Data.Rat.Float (1.6s)
✔ [121/138] Built Batteries.Data.Stream (1.9s)
✔ [122/138] Built Batteries.Data.Random (1.4s)
✔ [123/139] Built Batteries.Recycling.RBTree.Basic (6.6s)
✔ [124/139] Built Batteries.Data.String.AsciiCasing (1.3s)
✔ [125/141] Built Batteries.Data.String.Basic (1.3s)
✔ [126/141] Built Batteries.Data.Rat (1.3s)
✔ [127/143] Built Batteries.Data.String.Matcher (1.5s)
✔ [128/147] Built Batteries.Data.RBMap.Basic (2.1s)
✔ [129/147] Built Batteries.Data.String.Legacy (3.3s)
✔ [130/151] Built Batteries.Util.Panic (1.8s)
✔ [131/151] Built Batteries.Recycling.MonadSatisfying.Vector (2.4s)
✔ [132/152] Built Batteries.Data.Vector.Basic (8.6s)
✔ [133/152] Built Batteries.Recycling.RBTree.WF (13s)
✔ [134/153] Built Batteries.Lean.Expr (2.5s)
✔ [135/153] Built Batteries.Data.Vector.Monadic (1.9s)
✔ [136/154] Built Batteries.Data.UnionFind.Basic (9.9s)
✔ [137/154] Built Batteries.Lean.HashSet (2.4s)
✔ [138/154] Built Batteries.Data.String.Lemmas (14s)
✔ [139/154] Built Batteries.Data.RBMap.WF (2.6s)
✔ [140/154] Built Batteries.Data.Vector.Lemmas (5.0s)
✔ [141/155] Built Batteries.Data.RBMap.Alter (2.1s)
✔ [142/155] Built Batteries.Lean.IO.Process (1.7s)
✔ [143/155] Built Batteries.Recycling.RBTree.Depth (3.3s)
✔ [144/156] Built Batteries.Lean.Json (1.8s)
✔ [145/156] Built Batteries.Recycling.RBTree.Alter (4.7s)
✔ [146/157] Built Batteries.Data.UnionFind.Lemmas (3.7s)
✔ [147/157] Built Batteries.Data.String (2.3s)
✔ [148/157] Built Batteries.Data.Vector (1.0s)
✔ [149/157] Built Batteries.Lean.LawfulMonad (2.1s)
✔ [150/157] Built Batteries.Data.RBMap.Depth (2.3s)
✔ [151/160] Built Batteries.Lean.LawfulMonadLift (2.1s)
✔ [152/161] Built Batteries.Data.UnionFind (1.0s)
✔ [153/162] Built Batteries.Lean.Meta.Basic (2.3s)
✔ [154/162] Built Batteries.Lean.Meta.Expr (1.7s)
✔ [155/164] Built Batteries.Lean.PersistentHashMap (2.1s)
✔ [156/165] Built Batteries.Lean.Meta.Inaccessible (2.8s)
✔ [157/166] Built Batteries.Lean.Meta.InstantiateMVars (2.7s)
✔ [158/167] Built Batteries.Lean.Meta.DiscrTree (2.7s)
✔ [159/168] Built Batteries.Lean.MonadBacktrack (2.4s)
✔ [160/168] Built Batteries.Lean.Meta.UnusedNames (2.2s)
✔ [161/168] Built Batteries.Lean.NameMapAttribute (1.0s)
✔ [162/171] Built Batteries.Lean.Meta.Simp (4.4s)
✔ [163/172] Built Batteries.Lean.Meta.SavedState (1.7s)
✔ [164/173] Built Batteries.Lean.PersistentHashSet (1.5s)
✔ [165/174] Built Batteries.Recycling.MonadSatisfying.Lean (1.7s)
✔ [166/175] Built Batteries.Lean.Util.EnvSearch (1.6s)
✔ [167/176] Built Batteries.Recycling.RBTree.Lemmas (13s)
✔ [168/177] Built Batteries.Logic (2.3s)
✔ [169/177] Built Batteries.Recycling.MonadSatisfying (2.0s)
✔ [170/178] Built Batteries.Lean.SatisfiesM (1.9s)
✔ [171/178] Built Batteries.Recycling.RBTree (1.9s)
✔ [172/179] Built Batteries.Data.RBMap.Lemmas (1.9s)
✔ [173/180] Built Batteries.Tactic.Congr (3.0s)
✔ [174/180] Built Batteries.Tactic.Exact (2.1s)
✔ [175/181] Built Batteries.Tactic.Case (4.8s)
✔ [176/182] Built Batteries.Data.RBMap (1.0s)
✔ [177/183] Built Batteries.Tactic.Instances (2.5s)
✔ [178/184] Built Batteries.Tactic.Lemma (2.5s)
✔ [179/185] Built Batteries.Tactic.PermuteGoals (2.1s)
✔ [180/186] Built Batteries.Tactic.HelpCmd (5.5s)
✔ [181/187] Built Batteries.Tactic.NoMatch (3.0s)
✔ [182/188] Built Batteries.Tactic.GeneralizeProofs (9.1s)
✔ [183/189] Built Batteries.Tactic.PrintDependents (2.6s)
✔ [184/189] Built Batteries.Tactic.PrintOpaques (2.3s)
✔ [185/191] Built Batteries.Tactic.PrintPrefix (2.7s)
✔ [186/192] Built Batteries.Tactic.ShowUnused (2.2s)
✔ [187/196] Built Batteries.Util.Cache (1.7s)
✔ [188/224] Built Batteries.Util.ExtendedBinder (2.2s)
✔ [189/224] Built Batteries.Util.Pickle (1.3s)
✔ [192/233] Built Mathlib.Tactic.Linter.DirectoryDependency (2.8s)
✔ [193/233] Built ImportGraph.Imports.ImportGraph (1.4s)
✔ [194/233] Built ImportGraph.Lean.Environment (1.2s)
✔ [195/236] Built Batteries.Tactic.SqueezeScope (5.8s)
✔ [196/236] Built ImportGraph.Imports.Redundant (1.5s)
✔ [197/237] Built ImportGraph.Graph.TransitiveClosure (1.1s)
✔ [198/239] Built ImportGraph.Imports.RequiredModules (2.2s)
✔ [199/242] Built Mathlib.Tactic.Linter.Header (3.1s)
✔ [200/242] Built Batteries (2.4s)
✔ [201/242] Built ImportGraph.Tools.ImportDiff (2.0s)
✔ [202/242] Built ImportGraph.Tools.MinImports (2.0s)
✔ [203/242] Built ImportGraph.Tools.FindHome (2.6s)
✔ [204/242] Built ImportGraph.Tools.RedundantImports (1.8s)
✔ [205/242] Built Mathlib.Tactic.TypeStar (1.0s)
✔ [206/242] Built Mathlib.Util.ParseCommand (2.7s)
✔ [207/242] Built Mathlib.Tactic.MinImports (4.4s)
✔ [208/242] Built Mathlib.Tactic.DeclarationNames (2.6s)
✔ [209/242] Built Mathlib.Tactic.Linter.Whitespace (4.3s)
✔ [210/242] Built Mathlib.Tactic.Linter.TacticDocumentation (2.2s)
✔ [211/242] Built Mathlib.Tactic.Linter.UnusedTacticExtension (2.7s)
✔ [212/242] Built Mathlib.Tactic.Linter.PrivateModule (2.3s)
✔ [213/242] Built Mathlib.Lean.Environment (1.9s)
✔ [214/242] Built Mathlib.Tactic.Linter.OldObtain (2.2s)
✔ [215/242] Built Mathlib.Lean.Elab.Tactic.Meta (2.5s)
✔ [216/242] Built Mathlib.Tactic.Linter.Multigoal (2.6s)
✔ [217/242] Built Mathlib.Lean.Expr.Basic (3.8s)
✔ [218/242] Built Mathlib.Tactic.Linter.HashCommandLinter (2.7s)
✔ [219/242] Built Mathlib.Tactic.Linter.GlobalAttributeIn (2.3s)
✔ [220/242] Built Mathlib.Tactic.Linter.EmptyLine (2.0s)
✔ [221/242] Built Mathlib.Tactic.Linter.FlexibleLinter (5.4s)
✔ [222/242] Built Mathlib.Tactic.Linter.DocString (3.6s)
✔ [223/242] Built Mathlib.Tactic.Linter.DocPrime (4.2s)
✔ [224/242] Built Mathlib.Tactic.Linter.AuxLemma (2.2s)
✔ [225/242] Built Mathlib.Tactic.Linter.DeprecatedSyntaxLinter (3.6s)
✔ [226/242] Built Mathlib.Tactic.Lemma (1.6s)
✔ [227/242] Built Mathlib.Lean.Linter (1.8s)
✔ [228/242] Built Mathlib.Tactic.AdaptationNote (2.4s)
✔ [229/242] Built ImportGraph.Tools (1.8s)
✔ [230/242] Built Mathlib.Tactic.ExtractGoal (3.2s)
✔ [231/242] Built Mathlib.Tactic.Linter.Lint (2.2s)
✔ [232/297] Built Mathlib.Tactic.Linter.UnusedTactic (2.6s)
✔ [235/323] Built Mathlib.Lean.Elab.InfoTree (2.2s)
✔ [236/323] Built Mathlib.Lean.ContextInfo (2.2s)
✔ [237/323] Built Mathlib.Tactic.Linter.Style (4.6s)
✔ [238/325] Built Aesop.Script.Tactic (1.3s)
✔ [239/328] Built Aesop.Script.GoalWithMVars (1.3s)
✔ [240/328] Built Aesop.Nanos (1.6s)
✔ [241/328] Built Mathlib.Tactic.Linter.UnusedInstancesInType (2.9s)
✔ [242/332] Built Aesop.Util.UnorderedArraySet (1.6s)
✔ [243/334] Built Mathlib.Tactic.TacticAnalysis (3.1s)
✔ [244/334] Built Aesop.Script.TacticState (1.8s)
✔ [245/334] Built Aesop.Index.DiscrTreeConfig (1.3s)
✔ [246/334] Built Aesop.Check (1.9s)
✔ [247/337] Built Mathlib.Tactic.Linter.OverlappingInstances (4.4s)
✔ [248/338] Built Aesop.Rule.Name (1.9s)
✔ [249/339] Built Mathlib.Tactic.TacticAnalysis.Declarations (6.5s)
✔ [250/339] Built Aesop.Util.Basic (4.9s)
✔ [251/342] Built Aesop.Options.Public (1.7s)
✔ [252/342] Built Aesop.Script.OptimizeSyntax (1.0s)
✔ [253/344] Built Aesop.Util.EqualUpToIds (8.0s)
✔ [254/344] Built Mathlib.Init (2.2s)
✔ [255/344] Built Aesop.Options.Internal (1.1s)
✔ [256/344] Built Aesop.Tracing (2.6s)
✔ [257/344] Built Aesop.Script.Util (1.8s)
✔ [258/344] Built Mathlib.Data.Option.Defs (2.2s)
✔ [259/344] Built Mathlib.Control.Combinators (2.4s)
✔ [260/344] Built Mathlib.Tactic.Substs (2.9s)
✔ [261/344] Built Mathlib.Tactic.Spread (3.8s)
✔ [262/344] Built Mathlib.Util.WithWeakNamespace (2.9s)
✔ [263/344] Built Mathlib.Lean.Elab.Term (2.0s)
✔ [264/344] Built Mathlib.Tactic.SimpRw (3.0s)
✔ [265/344] Built Mathlib.Tactic.Core (4.1s)
✔ [266/344] Built Mathlib.Tactic.Use (4.8s)
✔ [267/344] Built Mathlib.Util.CompileInductive (5.1s)
✔ [268/344] Built Mathlib.Tactic.Inhabit (2.8s)
✔ [269/344] Built Mathlib.Logic.IsEmpty.Defs (2.8s)
✔ [270/344] Built Mathlib.Logic.Nonempty (2.8s)
✔ [271/344] Built Mathlib.Tactic.Push.Attr (4.0s)
✔ [272/344] Built Mathlib.Logic.ExistsUnique (4.1s)
✔ [273/344] Built Mathlib.Tactic.Attr.Register (4.1s)
✔ [274/344] Built Mathlib.Tactic.ExtendDoc (3.1s)
✔ [275/344] Built Mathlib.Lean.PrettyPrinter.Delaborator (3.5s)
✔ [276/344] Built Mathlib.Tactic.CrossRefAttribute (4.2s)
✔ [277/344] Built Mathlib.Data.Nat.Notation (2.8s)
✔ [278/344] Built Mathlib.Tactic.OfNat (2.6s)
✔ [279/344] Built Mathlib.Util.AddRelatedDecl (4.2s)
✔ [280/344] Built Mathlib.Lean.Name (3.2s)
✔ [281/344] Built Mathlib.Lean.Meta (3.3s)
✔ [282/344] Built Mathlib.Data.Nat.BinaryRec (3.4s)
✔ [283/344] Built Mathlib.Data.Int.Notation (2.9s)
✔ [284/344] Built Mathlib.Data.String.Defs (2.4s)
✔ [285/344] Built Mathlib.Tactic.Translate.Attributes (2.4s)
✔ [286/344] Built Mathlib.Tactic.Translate.UnfoldBoundary (5.2s)
✔ [287/344] Built Mathlib.Tactic.Eqns (2.4s)
✔ [288/344] Built Mathlib.Lean.Meta.Simp (3.2s)
✔ [289/344] Built Mathlib.Tactic.Translate.Reorder (7.2s)
✔ [290/344] Built Mathlib.Tactic.Simps.NotationClass (3.5s)
✔ [291/344] Built Aesop.Script.Step (3.1s)
✔ [292/344] Built Aesop.Stats.Basic (4.1s)
✔ [293/344] Built Mathlib.Tactic.SplitIfs (3.4s)
✔ [294/344] Built Mathlib.Logic.Nontrivial.Defs (2.6s)
✔ [295/344] Built Mathlib.Logic.Function.Defs (3.4s)
✔ [296/344] Built Mathlib.Tactic.ScopedNS (6.1s)
✔ [297/344] Built Mathlib.Tactic.Translate.GuessName (3.5s)
✔ [298/344] Built Mathlib.Tactic.MkIffOfInductiveProp (5.2s)
✔ [299/344] Built Aesop.Script.SScript (2.7s)
✔ [300/344] Built Mathlib.Logic.Basic (6.1s)
✔ [301/344] Built Aesop.Script.UScript (2.9s)
✔ [302/344] Built Mathlib.Logic.Relator (2.9s)
✔ [303/344] Built Mathlib.Tactic.SetNotationForOrder (6.8s)
✔ [304/344] Built Mathlib.Tactic.Simps.Basic (15s)
✔ [305/348] Built Aesop.Script.Check (2.3s)
✔ [306/349] Built Aesop.Script.UScriptToSScript (4.2s)
✔ [307/349] Built Aesop.Forward.LevelIndex (1.6s)
✔ [308/349] Built Aesop.Forward.PremiseIndex (1.6s)
✔ [309/349] Built Aesop.Script.StructureStatic (3.2s)
✔ [310/349] Built Aesop.Script.StructureDynamic (5.2s)
✔ [311/353] Built Aesop.Percent (1.5s)
✔ [312/355] Built Aesop.Script.Main (2.3s)
✔ [313/360] Built Mathlib.Util.Notation3 (21s)
✔ [314/364] Built Aesop.Forward.Substitution (3.3s)
✔ [315/364] Built Aesop.Forward.SlotIndex (1.4s)
✔ [316/364] Built Mathlib.Tactic.Translate.Core (22s)
✔ [317/364] Built Aesop.Util.UnionFind (1.7s)
✔ [318/364] Built Aesop.RuleTac.RuleTerm (1.6s)
✔ [319/366] Built Aesop.RulePattern.Cache (1.6s)
✔ [320/366] Built Aesop.Index.Basic (1.0s)
✔ [321/366] Built Aesop.Script.CtorNames (2.4s)
✔ [322/368] Built Aesop.ElabM (1.7s)
✔ [323/368] Built Mathlib.Tactic.Translate.TagUnfoldBoundary (3.3s)
✔ [324/369] Built Aesop.BaseM (1.7s)
✔ [325/369] Built Mathlib.Tactic.Translate.ToAdditive (3.4s)
✔ [326/369] Built Aesop.Util.Tactic (1.4s)
✔ [327/372] Built Aesop.RuleTac.ElabRuleTerm (2.3s)
✔ [328/372] Built Aesop.Util.Tactic.Ext (2.6s)
✔ [329/375] Built Aesop.Script.ScriptM (1.8s)
✔ [330/375] Built Mathlib.Tactic.Translate.ToDual (4.1s)
✔ [331/375] Built Aesop.RuleTac.GoalDiff (3.3s)
✔ [332/375] Built Aesop.Util.Unfold (2.4s)
✔ [333/377] Built Mathlib.Tactic.ToAdditive (2.9s)
✔ [334/377] Built Aesop.RulePattern (4.5s)
✔ [335/377] Built Aesop.RuleTac.Forward.Basic (2.5s)
✔ [336/377] Built Aesop.RuleTac.Basic (2.1s)
✔ [337/381] Built Aesop.Constants (1.2s)
✔ [338/381] Built Aesop.Util.Tactic.Unfold (2.3s)
✔ [339/381] Built Mathlib.Tactic.ToDual (2.0s)
✔ [340/381] Built Aesop.EMap (2.6s)
✔ [341/381] Built Mathlib.Algebra.Notation.Defs (3.7s)
✔ [342/381] Built Aesop.Forward.RuleInfo (3.7s)
✔ [343/381] Built Mathlib.Order.Defs.Prop (2.5s)
✔ [344/381] Built Aesop.Script.SpecificTactics (5.7s)
✔ [345/385] Built Mathlib.Algebra.Notation.Pi.Defs (3.6s)
✔ [346/385] Built Mathlib.Data.Set.Defs (4.0s)
✔ [347/387] Built Aesop.Rule.Forward (2.0s)
✔ [348/389] Built Aesop.Util.OrderedHashSet (1.4s)
✔ [349/389] Built Mathlib.Algebra.Regular.Defs (2.0s)
✔ [350/393] Built Aesop.RuleSet.Name (1.1s)
✔ [351/393] Built Aesop.Forward.Match.Types (1.8s)
✔ [352/395] Built Mathlib.Order.Defs.Unbundled (3.6s)
✔ [353/395] Built Aesop.Index.RulePattern (2.8s)
✔ [354/395] Built Aesop.RuleSet.Filter (1.6s)
✔ [355/396] Built Aesop.RuleTac.Descr (1.9s)
✔ [356/397] Built Aesop.Index.Forward (2.4s)
✔ [357/398] Built Aesop.Rule.Basic (2.0s)
✔ [358/398] Built Mathlib.Logic.Function.Basic (6.8s)
✔ [359/399] Built Aesop.RuleTac.Apply (2.7s)
✔ [360/399] Built Mathlib.Logic.Relation (6.2s)
✔ [361/400] Built Aesop.Rule (2.1s)
✔ [362/400] Built Aesop.Index (3.5s)
✔ [363/400] Built Aesop.RuleTac.Cases (2.5s)
✔ [364/400] Built Mathlib.Algebra.Group.Defs (12s)
✔ [365/400] Built Mathlib.Algebra.Notation.Pi.Basic (3.1s)
✔ [366/400] Built Mathlib.Logic.IsEmpty.Basic (2.5s)
✔ [367/402] Built Mathlib.Logic.Function.Conjugate (2.6s)
✔ [368/402] Built Mathlib.Data.Sum.Basic (3.5s)
✔ [369/402] Built Aesop.RuleTac.Preprocess (1.8s)
✔ [370/402] Built Mathlib.Logic.Unique (3.1s)
✔ [371/402] Built Mathlib.Data.Subtype (3.4s)
✔ [372/402] Built Aesop.RuleSet.Member (1.7s)
✔ [373/403] Built Aesop.Tree.UnsafeQueue (2.0s)
✔ [374/403] Built Aesop.Forward.Match (4.6s)
✔ [375/404] Built Mathlib.Algebra.Group.Semiconj.Defs (3.4s)
✔ [376/404] Built Aesop.RuleTac.Tactic (2.5s)
✔ [377/404] Built Mathlib.Logic.Function.Iterate (3.3s)
✔ [378/406] Built Aesop.Search.Expansion.Basic (2.1s)
✔ [379/406] Built Mathlib.Data.FunLike.Basic (3.3s)
✔ [380/406] Built Mathlib.Data.Quot (5.5s)
✔ [381/406] Built Mathlib.Algebra.Group.Pi.Basic (5.0s)
✔ [382/406] Built Aesop.Tree.Data.ForwardRuleMatches (2.3s)
✔ [383/407] Built Aesop.Search.Expansion.Simp (1.7s)
✔ [384/409] Built Aesop.RuleTac.Forward (4.3s)
✔ [385/411] Built Mathlib.Algebra.Group.Commute.Defs (3.3s)
✔ [386/412] Built Mathlib.Data.FunLike.Embedding (2.2s)
✔ [387/413] Built Aesop.RuleTac (1.4s)
✔ [388/423] Built Aesop.Exception (1.4s)
✔ [389/425] Built Aesop.Builder.Basic (1.9s)
✔ [390/426] Built Mathlib.Data.FunLike.Equiv (2.6s)
✔ [391/426] Built Aesop.Builder.Constructors (1.6s)
✔ [392/428] Built Aesop.Builder.Cases (1.7s)
✔ [393/429] Built Aesop.RuleSet (7.4s)
✔ [394/429] Built Aesop.Builder.NormSimp (1.7s)
✔ [395/429] Built Aesop.Builder.Apply (2.9s)
✔ [396/432] Built Aesop.Builder.Tactic (3.3s)
✔ [397/433] Built Aesop.Forward.State (14s)
✔ [398/433] Built Aesop.Frontend.Extension.Init (1.9s)
✔ [399/435] Built Aesop.Builder.Default (1.8s)
✔ [400/435] Built Mathlib.Logic.Equiv.Defs (7.9s)
✔ [401/435] Built Aesop.Builder.Unfold (1.9s)
✔ [402/435] Built Aesop.Stats.Extension (1.5s)
✔ [403/435] Built Aesop.Builder.Forward (4.1s)
✔ [404/436] Built Aesop.Forward.State.Initial (1.7s)
✔ [405/436] Built Aesop.Forward.State.ApplyGoalDiff (1.9s)
✔ [406/436] Built Aesop.Frontend.Extension (2.1s)
✔ [407/437] Built Aesop.Tree.Data (3.3s)
✔ [408/439] Built Aesop.Stats.File (1.5s)
✔ [409/439] Built Aesop.Tree.Traversal (1.6s)
✔ [410/439] Built Aesop.Tree.TreeM (2.5s)
✔ [411/439] Built Mathlib.Algebra.Opposites (3.0s)
✔ [412/439] Built Aesop.Tree.RunMetaM (1.8s)
✔ [413/439] Built Aesop.Search.Queue.Class (1.6s)
✔ [414/442] Built Aesop.Frontend.Basic (1.2s)
✔ [415/442] Built Aesop.Frontend.RuleExpr (5.6s)
✔ [416/442] Built Aesop.Stats.Report (1.0s)
✔ [417/442] Built Aesop.Tree.State (2.0s)
✔ [418/442] Built Aesop.Tree.Stats (1.8s)
✔ [419/442] Built Aesop.Tree.Free (1.4s)
✔ [420/442] Built Aesop.Tree.ExtractProof (2.9s)
✔ [421/442] Built Aesop.Tree.ExtractScript (3.5s)
✔ [422/442] Built Aesop.Forward.State.UpdateGoal (1.7s)
✔ [423/442] Built Aesop.Tree.AddRapp (5.5s)
✔ [424/442] Built Mathlib.Algebra.Group.Action.Defs (6.0s)
✔ [425/443] Built Aesop.Tree.Tracing (3.4s)
✔ [426/443] Built Aesop.Search.Queue (1.0s)
✔ [427/443] Built Aesop.Search.SearchM (1.8s)
✔ [428/443] Built Aesop.Frontend.Attribute (2.6s)
✔ [429/444] Built Aesop.Frontend.Tactic (3.0s)
✔ [430/444] Built Aesop.Frontend.Command (3.4s)
✔ [431/445] Built Aesop.Tree.Check (2.8s)
✔ [432/445] Built Mathlib.Algebra.Group.Action.Faithful (2.6s)
✔ [433/445] Built Aesop.Search.RuleSelection (1.7s)
✔ [434/446] Built Aesop.BuiltinRules.Assumption (2.2s)
✔ [435/447] Built Aesop.BuiltinRules.ApplyHyps (1.0s)
✔ [436/448] Built Aesop.BuiltinRules.DestructProducts (2.2s)
✔ [437/449] Built Aesop.BuiltinRules.Ext (1.6s)
✔ [438/453] Built Aesop.BuiltinRules.Intros (1.6s)
✔ [439/454] Built Aesop.BuiltinRules.Rfl (1.4s)
✔ [440/454] Built Aesop.BuiltinRules.Split (1.5s)
✔ [441/454] Built Aesop.Saturate (11s)
✔ [442/454] Built Aesop.BuiltinRules.Subst (1.8s)
✔ [443/454] Built Aesop.Search.Expansion.Norm (6.6s)
✔ [444/457] Built Mathlib.Data.Prod.Basic (3.1s)
✔ [445/459] Built Aesop.Frontend.Saturate (2.0s)
✔ [446/459] Built Aesop.BuiltinRules (2.0s)
✔ [447/459] Built Aesop.Frontend (1.6s)
✔ [448/459] Built Mathlib.Data.Ordering.Basic (1.8s)
✔ [451/464] Built Mathlib.Order.Defs.PartialOrder (3.1s)
✔ [452/465] Built Qq.ForLean.ToExpr (1.8s)
✔ [453/468] Built Qq.ForLean.ReduceEval (1.0s)
✔ [454/470] Built Aesop.Search.Expansion (4.9s)
✔ [455/474] Built Qq.Typ (1.7s)
✔ [456/474] Built Qq.ForLean.Do (2.9s)
✔ [457/477] Built Qq.SortLocalDecls (2.8s)
✔ [458/483] Built Aesop.Search.ExpandSafePrefix (5.6s)
✔ [459/483] Built Mathlib.Order.Defs.LinearOrder (6.0s)
✔ [460/483] Built Mathlib.Tactic.GCongr.ForwardAttr (4.0s)
✔ [461/485] Built Mathlib.Lean.Meta.CongrTheorems (9.1s)
✔ [462/485] Built Mathlib.Tactic.FastInstance (6.1s)
✔ [463/485] Built Aesop.Search.Main (12s)
✔ [464/485] Built Qq.Macro (17s)
✔ [465/486] Built Mathlib.Logic.Function.ULift (3.0s)
✔ [466/489] Built Aesop.Main (5.3s)
✔ [467/489] Built Mathlib.Tactic.CongrExclamation (7.0s)
✔ [468/489] Built Qq.Commands (3.8s)
✔ [469/489] Built Mathlib.Tactic.GCongr.Core (15s)
✔ [470/491] Built Aesop (2.8s)
✔ [471/491] Built Qq.Delab (5.9s)
✔ [472/491] Built Mathlib.Tactic.Conv (6.5s)
✔ [473/491] Built Mathlib.Util.AtLocation (5.5s)
✔ [474/492] Built Mathlib.Tactic.Finiteness.Attr (5.7s)
✔ [475/493] Built Mathlib.Data.Option.Basic (7.6s)
✔ [476/493] Built Qq.MetaM (5.5s)
✔ [477/493] Built Mathlib.Tactic.Convert (12s)
✔ [478/493] Built Mathlib.Logic.Pairwise (5.6s)
✔ [479/493] Built Mathlib.Data.Bool.Basic (6.0s)
✔ [480/496] Built Qq.AssertInstancesCommute (6.6s)
✔ [481/496] Built Qq.Simp (2.9s)
✔ [482/498] Built Qq.MatchImpl (3.8s)
✔ [483/502] Built Mathlib.Tactic.Push (12s)
✔ [484/504] Built Mathlib.Data.Set.CoeSort (3.2s)
✔ [485/505] Built Mathlib.Data.Nat.Init (6.4s)
✔ [486/505] Built Mathlib.Tactic.ByCases (3.3s)
✔ [487/512] Built Mathlib.Tactic.ToExpr (2.8s)
✔ [488/512] Built Mathlib.Tactic.Coe (2.0s)
✔ [489/512] Built Mathlib.Data.Nat.Basic (3.6s)
✔ [490/515] Built Mathlib.Data.Int.Order.Basic (3.9s)
✔ [491/517] Built Qq.Match (12s)
✔ [492/519] Built Mathlib.Tactic.Choose (5.7s)
✔ [493/519] Built Mathlib.Tactic.Contrapose (4.2s)
✔ [494/519] Built Mathlib.Tactic.FBinop (5.0s)
✔ [495/519] Built Qq (1.7s)
✔ [496/519] Built Mathlib.Tactic.Lift (3.5s)
✔ [497/526] Built Mathlib.Data.SProd (2.3s)
✔ [498/529] Built Mathlib.Tactic.ByContra (3.1s)
✔ [499/531] Built Mathlib.Tactic.Simproc.ExistsAndEq (5.2s)
✔ [500/537] Built Mathlib.Tactic.CasesM (3.7s)
✔ [501/537] Built Mathlib.Order.Notation (4.6s)
✔ [502/540] Built Mathlib.Control.EquivFunctor (3.0s)
✔ [503/540] Built Mathlib.Data.Sigma.Basic (3.3s)
✔ [504/540] Built Mathlib.Tactic.Tauto (6.3s)
✔ [505/540] Built Mathlib.Data.Set.Operations (5.3s)
✔ [506/544] Built Mathlib.Tactic.GRewrite.Core (15s)
✔ [507/546] Built Mathlib.Logic.Equiv.Option (3.0s)
✔ [508/546] Built Mathlib.Order.Basic (8.0s)
✔ [509/550] Built Mathlib.Tactic.GRewrite.Elab (5.0s)
✔ [510/550] Built Mathlib.Order.ULift (2.9s)
✔ [511/550] Built Mathlib.Order.Monotone.Defs (4.9s)
✔ [512/550] Built Mathlib.Order.OrderDual (3.6s)
✔ [513/555] Built Mathlib.Algebra.Group.Hom.Defs (11s)
✔ [514/555] Built Mathlib.Tactic.GRewrite (2.4s)
✔ [515/555] Built Mathlib.Logic.Equiv.Prod (23s)
✔ [516/555] Built Mathlib.Order.RelClasses (5.2s)
✔ [517/555] Built Mathlib.Order.Compare (3.6s)
✔ [518/555] Built Mathlib.Tactic.DepRewrite (9.0s)
✔ [519/557] Built Mathlib.Order.Max (4.3s)
✔ [520/557] Built Mathlib.Algebra.Notation.Prod (3.2s)
✔ [521/557] Built Mathlib.Logic.Equiv.Sum (4.4s)
✔ [522/557] Built Mathlib.Data.Int.Init (4.4s)
✔ [523/557] Built Mathlib.Algebra.Group.Equiv.Defs (7.6s)
✔ [524/557] Built Mathlib.Order.Monotone.Basic (6.5s)
✔ [525/558] Built Mathlib.Order.BoundedOrder.Basic (5.7s)
✔ [526/559] Built Mathlib.Algebra.Group.InjSurj (7.2s)
✔ [527/559] Built Mathlib.Logic.Equiv.Basic (8.7s)
✔ [528/562] Built Mathlib.Order.GaloisConnection.Defs (5.2s)
✔ [529/564] Built Mathlib.Order.Lattice (11s)
✔ [530/564] Built Mathlib.Tactic.Subsingleton (3.9s)
✔ [531/564] Built Mathlib.Algebra.Group.Units.Defs (7.5s)
✔ [532/564] Built Mathlib.Tactic.Attr.Core (1.0s)
✔ [533/568] Built Mathlib.Algebra.Group.Basic (14s)
✔ [535/568] Built Mathlib.Order.BoundedOrder.Lattice (3.3s)
✔ [536/568] Built Mathlib.Algebra.Group.Torsion (3.4s)
✔ [538/568] Built Mathlib.Tactic.TermCongr (6.7s)
✔ [539/568] Built Mathlib.Algebra.Group.Hom.Basic (5.6s)
✔ [540/569] Built Mathlib.Algebra.Group.Units.Basic (7.0s)
✔ [541/569] Built Mathlib.Order.Disjoint (6.0s)
✔ [542/570] Built Mathlib.Algebra.Group.Opposite (5.4s)
✔ [543/570] Built Mathlib.Algebra.Group.TypeTags.Basic (6.1s)
✔ [544/571] Built Mathlib.Algebra.Group.Equiv.Basic (6.4s)
✔ [545/574] Built Plausible.Random (2.4s)
✔ [546/574] Built Plausible.Shrinkable (1.7s)
✔ [547/576] Built Mathlib.Algebra.Group.Units.Hom (6.3s)
✔ [548/577] Built Mathlib.Order.PropInstances (3.7s)
✔ [549/577] Built Plausible.Gen (2.0s)
✔ [550/577] Built Mathlib.Algebra.Group.TypeTags.Hom (4.4s)
✔ [551/577] Built Plausible.Attr (1.2s)
✔ [552/577] Built Mathlib.Algebra.Group.Units.Equiv (4.3s)
✔ [553/579] Built Plausible.Arbitrary (2.2s)
✔ [554/583] Built Mathlib.Data.Set.Basic (7.3s)
✔ [555/583] Built Mathlib.Algebra.Group.Prod (10s)
✔ [556/583] Built Plausible.Sampleable (2.1s)
✔ [557/583] Built Plausible.ArbitraryFueled (1.2s)
✔ [558/583] Built Mathlib.Order.Heyting.Basic (10s)
✔ [559/583] Built Mathlib.Algebra.Group.Equiv.TypeTags (6.2s)
✔ [561/583] Built Plausible.Functions (1.7s)
✔ [562/583] Built Mathlib.Data.Set.Inclusion (2.6s)
✔ [563/583] Built Mathlib.Data.Set.Disjoint (3.3s)
✔ [564/583] Built Plausible.DeriveShrinkable (3.8s)
✔ [566/585] Built Plausible.Testable (4.1s)
✔ [567/585] Built Plausible.DeriveArbitrary (4.2s)
✔ [568/587] Built Mathlib.Order.BooleanAlgebra.Defs (3.5s)
✔ [569/588] Built LeanSearchClient.Basic (1.5s)
✔ [570/588] Built Plausible.Tactic (2.8s)
✔ [571/590] Built Mathlib.Data.Set.Insert (5.9s)
✔ [572/590] Built Plausible (2.1s)
✔ [573/591] Built Mathlib.Tactic.ApplyCongr (2.0s)
✔ [574/591] Built LeanSearchClient.Syntax (5.3s)
✔ [575/593] Built Mathlib.Lean.Meta.Basic (2.7s)
✔ [576/594] Built Mathlib.Tactic.ApplyWith (2.8s)
✔ [577/594] Built Mathlib.Order.BooleanAlgebra.Basic (9.1s)
✔ [578/595] Built Mathlib.Data.Set.Subsingleton (4.8s)
✔ [579/595] Built Mathlib.Tactic.ApplyAt (2.5s)
✔ [580/596] Built LeanSearchClient.LoogleSyntax (3.8s)
✔ [581/596] Built Mathlib.Tactic.PPWithUniv (2.8s)
✔ [582/597] Built Mathlib.Tactic.Check (3.7s)
✔ [583/597] Built Mathlib.Tactic.ClearExclamation (2.8s)
✔ [584/597] Built Mathlib.Tactic.ClearExcept (3.6s)
✔ [585/597] Built Mathlib.Tactic.Basic (5.1s)
✔ [586/605] Built Mathlib.Order.BooleanAlgebra.Set (9.2s)
✔ [587/605] Built Mathlib.Order.SymmDiff (8.9s)
✔ [588/605] Built LeanSearchClient (2.6s)
✔ [595/605] Built Mathlib.Tactic.Clear_ (2.8s)
✔ [598/619] Built ProofWidgets.Compat (1.5s)
✔ [599/619] Built ProofWidgets.Util (2.2s)
✔ [600/620] Built Mathlib.Data.Set.SymmDiff (3.3s)
✔ [601/622] Built Mathlib.Tactic.NthRewrite (2.6s)
✔ [602/629] Built Mathlib.Control.Basic (3.0s)
✔ [603/629] Built ProofWidgets.Component.Basic (2.6s)
✔ [604/629] Built Mathlib.Lean.FoldEnvironment (2.9s)
✔ [605/629] Built Mathlib.Lean.Meta.RefinedDiscrTree.Basic (3.8s)
✔ [606/631] Built ProofWidgets.Component.Panel.Basic (2.7s)
✔ [607/632] Built ProofWidgets.Component.MakeEditLink (2.0s)
✔ [608/632] Built Mathlib.Lean.Meta.RefinedDiscrTree.Initialize (4.5s)
✔ [609/633] Built ProofWidgets.Data.Html (8.6s)
✔ [610/633] Built Mathlib.Lean.Meta.RefinedDiscrTree.Encode (3.9s)
✔ [611/633] Built Mathlib.Data.Set.Image (12s)
✔ [612/633] Built Mathlib.Lean.GoalsLocation (2.3s)
✔ [613/633] Built Mathlib.Tactic.Widget.SelectInsertParamsClass (2.8s)
✔ [614/638] Built ProofWidgets.Component.RefreshComponent (2.6s)
✔ [615/638] Built ProofWidgets.Component.FilterDetails (1.8s)
✔ [616/638] Built Mathlib.Lean.Meta.KAbstractPositions (2.4s)
✔ [617/638] Built Mathlib.Lean.Meta.RefinedDiscrTree.Lookup (3.9s)
✔ [618/638] Built Mathlib.Tactic.Widget.SelectPanelUtils (3.1s)
✔ [619/640] Built Mathlib.Data.Set.Restrict (4.5s)
✔ [620/640] Built ProofWidgets.Cancellable (2.9s)
✔ [621/640] Built Mathlib.Lean.Meta.RefinedDiscrTree (2.7s)
✔ [622/640] Built Mathlib.Tactic.CongrM (4.6s)
✔ [623/643] Built Mathlib.Tactic.Constructor (3.5s)
✔ [624/644] Built Mathlib.Data.Set.Prod (10s)
✔ [625/645] Built ProofWidgets.Component.OfRpcMethod (2.9s)
✔ [626/645] Built Mathlib.Lean.MessageData.Trace (2.7s)
✔ [627/645] Built Mathlib.Tactic.ClickSuggestions.Util (9.7s)
✔ [628/646] Built Mathlib.Tactic.DefEqTransformations (5.1s)
✔ [629/646] Built Mathlib.Tactic.DeprecateTo (4.6s)
✔ [630/647] Built Mathlib.Tactic.DSimpPercent (3.4s)
✔ [631/647] Built Mathlib.Tactic.Widget.Conv (7.9s)
✔ [632/647] Built Mathlib.Tactic.ClickSuggestions.Unfold (4.3s)
✔ [633/648] Built Mathlib.Data.Set.Function (10s)
✔ [634/648] Built Mathlib.Tactic.DefEqAbuse (6.5s)
✔ [635/649] Built Mathlib.Tactic.ClickSuggestions.SectionState (3.6s)
✔ [636/649] Built Mathlib.Tactic.ExistsI (2.5s)
✔ [637/649] Built Mathlib.Tactic.ErwQuestion (4.3s)
✔ [638/649] Built Mathlib.Data.Set.Piecewise (4.7s)
✔ [639/649] Built Mathlib.Tactic.FailIfNoProgress (4.3s)
✔ [640/649] Built Mathlib.Tactic.ClickSuggestions.ApplyAt (4.7s)
✔ [641/650] Built Mathlib.Tactic.ClickSuggestions.Apply (4.3s)
✔ [642/650] Built Mathlib.Tactic.Find (3.4s)
✔ [643/653] Built Mathlib.Tactic.ClickSuggestions.Rewrite (6.5s)
✔ [644/653] Built Mathlib.Tactic.ClickSuggestions.GRewrite (7.4s)
✔ [645/653] Built Mathlib.Algebra.Group.Action.Pi (5.9s)
✔ [646/662] Built Mathlib.Tactic.FunProp.Decl (4.8s)
✔ [647/663] Built Mathlib.Tactic.FunProp.Mor (4.0s)
✔ [648/664] Built Mathlib.Tactic.GCongr.CoreAttrs (2.8s)
✔ [649/665] Built Mathlib.Tactic.FunProp.ToBatteries (5.7s)
✔ [650/666] Built Mathlib.Tactic.Hint (3.6s)
✔ [651/666] Built Mathlib.Tactic.ClickSuggestions.FindPremises (5.8s)
✔ [652/666] Built Mathlib.Tactic.GuardGoalNums (2.6s)
✔ [653/667] Built Mathlib.Tactic.GrindAttrs (3.3s)
✔ [654/667] Built Mathlib.Tactic.GuardHypNums (2.7s)
✔ [655/667] Built Mathlib.Tactic.GCongr (2.7s)
✔ [656/669] Built Mathlib.Tactic.FunProp.FunctionData (4.3s)
✔ [657/669] Built Mathlib.Tactic.HigherOrder (3.6s)
✔ [658/671] Built Mathlib.Tactic.InferParam (2.5s)
✔ [659/672] Built Mathlib.Util.TermReduce (3.0s)
✔ [660/674] Built Mathlib.Tactic.FunProp.Types (3.0s)
✔ [661/674] Built Mathlib.Tactic.ClickSuggestions.TryPremises (6.0s)
✔ [662/674] Built Mathlib.Tactic.Linter.HaveLetLinter (2.0s)
✔ [663/675] Built Mathlib.Tactic.Linter.MinImports (3.1s)
✔ [664/675] Built Mathlib.Tactic.Linter.PPRoundtrip (2.7s)
✔ [665/676] Built Mathlib.Tactic.IrreducibleDef (4.5s)
✔ [666/677] Built Mathlib.Tactic.Linter.UpstreamableDecl (2.7s)
✔ [667/678] Built Mathlib.Tactic.FunProp.Theorems (4.2s)
✔ [668/678] Built Mathlib.Tactic.Linter (2.2s)
✔ [669/679] Built Mathlib.Tactic.RSuffices (2.6s)
✔ [670/679] Built Mathlib.Tactic.Observe (3.5s)
✔ [671/679] Built Mathlib.Tactic.ClickSuggestions (4.6s)
✔ [672/679] Built Mathlib.Tactic.FunProp.Attr (2.6s)
✔ [673/683] Built Mathlib.Tactic.Recover (3.2s)
✔ [674/683] Built Mathlib.Tactic.Relation.Rfl (2.5s)
✔ [675/684] Built Mathlib.Util.Tactic (2.2s)
✔ [676/685] Built Mathlib.Tactic.Rename (2.6s)
✔ [677/685] Built Mathlib.Tactic.Says (3.6s)
✔ [678/686] Built Mathlib.Tactic.RenameBVar (2.4s)
✔ [679/687] Built Mathlib.Tactic.Set (3.6s)
✔ [680/688] Built Mathlib.Tactic.SimpIntro (2.9s)
✔ [681/689] Built Mathlib.Tactic.SuccessIfFailWithMsg (2.2s)
✔ [682/690] Built Mathlib.Tactic.SudoSetOption (2.1s)
✔ [683/691] Built Mathlib.Tactic.SwapVar (2.0s)
✔ [684/692] Built Mathlib.Tactic.FunProp.Core (11s)
✔ [685/693] Built Mathlib.Tactic.ToFun (2.7s)
✔ [686/693] Built Mathlib.Tactic.ToLevel (2.1s)
✔ [687/694] Built Mathlib.Tactic.Trace (2.3s)
✔ [688/695] Built Mathlib.Tactic.UnsetOption (2.3s)
✔ [689/696] Built Mathlib.Tactic.Widget.CongrM (2.6s)
✔ [690/697] Built Mathlib.Tactic.FunProp.Elab (4.1s)
✔ [691/697] Built Mathlib.Tactic.Variable (5.3s)
✔ [692/698] Built Mathlib.Tactic.Widget.Calc (5.2s)
✔ [693/699] Built Mathlib.Tactic.WLOG (3.5s)
✔ [694/702] Built Mathlib.Tactic.FunProp (2.3s)
✔ [695/702] Built Mathlib.Util.TransImports (2.5s)
✔ [696/703] Built Mathlib.Util.PrintSorries (2.9s)
✔ [697/708] Built Mathlib.Util.CountHeartbeats (4.5s)
✔ [698/708] Built Mathlib.Tactic.Widget.LibraryRewrite (7.7s)
✔ [699/711] Built Mathlib.Util.WhatsNew (2.5s)
✔ [700/715] Built Mathlib.Algebra.NeZero (2.3s)
✔ [701/715] Built Mathlib.Algebra.GroupWithZero.Defs (3.4s)
✔ [702/718] Built Mathlib.Algebra.Group.Action.Opposite (5.1s)
✔ [703/720] Built Mathlib.Algebra.GroupWithZero.NeZero (2.5s)
✔ [704/720] Built Mathlib.Data.Nat.Cast.Defs (3.2s)
✔ [705/720] Built Mathlib.Tactic.Common (4.6s)
✔ [706/720] Built Mathlib.Algebra.Group.Int.Defs (2.4s)
✔ [707/720] Built Mathlib.Data.Int.Basic (3.0s)
✔ [708/720] Built Mathlib.Data.Int.Cast.Defs (2.5s)
✔ [709/720] Built Mathlib.Algebra.GroupWithZero.InjSurj (3.0s)
✔ [710/720] Built Mathlib.Algebra.GroupWithZero.Basic (4.8s)
✔ [711/723] Built Mathlib.Algebra.CharZero.Defs (2.7s)
✔ [712/723] Built Mathlib.Data.Int.Cast.Basic (3.4s)
✔ [713/723] Built Mathlib.Algebra.GroupWithZero.Opposite (4.0s)
✔ [714/725] Built Mathlib.Algebra.Ring.Defs (7.0s)
✔ [715/727] Built Mathlib.Algebra.GroupWithZero.Hom (5.5s)
✔ [716/727] Built Mathlib.Algebra.Group.End (10s)
✔ [717/727] Built Mathlib.Algebra.Group.Nat.Defs (2.5s)
✔ [718/730] Built Mathlib.Algebra.Ring.Int.Defs (3.8s)
✔ [719/730] Built Mathlib.Data.Nat.Sqrt (3.3s)
✔ [720/730] Built Mathlib.Algebra.Group.Equiv.Opposite (6.1s)
✔ [721/730] Built Mathlib.Algebra.Group.Nat.Hom (3.6s)
✔ [722/731] Built Mathlib.Algebra.GroupWithZero.Action.Defs (5.9s)
✔ [723/731] Built Mathlib.Data.Int.Sqrt (4.1s)
✔ [724/736] Built Mathlib.Algebra.Divisibility.Basic (4.8s)
✔ [725/736] Built Mathlib.Algebra.Divisibility.Hom (3.5s)
✔ [726/736] Built Mathlib.Algebra.Module.Defs (4.3s)
✔ [727/739] Built Mathlib.Algebra.Group.Even (5.2s)
✔ [728/739] Built Mathlib.Data.List.TFAE (2.3s)
✔ [729/739] Built Mathlib.Util.AtomM (2.7s)
✔ [730/745] Built Mathlib.Algebra.Group.Hom.Instances (7.2s)
✔ [731/747] Built Mathlib.Algebra.Group.Nat.Even (4.0s)
✔ [732/747] Built Mathlib.Algebra.GroupWithZero.Nat (2.4s)
✔ [733/748] Built Mathlib.Logic.Nontrivial.Basic (2.7s)
✔ [734/748] Built Mathlib.Algebra.Group.Semiconj.Units (3.3s)
✔ [735/748] Built Mathlib.Algebra.Ring.Nat (2.7s)
✔ [736/748] Built Mathlib.Tactic.TFAE (6.9s)
✔ [737/756] Built Mathlib.Algebra.Group.Int.Even (4.8s)
✔ [738/756] Built Mathlib.Algebra.Ring.Semiconj (2.5s)
✔ [739/756] Built Mathlib.Tactic.Nontriviality.Core (3.9s)
✔ [740/756] Built Mathlib.Algebra.Group.Commute.Units (4.2s)
✔ [741/758] Built Mathlib.Algebra.Ring.Basic (4.5s)
✔ [742/758] Built Mathlib.Data.Bracket (2.5s)
✔ [743/758] Built Mathlib.Tactic.Nontriviality (2.4s)
✔ [744/758] Built Mathlib.Data.Rat.Init (2.3s)
✔ [745/758] Built Mathlib.Algebra.Field.Defs (4.1s)
✔ [746/761] Built Mathlib.Algebra.GroupWithZero.Units.Basic (6.3s)
✔ [747/761] Built Mathlib.Algebra.Ring.Hom.Defs (8.2s)
✔ [748/761] Built Mathlib.Algebra.Ring.InjSurj (12s)
✔ [749/766] Built Mathlib.Algebra.Order.Monoid.Unbundled.Defs (4.8s)
✔ [750/766] Built Mathlib.Algebra.Order.ZeroLEOne (2.0s)
✔ [751/767] Built Mathlib.Algebra.GroupWithZero.Semiconj (3.4s)
✔ [752/767] Built Mathlib.Logic.OpClass (2.3s)
✔ [753/767] Built Mathlib.Data.Nat.Cast.Basic (4.7s)
✔ [754/767] Built Mathlib.Algebra.Ring.Units (4.3s)
✔ [755/769] Built Mathlib.Algebra.Order.IsBotOne (4.0s)
✔ [756/771] Built Mathlib.Algebra.GroupWithZero.Commute (3.4s)
✔ [757/772] Built Mathlib.Algebra.Order.GroupWithZero.Defs (5.5s)
✔ [758/775] Built Mathlib.Tactic.Bound.Init (2.6s)
✔ [759/777] Built Mathlib.Algebra.Ring.Commute (4.7s)
✔ [760/779] Built Mathlib.Order.MinMax (5.3s)
✔ [761/779] Built Mathlib.Tactic.Monotonicity.Attr (2.1s)
✔ [762/779] Built Mathlib.Tactic.Bound.Attribute (3.0s)
✔ [763/784] Built Mathlib.Data.Nat.Cast.Commute (3.4s)
✔ [764/784] Built Mathlib.Algebra.Ring.GrindInstances (3.4s)
✔ [765/784] Built Mathlib.Data.Prod.PProd (2.1s)
✔ [766/789] Built Mathlib.Algebra.Ring.Parity (8.3s)
✔ [767/789] Built Mathlib.Algebra.Order.Monoid.Unbundled.Basic (11s)
✔ [768/789] Built Mathlib.Logic.Embedding.Basic (6.5s)
✔ [769/789] Built Mathlib.Order.Lex (3.2s)
✔ [770/789] Built Mathlib.Algebra.Order.GroupWithZero.Basic (14s)
✔ [771/789] Built Mathlib.Algebra.Order.Monoid.Defs (4.8s)
✔ [772/789] Built Mathlib.Data.Int.Cast.Lemmas (6.8s)
✔ [773/789] Built Mathlib.Algebra.Order.Monoid.Unbundled.MinMax (4.9s)
✔ [774/789] Built Mathlib.Algebra.Order.Monoid.NatCast (3.9s)
✔ [775/789] Built Mathlib.Algebra.Order.Monoid.Unbundled.ExistsOfLE (4.1s)
✔ [776/789] Built Mathlib.Algebra.Order.Sub.Defs (4.6s)
✔ [777/792] Built Mathlib.Order.RelIso.Basic (8.6s)
✔ [778/794] Built Mathlib.Algebra.Module.NatInt (6.8s)
✔ [779/795] Built Mathlib.Algebra.Order.Group.Synonym (7.9s)
✔ [780/795] Built Mathlib.Algebra.Order.Group.Int (3.4s)
✔ [781/797] Built Mathlib.Algebra.Order.Group.Unbundled.Basic (10s)
✔ [782/797] Built Mathlib.Order.Bounds.Defs (3.1s)
✔ [783/800] Built Mathlib.Algebra.Order.Monoid.Unbundled.OrderDual (4.4s)
✔ [784/800] Built Mathlib.Algebra.Ring.Int.Parity (7.1s)
✔ [785/800] Built Mathlib.Algebra.Order.Group.Defs (4.5s)
✔ [786/800] Built Mathlib.Data.Int.GCD (6.3s)
✔ [787/803] Built Mathlib.Data.Nat.Cast.NeZero (2.8s)
✔ [788/803] Built Mathlib.Order.Hom.Basic (15s)
✔ [789/804] Built Mathlib.Algebra.Order.Ring.Unbundled.Basic (9.0s)
✔ [790/806] Built Mathlib.Order.Interval.Set.Defs (3.2s)
✔ [791/806] Built Mathlib.Algebra.Order.Monoid.Unbundled.Pow (5.0s)
✔ [792/807] Built Mathlib.Data.Nat.Cast.Order.Basic (5.3s)
✔ [793/807] Built Mathlib.Algebra.Order.Group.OrderIso (4.1s)
✔ [794/807] Built Mathlib.Algebra.Group.WithOne.Defs (4.7s)
✔ [795/807] Built Mathlib.Data.Option.NAry (2.6s)
✔ [796/809] Built Mathlib.Algebra.Order.Ring.Defs (4.3s)
✔ [797/809] Built Mathlib.Algebra.Order.Monoid.Canonical.Defs (4.3s)
✔ [798/809] Built Mathlib.Algebra.GroupWithZero.Regular (2.8s)
✔ [799/809] Built Mathlib.Algebra.GroupWithZero.Equiv (3.0s)
✔ [800/809] Built Mathlib.Algebra.Order.Group.Lattice (3.8s)
✔ [801/809] Built Mathlib.Algebra.Group.WithOne.Map (3.8s)
✔ [802/815] Built Mathlib.Algebra.Order.Archimedean.Defs (3.4s)
✔ [803/815] Built Mathlib.Algebra.Order.Group.Nat (2.7s)
✔ [804/817] Built Mathlib.Order.TypeTags (2.1s)
✔ [805/818] Built Mathlib.Algebra.Regular.Basic (3.8s)
✔ [806/818] Built Mathlib.Algebra.Order.Group.Unbundled.Abs (7.0s)
✔ [807/818] Built Mathlib.Algebra.GroupWithZero.WithZero (7.4s)
✔ [808/822] Built Mathlib.Algebra.Order.Monoid.Units (3.5s)
✔ [809/822] Built Mathlib.Algebra.Order.Monoid.OrderDual (2.8s)
✔ [810/822] Built Mathlib.Algebra.Order.Group.Units (3.1s)
✔ [811/825] Built Mathlib.Algebra.Order.Group.Unbundled.Int (3.7s)
✔ [812/827] Built Mathlib.Algebra.Order.Group.Abs (6.3s)
✔ [813/827] Built Mathlib.Algebra.Order.Monoid.Unbundled.TypeTags (3.2s)
✔ [814/831] Built Mathlib.Algebra.Order.Sub.Unbundled.Basic (3.7s)
✔ [815/831] Built Mathlib.Algebra.Order.Ring.Int (4.9s)
✔ [816/831] Built Mathlib.Algebra.Order.GroupWithZero.Synonym (2.7s)
✔ [817/834] Built Mathlib.Algebra.Order.Monoid.TypeTags (2.6s)
✔ [818/840] Built Mathlib.Algebra.Order.Sub.Basic (3.6s)
✔ [819/841] Built Mathlib.Data.Nat.Find (3.0s)
✔ [820/841] Built Mathlib.Util.PPOptions (2.0s)
✔ [821/841] Built Mathlib.Order.WithBot (19s)
✔ [822/841] Built Mathlib.Algebra.Group.Invertible.Defs (2.9s)
✔ [823/843] Built Mathlib.Data.Int.LeastGreatest (3.2s)
✔ [824/843] Built Mathlib.Algebra.Order.Ring.Synonym (3.4s)
✔ [825/843] Built Mathlib.Algebra.GroupWithZero.Units.Lemmas (3.2s)
✔ [826/844] Built Mathlib.Algebra.Group.Invertible.Basic (3.5s)
✔ [827/845] Built Mathlib.Algebra.GroupWithZero.Units.Equiv (3.4s)
✔ [828/845] Built Mathlib.Algebra.GroupWithZero.Invertible (3.4s)
✔ [829/845] Built Mathlib.Algebra.Order.Ring.Basic (5.7s)
✔ [830/845] Built Mathlib.Algebra.Order.GroupWithZero.OrderIso (4.1s)
✔ [831/850] Built Mathlib.Algebra.Order.Monoid.Unbundled.WithTop (11s)
✔ [832/850] Built Mathlib.Util.Delaborators (12s)
✔ [833/850] Built Mathlib.Algebra.Group.Nat.Units (2.5s)
✔ [834/850] Built Mathlib.Algebra.Ring.Divisibility.Basic (5.2s)
✔ [835/850] Built Mathlib.Algebra.Ring.Invertible (4.5s)
✔ [836/851] Built Mathlib.Algebra.Order.Monoid.WithTop (3.6s)
✔ [837/851] Built Mathlib.Data.Set.Monotone (3.9s)
✔ [838/851] Built Mathlib.Algebra.Group.Int.Units (3.5s)
✔ [839/851] Built Mathlib.Order.Directed (5.1s)
✔ [840/853] Built Mathlib.Algebra.Ring.Int.Units (3.5s)
✔ [841/856] Built Mathlib.Algebra.Order.AddGroupWithTop (5.4s)
✔ [842/856] Built Mathlib.Data.Set.NAry (4.6s)
✔ [843/856] Built Mathlib.Algebra.Field.Basic (8.5s)
✔ [844/860] Built Mathlib.Order.BoundedOrder.Monotone (3.0s)
✔ [845/860] Built Mathlib.Order.Antisymmetrization (5.0s)
✔ [846/862] Built Mathlib.Order.WellFounded (6.2s)
✔ [847/864] Built Mathlib.Logic.Equiv.Set (9.6s)
✔ [848/864] Built Mathlib.Order.Interval.Set.Basic (12s)
✔ [849/868] Built Mathlib.Tactic.HaveI (2.7s)
✔ [850/868] Built Mathlib.Lean.Expr.Rat (3.3s)
✔ [851/868] Built Mathlib.Algebra.Order.GroupWithZero.Canonical (19s)
✔ [852/869] Built Mathlib.Tactic.NormNum.Result (8.2s)
✔ [853/870] Built Mathlib.Util.Qq (2.6s)
✔ [854/870] Built Mathlib.Order.Hom.Set (11s)
✔ [855/872] Built Mathlib.Util.AtomM.Recurse (2.8s)
✔ [856/873] Built Mathlib.Algebra.Order.Ring.Nat (4.2s)
✔ [857/874] Built Mathlib.Tactic.TryThis (2.3s)
✔ [858/874] Built Mathlib.Data.Ineq (1.7s)
✔ [859/876] Built Mathlib.Order.Bounds.Basic (14s)
✔ [860/876] Built Mathlib.Tactic.NormNum.Core (6.3s)
✔ [861/876] Built Mathlib.Data.Nat.Cast.Order.Ring (5.2s)
✔ [862/876] Built Mathlib.Tactic.FieldSimp.Attr (2.7s)
✔ [863/877] Built Mathlib.Util.DischargerAsTactic (2.0s)
✔ [864/877] Built Mathlib.Algebra.Order.Invertible (5.4s)
✔ [865/877] Built Mathlib.Order.Bounds.Image (7.9s)
✔ [866/877] Built Mathlib.Algebra.BigOperators.Group.List.Defs (3.9s)
✔ [867/880] Built Mathlib.Algebra.Order.Ring.Abs (8.1s)
✔ [868/883] Built Mathlib.Algebra.Order.Ring.Cast (7.4s)
✔ [869/883] Built Mathlib.Control.Functor (3.6s)
✔ [870/883] Built Mathlib.Order.Bounds.OrderIso (4.4s)
✔ [871/887] Built Mathlib.Tactic.NormNum.Basic (16s)
✔ [872/889] Built Mathlib.Data.List.Monad (2.3s)
✔ [873/889] Built Mathlib.Data.List.Defs (4.5s)
✔ [874/889] Built Mathlib.Data.List.InsertIdx (5.1s)
✔ [875/889] Built Mathlib.Algebra.Order.Floor.Defs (8.4s)
✔ [876/889] Built Mathlib.Util.SynthesizeUsing (2.5s)
✔ [877/889] Built Mathlib.Tactic.Positivity.Core (15s)
✔ [878/889] Built Mathlib.Data.List.TakeDrop (9.9s)
✔ [879/889] Built Mathlib.Tactic.Abel (14s)
✔ [880/889] Built Mathlib.Data.List.Basic (13s)
✔ [881/890] Built Mathlib.Algebra.Order.Floor.Semiring (8.0s)
✔ [882/892] Built Mathlib.Data.List.Forall2 (5.2s)
✔ [883/895] Built Mathlib.Tactic.FieldSimp.Discharger (8.8s)
✔ [884/897] Built Mathlib.Algebra.Order.Nonneg.Basic (9.1s)
✔ [885/897] Built Mathlib.Data.List.Perm.Basic (5.0s)
✔ [886/899] Built Mathlib.Data.Rat.Defs (4.9s)
✔ [887/899] Built Mathlib.Algebra.Order.Field.Basic (14s)
✔ [888/899] Built Mathlib.Algebra.Group.Semiconj.Basic (3.0s)
✔ [889/906] Built Mathlib.Algebra.Ring.Rat (3.8s)
✔ [890/906] Built Mathlib.Algebra.Divisibility.Units (4.5s)
✔ [891/910] Built Mathlib.Algebra.Group.Commute.Basic (3.9s)
✔ [892/910] Built Mathlib.Algebra.BigOperators.Group.List.Basic (9.0s)
✔ [893/910] Built Mathlib.Data.PNat.Notation (1.0s)
✔ [894/910] Built Mathlib.Algebra.Order.Ring.Unbundled.Rat (7.9s)
✔ [895/910] Built Mathlib.Order.Nat (2.4s)
✔ [896/910] Built Mathlib.Algebra.GroupWithZero.Divisibility (3.6s)
✔ [897/911] Built Mathlib.Data.PNat.Defs (3.3s)
✔ [898/912] Built Mathlib.Tactic.FieldSimp.Lemmas (6.5s)
✔ [899/912] Built Mathlib.Tactic.NormNum.Pow (7.9s)
✔ [900/917] Built Mathlib.Data.NNRat.Defs (5.5s)
✔ [901/917] Built Mathlib.Data.Rat.Lemmas (4.6s)
✔ [902/918] Built Mathlib.Tactic.Linarith.Lemmas (4.5s)
✔ [903/918] Built Mathlib.Tactic.Linarith.Oracle.SimplexAlgorithm.Datatypes (2.5s)
✔ [904/918] Built Mathlib.Lean.Meta.Tactic.Rewrite (1.0s)
✔ [905/920] Built Mathlib.Algebra.Field.Rat (3.0s)
✔ [906/922] Built Mathlib.Tactic.Linarith.Oracle.SimplexAlgorithm.SimplexAlgorithm (2.7s)
✔ [907/922] Built Mathlib.Tactic.Linarith.Datatypes (4.0s)
✔ [908/922] Built Mathlib.Tactic.Linarith.Oracle.SimplexAlgorithm.Gauss (2.5s)
✔ [909/924] Built Mathlib.Data.Tree.Basic (2.7s)
✔ [910/924] Built Mathlib.Tactic.Zify (3.2s)
✔ [911/926] Built Mathlib.Data.Rat.Cast.Defs (5.1s)
✔ [912/926] Built Mathlib.Tactic.Linarith.Oracle.SimplexAlgorithm.PositiveVector (2.4s)
✔ [913/926] Built Mathlib.Data.Rat.Cast.CharZero (4.8s)
✔ [914/926] Built Mathlib.Tactic.Linarith.Parsing (5.4s)
✔ [915/926] Built Mathlib.Tactic.CancelDenoms.Core (7.8s)
✔ [916/926] Built Mathlib.Util.ElabWithoutMVars (2.2s)
✔ [917/926] Built Mathlib.Tactic.Linarith.Oracle.SimplexAlgorithm (6.0s)
✔ [918/926] Built Mathlib.Tactic.NormNum.Inv (7.5s)
✔ [919/928] Built Mathlib.Tactic.Linarith.Verification (7.3s)
✔ [920/930] Built Mathlib.Tactic.FieldSimp (28s)
✔ [921/930] Built Mathlib.Data.Bool.Set (3.3s)
✔ [922/932] Built Mathlib.Tactic.Linarith.Preprocessing (7.7s)
✔ [923/936] Built Mathlib.Algebra.Order.Ring.Canonical (4.8s)
✔ [924/940] Built Mathlib.Control.ULift (2.3s)
✔ [925/940] Built Mathlib.Data.Nat.Set (3.3s)
✔ [926/945] Built Mathlib.Algebra.Order.Field.Canonical (4.6s)
✔ [927/947] Built Mathlib.Data.ULift (3.6s)
✔ [928/950] Built Mathlib.Data.Set.Order (4.4s)
✔ [929/950] Built Mathlib.Order.LatticeIntervals (6.0s)
✔ [930/950] Built Mathlib.Order.SetNotation (11s)
✔ [931/952] Built Mathlib.Order.Interval.Set.Image (5.2s)
✔ [932/952] Built Mathlib.Order.ConditionallyCompletePartialOrder.Defs (4.1s)
✔ [933/953] Built Mathlib.Tactic.Ring.Common (25s)
✔ [934/953] Built Mathlib.Order.ConditionallyCompleteLattice.Defs (4.2s)
✔ [935/953] Built Mathlib.Order.Interval.Set.LinearOrder (11s)
✔ [936/953] Built Mathlib.Lean.Expr.ExtraRecognizers (2.6s)
✔ [937/960] Built Mathlib.Order.CompleteLattice.Defs (5.0s)
✔ [938/960] Built Mathlib.Data.Set.Notation (3.4s)
✔ [939/960] Built Mathlib.Data.Set.Pairwise.Basic (5.8s)
✔ [940/965] Built Mathlib.Tactic.SetLike (2.7s)
✔ [941/965] Built Mathlib.Order.Interval.Set.UnorderedInterval (8.2s)
✔ [942/968] Built Mathlib.Tactic.Ring.Basic (13s)
✔ [943/968] Built Mathlib.Algebra.Order.Monoid.Basic (3.9s)
✔ [944/969] Built Mathlib.Data.SetLike.Basic (4.4s)
✔ [945/969] Built Mathlib.Order.Interval.Set.OrderEmbedding (4.6s)
✔ [946/969] Built Mathlib.Algebra.Order.Positive.Ring (5.1s)
✔ [947/969] Built Mathlib.Order.CompleteLattice.Basic (13s)
✔ [948/969] Built Mathlib.Algebra.Order.Ring.Rat (4.2s)
✔ [949/969] Built Mathlib.Tactic.Field (4.0s)
✔ [950/972] Built Mathlib.Tactic.Linarith.Frontend (9.1s)
✔ [951/972] Built Mathlib.Algebra.Order.Ring.InjSurj (3.4s)
✔ [952/972] Built Mathlib.Order.Preorder.Chain (4.9s)
✔ [953/972] Built Mathlib.Tactic.NormNum.Abs (5.1s)
✔ [954/975] Built Mathlib.Order.CompleteLattice.Lemmas (5.1s)
✔ [955/975] Built Mathlib.Algebra.Notation (2.9s)
✔ [956/975] Built Mathlib.Order.GaloisConnection.Basic (7.7s)
✔ [957/976] Built Mathlib.Order.Antichain (4.9s)
✔ [958/977] Built Mathlib.Tactic.NormNum.Eq (6.2s)
✔ [959/977] Built Mathlib.Data.Nat.Factorial.Basic (6.7s)
✔ [960/979] Built Mathlib.Order.Interval.Set.OrdConnected (6.3s)
✔ [961/979] Built Mathlib.Algebra.Order.Group.PosPart (7.8s)
✔ [962/987] Built Mathlib.Data.Int.Cast.Field (3.2s)
✔ [963/987] Built Mathlib.Algebra.Notation.Support (5.7s)
✔ [964/987] Built Mathlib.Data.Int.Cast.Pi (2.2s)
✔ [965/990] Built Mathlib.Order.CompleteBooleanAlgebra (14s)
✔ [966/993] Built Mathlib.Data.Int.CharZero (3.9s)
✔ [967/994] Built Mathlib.Algebra.Order.Hom.Basic (5.5s)
✔ [968/994] Built Mathlib.Data.Set.BooleanAlgebra (3.7s)
✔ [969/997] Built Mathlib.Tactic.NormNum.Ineq (11s)
✔ [970/997] Built Mathlib.Data.PNat.Equiv (2.7s)
✔ [971/998] Built Mathlib.Algebra.Order.Group.Basic (4.6s)
✔ [972/998] Built Mathlib.Tactic.Ring.RingNF (7.7s)
✔ [973/998] Built Mathlib.Tactic.NormNum.DivMod (7.2s)
✔ [974/998] Built Mathlib.Data.Set.Lattice (11s)
✔ [975/999] Built Mathlib.Algebra.Order.Ring.Pow (6.8s)
✔ [976/1004] Built Mathlib.Order.ConditionallyCompletePartialOrder.Basic (3.9s)
✔ [977/1004] Built Mathlib.Algebra.Torsor.Defs (4.0s)
✔ [978/1005] Built Mathlib.Data.PNat.Basic (5.5s)
✔ [979/1005] Built Mathlib.Algebra.Group.Action.Units (3.9s)
✔ [980/1005] Built Mathlib.Algebra.Group.Pointwise.Set.Scalar (5.8s)
✔ [981/1005] Built Mathlib.Tactic.Ring.PNat (5.3s)
✔ [982/1005] Built Mathlib.Algebra.AddTorsor.Defs (2.8s)
✔ [983/1005] Built Mathlib.Order.ConditionallyCompleteLattice.Basic (9.6s)
✔ [984/1008] Built Mathlib.Tactic.Positivity.Basic (28s)
✔ [985/1008] Built Mathlib.Algebra.Group.Action.Basic (4.0s)
✔ [986/1011] Built Mathlib.Tactic.Ring (3.8s)
✔ [987/1017] Built Mathlib.Data.List.Perm.Subperm (3.6s)
✔ [988/1017] Built Mathlib.Order.CompleteLatticeIntervals (8.0s)
✔ [989/1017] Built Mathlib.Data.List.Count (4.6s)
✔ [990/1017] Built Mathlib.Data.List.Nodup (6.6s)
✔ [991/1018] Built Mathlib.Data.Set.List (3.4s)
✔ [992/1018] Built Mathlib.Data.Multiset.Defs (5.0s)
✔ [993/1018] Built Mathlib.Algebra.Torsor.Basic (11s)
✔ [994/1020] Built Mathlib.Algebra.Order.Nonneg.Lattice (4.9s)
✔ [995/1020] Built Mathlib.Data.Finset.Attr (2.3s)
✔ [996/1020] Built Mathlib.Algebra.AddTorsor.Basic (4.1s)
✔ [997/1033] Built Mathlib.Data.Finset.Defs (5.3s)
✔ [998/1034] Built Mathlib.Data.Multiset.ZeroCons (6.6s)
✔ [999/1034] Built Mathlib.Algebra.Order.Nonneg.Ring (5.7s)
✔ [1000/1034] Built Mathlib.Data.Finset.Empty (4.8s)
✔ [1001/1036] Built Mathlib.Data.List.Induction (5.4s)
✔ [1002/1036] Built Mathlib.Data.List.Lattice (6.4s)
✔ [1003/1036] Built Mathlib.Data.Multiset.Basic (4.9s)
✔ [1004/1039] Built Mathlib.Data.Multiset.Count (4.5s)
✔ [1005/1039] Built Mathlib.Data.List.Infix (5.2s)
✔ [1006/1044] Built Mathlib.Data.List.Perm.Lattice (5.2s)
✔ [1007/1045] Built Mathlib.Algebra.Order.Nonneg.Field (7.2s)
✔ [1008/1046] Built Mathlib.Data.List.Dedup (4.3s)
✔ [1009/1052] Built Mathlib.Data.Finite.Defs (2.0s)
✔ [1010/1059] Built Mathlib.Data.Multiset.AddSub (5.7s)
✔ [1011/1060] Built Mathlib.Data.Int.DivMod (2.5s)
✔ [1012/1064] Built Mathlib.Data.Rat.Cast.Lemmas (5.1s)
✔ [1013/1064] Built Mathlib.Algebra.Order.Field.Rat (4.8s)
✔ [1014/1064] Built Mathlib.Data.Multiset.Replicate (4.3s)
✔ [1015/1064] Built Mathlib.Data.List.Duplicate (4.3s)
✔ [1016/1064] Built Mathlib.Data.Fin.Basic (6.6s)
✔ [1017/1068] Built Mathlib.Tactic.NormNum.OfScientific (5.8s)
✔ [1018/1068] Built Mathlib.Data.List.Flatten (3.9s)
✔ [1019/1068] Built Mathlib.Data.Multiset.MapFold (7.5s)
✔ [1020/1071] Built Mathlib.Data.Rat.Cast.Order (11s)
✔ [1021/1072] Built Mathlib.Data.List.Pairwise (6.1s)
✔ [1022/1072] Built Mathlib.Data.Fin.SuccPred (11s)
✔ [1023/1074] Built Mathlib.Data.Multiset.Filter (5.9s)
✔ [1024/1074] Built Mathlib.Data.Finset.Attach (4.6s)
✔ [1025/1075] Built Mathlib.Tactic.NormNum (4.2s)
✔ [1026/1075] Built Mathlib.Data.List.Lex (5.1s)
✔ [1027/1075] Built Mathlib.Data.List.Rotate (5.5s)
✔ [1028/1075] Built Mathlib.Data.Fin.Embedding (5.0s)
✔ [1029/1075] Built Mathlib.Data.Fin.Rev (4.5s)
✔ [1030/1079] Built Mathlib.Data.Multiset.UnionInter (6.0s)
✔ [1031/1079] Built Mathlib.Data.Finset.Filter (5.4s)
✔ [1032/1079] Built Mathlib.Data.Finset.Erase (4.7s)
✔ [1033/1079] Built Mathlib.Data.List.ProdSigma (3.0s)
✔ [1034/1079] Built Mathlib.Tactic.Linarith (4.5s)
✔ [1035/1079] Built Mathlib.Algebra.BigOperators.Group.Multiset.Defs (5.1s)
✔ [1036/1083] Built Mathlib.Data.List.Chain (7.2s)
✔ [1037/1083] Built Mathlib.Order.Fin.Basic (6.6s)
✔ [1038/1083] Built Mathlib.Data.Multiset.Dedup (5.1s)
✔ [1039/1083] Built Mathlib.Data.Multiset.Range (4.2s)
✔ [1040/1083] Built Mathlib.Data.List.Range (3.7s)
✔ [1041/1083] Built Mathlib.Data.List.Enum (3.4s)
✔ [1042/1083] Built Mathlib.Data.Fintype.Defs (6.3s)
✔ [1043/1083] Built Mathlib.Data.Multiset.Fold (4.1s)
✔ [1044/1088] Built Mathlib.Data.Multiset.FinsetOps (6.0s)
✔ [1045/1088] Built Mathlib.Data.Finset.Dedup (8.6s)
✔ [1046/1088] Built Mathlib.Data.Fin.Tuple.Basic (13s)
✔ [1047/1088] Built Mathlib.Algebra.Order.Floor.Ring (20s)
✔ [1048/1090] Built Mathlib.Algebra.BigOperators.Group.List.Lemmas (8.7s)
✔ [1049/1090] Built Mathlib.Algebra.Order.Group.Multiset (5.6s)
✔ [1050/1090] Built Mathlib.Data.List.OffDiag (6.9s)
✔ [1051/1090] Built Mathlib.Logic.Function.DependsOn (4.2s)
✔ [1052/1090] Built Mathlib.Data.Finset.Lattice.Basic (5.9s)
✔ [1053/1090] Built Mathlib.Data.List.OfFn (5.0s)
✔ [1054/1090] Built Mathlib.Data.Finset.Insert (8.7s)
✔ [1055/1090] Built Mathlib.Algebra.Order.Round (8.2s)
✔ [1056/1090] Built Mathlib.Algebra.BigOperators.Group.Multiset.Basic (7.5s)
✔ [1057/1090] Built Mathlib.Data.List.FinRange (4.8s)
✔ [1058/1090] Built Mathlib.Data.List.Sort (9.7s)
✔ [1059/1090] Built Mathlib.Data.Finset.Lattice.Lemmas (5.8s)
✔ [1060/1094] Built Mathlib.Data.Finset.SDiff (7.2s)
✔ [1061/1094] Built Mathlib.Data.Finset.Range (6.8s)
✔ [1062/1094] Built Mathlib.Data.Finset.Disjoint (7.1s)
✔ [1063/1096] Built Mathlib.Data.Multiset.Bind (7.2s)
✔ [1064/1096] Built Mathlib.Algebra.Group.Pointwise.Set.Basic (29s)
✔ [1065/1096] Built Mathlib.Data.List.NodupEquivFin (6.0s)
✔ [1066/1096] Built Mathlib.Algebra.Group.Action.TypeTags (3.9s)
✔ [1067/1096] Built Mathlib.Data.Rat.Floor (16s)
✔ [1068/1097] Built Mathlib.Data.Finset.Basic (10s)
✔ [1069/1097] Built Mathlib.Data.Finset.Image (11s)
✔ [1070/1098] Built Mathlib.Data.Multiset.Pi (7.8s)
✔ [1071/1098] Built Mathlib.Algebra.Group.Action.Pretransitive (4.5s)
✔ [1072/1098] Built Mathlib.Data.Set.Lattice.Image (12s)
✔ [1073/1098] Built Mathlib.Algebra.Group.Conj (7.0s)
✔ [1074/1098] Built Mathlib.Data.Finset.BooleanAlgebra (6.9s)
✔ [1075/1098] Built Mathlib.Data.Finset.Fold (6.7s)
✔ [1076/1098] Built Mathlib.Algebra.Order.Archimedean.Basic (15s)
✔ [1077/1098] Built Mathlib.Data.Fintype.OfMap (5.1s)
✔ [1078/1098] Built Mathlib.Data.Finset.Card (15s)
✔ [1079/1098] Built Mathlib.Data.Finset.SymmDiff (4.8s)
✔ [1080/1098] Built Mathlib.Algebra.Group.Action.Hom (4.4s)
✔ [1081/1098] Built Mathlib.Algebra.Group.Pointwise.Set.Lattice (5.9s)
✔ [1082/1098] Built Mathlib.Algebra.Group.Pi.Lemmas (11s)
✔ [1083/1098] Built Mathlib.Data.Finset.Union (7.7s)
✔ [1084/1098] Built Mathlib.Data.Fintype.Sets (6.3s)
✔ [1085/1100] Built Mathlib.Algebra.Group.Action.End (5.6s)
✔ [1086/1102] Built Mathlib.Data.Finset.Prod (6.6s)
✔ [1087/1104] Built Mathlib.Algebra.AddConstMap.Basic (15s)
✔ [1088/1110] Built Mathlib.Data.Finset.Pi (6.6s)
✔ [1089/1113] Built Mathlib.Data.Fintype.Basic (6.1s)
✔ [1090/1113] Built Mathlib.Algebra.Group.Subsemigroup.Defs (5.7s)
✔ [1091/1114] Built Mathlib.Algebra.AddConstMap.Equiv (5.0s)
✔ [1092/1114] Built Mathlib.Tactic.ApplyFun (4.8s)
✔ [1093/1119] Built Mathlib.Data.Fintype.Card (5.3s)
✔ [1094/1119] Built Mathlib.Data.Countable.Defs (2.9s)
✔ [1095/1120] Built Mathlib.Algebra.Group.Subsemigroup.Basic (5.1s)
✔ [1096/1120] Built Mathlib.Data.Nat.Bits (2.9s)
✔ [1097/1121] Built Mathlib.Algebra.Group.Submonoid.Defs (6.9s)
✔ [1098/1121] Built Mathlib.Data.Nat.Pairing (3.0s)
✔ [1099/1121] Built Mathlib.Data.Fintype.EquivFin (5.5s)
✔ [1100/1121] Built Mathlib.Algebra.Group.Subsemigroup.MulOpposite (4.9s)
✔ [1101/1122] Built Mathlib.Algebra.Group.Submonoid.MulAction (4.2s)
✔ [1102/1122] Built Mathlib.Algebra.Group.Submonoid.Basic (7.1s)
✔ [1103/1124] Built Mathlib.Logic.Equiv.Nat (4.5s)
✔ [1104/1124] Built Mathlib.Algebra.Group.Subgroup.Defs (12s)
✔ [1105/1125] Built Mathlib.Algebra.Group.Action.Pointwise.Set.Basic (9.8s)
✔ [1106/1125] Built Mathlib.Data.Fintype.Prod (5.6s)
✔ [1107/1125] Built Mathlib.Data.Set.Finite.Basic (9.5s)
✔ [1108/1125] Built Mathlib.Algebra.Group.Submonoid.MulOpposite (7.1s)
✔ [1109/1125] Built Mathlib.Algebra.FreeMonoid.Basic (11s)
✔ [1110/1125] Built Mathlib.Algebra.Group.Idempotent (4.1s)
✔ [1111/1126] Built Mathlib.Logic.Encodable.Basic (7.3s)
✔ [1112/1127] Built Mathlib.Algebra.Order.BigOperators.Group.List (9.8s)
✔ [1113/1127] Built Mathlib.Data.Fintype.Pi (8.8s)
✔ [1114/1127] Built Mathlib.Algebra.Group.Subgroup.MulOpposite (8.6s)
✔ [1115/1129] Built Mathlib.Data.Sigma.Lex (4.2s)
✔ [1116/1129] Built Mathlib.Algebra.Group.Submonoid.Operations (27s)
✔ [1117/1129] Built Mathlib.Data.Finite.Prod (8.0s)
✔ [1118/1130] Built Mathlib.Data.Prod.Lex (11s)
✔ [1119/1132] Built Mathlib.Logic.Embedding.Set (8.2s)
✔ [1120/1132] Built Mathlib.Algebra.Group.Pointwise.Set.Finite (11s)
✔ [1121/1132] Built Mathlib.Data.List.MinMax (12s)
✔ [1122/1135] Built Mathlib.Order.RelIso.Set (6.0s)
✔ [1123/1135] Built Mathlib.Algebra.Group.Submonoid.Membership (22s)
✔ [1124/1140] Built Mathlib.Algebra.Group.Subgroup.Lattice (21s)
✔ [1125/1140] Built Mathlib.Data.Nat.Order.Lemmas (6.4s)
✔ [1126/1140] Built Mathlib.Data.Multiset.Sum (7.6s)
✔ [1127/1140] Built Mathlib.Data.Multiset.Lattice (8.7s)
✔ [1128/1140] Built Mathlib.Logic.Denumerable (11s)
✔ [1129/1145] Built Mathlib.Order.Hom.Bounded (14s)
✔ [1130/1148] Built Mathlib.Order.Hom.Lattice (14s)
✔ [1131/1148] Built Mathlib.Data.Finset.Sum (10s)
✔ [1132/1149] Built Mathlib.Data.Nat.Choose.Basic (10s)
✔ [1133/1149] Built Mathlib.Data.List.Zip (6.5s)
✔ [1134/1149] Built Mathlib.Algebra.Group.Subgroup.Map (19s)
✔ [1135/1152] Built Mathlib.Data.Set.Pairwise.Lattice (6.0s)
✔ [1136/1152] Built Mathlib.Data.List.Sublists (7.0s)
✔ [1137/1152] Built Mathlib.Data.Set.Finite.Range (7.7s)
✔ [1138/1155] Built Mathlib.Order.Hom.BoundedLattice (13s)
✔ [1139/1155] Built Mathlib.Algebra.Group.Subgroup.ZPowers.Basic (7.2s)
✔ [1140/1155] Built Mathlib.Data.Finset.Option (6.3s)
✔ [1141/1156] Built Mathlib.Data.Multiset.Powerset (7.2s)
✔ [1142/1156] Built Mathlib.Order.ConditionallyCompletePartialOrder.Indexed (7.6s)
✔ [1143/1156] Built Mathlib.Data.Fintype.Option (6.5s)
✔ [1144/1159] Built Mathlib.Algebra.Group.Embedding (4.6s)
✔ [1145/1159] Built Mathlib.Algebra.Group.Subgroup.Ker (18s)
✔ [1146/1159] Built Mathlib.Order.Interval.Set.WithBotTop (8.3s)
✔ [1147/1164] Built Mathlib.Order.ConditionallyCompleteLattice.Indexed (12s)
✔ [1148/1164] Built Mathlib.Order.Hom.WithTopBot (11s)
✔ [1149/1164] Built Mathlib.Data.Finset.Lattice.Fold (23s)
✔ [1150/1174] Built Mathlib.Order.CompleteLattice.Finset (10s)
✔ [1151/1174] Built Mathlib.Data.Set.Sigma (11s)
✔ [1152/1174] Built Mathlib.Data.Finset.Lattice.Union (6.5s)
✔ [1153/1175] Built Mathlib.Order.Cover (17s)
✔ [1154/1175] Built Mathlib.Data.Finset.Max (12s)
✔ [1155/1175] Built Mathlib.Algebra.Group.Subgroup.Basic (27s)
✔ [1156/1175] Built Mathlib.Data.Finset.Sigma (9.1s)
✔ [1157/1176] Built Mathlib.Order.Minimal (15s)
✔ [1158/1176] Built Mathlib.Data.Finset.Powerset (9.5s)
✔ [1159/1176] Built Mathlib.Algebra.Group.Commutator (2.6s)
✔ [1160/1176] Built Mathlib.Algebra.Group.Subgroup.MulOppositeLemmas (6.2s)
✔ [1161/1180] Built Mathlib.GroupTheory.GroupAction.Defs (10s)
✔ [1162/1185] Built Mathlib.Data.Finset.Preimage (6.3s)
✔ [1163/1186] Built Mathlib.Data.Set.Finite.Powerset (4.6s)
✔ [1164/1186] Built Mathlib.Order.Preorder.Finite (5.5s)
✔ [1165/1191] Built Mathlib.Algebra.Group.Support (3.6s)
✔ [1166/1192] Built Mathlib.Data.Set.Finite.Lattice (8.8s)
✔ [1167/1192] Built Mathlib.Algebra.Group.Commute.Hom (2.7s)
✔ [1168/1192] Built Mathlib.Order.Interval.Finset.Defs (14s)
✔ [1169/1192] Built Mathlib.Algebra.Group.Center (15s)
✔ [1170/1192] Built Mathlib.Algebra.BigOperators.Group.Finset.Defs (13s)
✔ [1171/1195] Built Mathlib.Order.ConditionallyCompleteLattice.Finset (6.3s)
✔ [1172/1195] Built Mathlib.GroupTheory.Subsemigroup.Center (3.9s)
✔ [1173/1195] Built Mathlib.Order.Interval.Finset.Basic (13s)
✔ [1174/1200] Built Mathlib.Data.Setoid.Basic (5.8s)
✔ [1175/1200] Built Mathlib.GroupTheory.FreeGroup.Basic (18s)
✔ [1176/1200] Built Mathlib.GroupTheory.Subsemigroup.Centralizer (3.9s)
✔ [1177/1200] Built Mathlib.GroupTheory.Submonoid.Center (5.8s)
✔ [1178/1200] Built Mathlib.Algebra.Quotient (2.9s)
✔ [1179/1200] Built Mathlib.Order.Interval.Multiset (4.2s)
✔ [1180/1200] Built Mathlib.GroupTheory.Submonoid.Centralizer (3.5s)
✔ [1181/1203] Built Mathlib.Algebra.BigOperators.Group.Finset.Basic (20s)
✔ [1182/1203] Built Mathlib.GroupTheory.Subgroup.Center (4.3s)
✔ [1183/1203] Built Mathlib.GroupTheory.Congruence.Defs (7.5s)
✔ [1184/1203] Built Mathlib.GroupTheory.Coset.Defs (5.1s)
✔ [1185/1208] Built Mathlib.Order.Interval.Finset.Nat (5.1s)
✔ [1186/1208] Built Mathlib.Data.Finset.NoncommProd (6.3s)
✔ [1187/1208] Built Mathlib.GroupTheory.Subgroup.Centralizer (5.9s)
✔ [1188/1208] Built Mathlib.GroupTheory.Congruence.Hom (4.9s)
✔ [1189/1208] Built Mathlib.Order.Lattice.Nat (4.3s)
✔ [1190/1208] Built Mathlib.GroupTheory.OreLocalization.OreSet (4.1s)
✔ [1191/1208] Built Mathlib.Algebra.Group.Submonoid.BigOperators (6.7s)
✔ [1192/1208] Built Mathlib.GroupTheory.GroupAction.ConjAct (7.6s)
✔ [1193/1212] Built Mathlib.Order.OrderIsoNat (6.6s)
✔ [1194/1213] Built Mathlib.GroupTheory.QuotientGroup.Defs (16s)
✔ [1195/1213] Built Mathlib.Order.WellQuasiOrder (8.6s)
✔ [1196/1214] Built Mathlib.Algebra.Order.Hom.Monoid (18s)
✔ [1197/1214] Built Mathlib.Algebra.Ring.Equiv (19s)
✔ [1198/1215] Built Mathlib.GroupTheory.OreLocalization.Basic (23s)
✔ [1199/1215] Built Mathlib.Algebra.Order.Hom.MonoidWithZero (10s)
✔ [1200/1215] Built Mathlib.Order.WellFoundedSet (12s)
✔ [1201/1215] Built Mathlib.Algebra.Order.Ring.WithTop (15s)
✔ [1202/1215] Built Mathlib.Algebra.Order.Sub.WithTop (4.5s)
✔ [1203/1215] Built Mathlib.Data.ENat.Defs (3.5s)
✔ [1204/1215] Built Mathlib.GroupTheory.Commutator.Basic (23s)
✔ [1205/1223] Built Mathlib.Algebra.Order.Hom.Ring (9.0s)
✔ [1206/1223] Built Mathlib.Algebra.Group.Submonoid.Pointwise (11s)
✔ [1207/1223] Built Mathlib.GroupTheory.Abelianization.Defs (7.9s)
✔ [1208/1226] Built Mathlib.Order.Iterate (6.1s)
✔ [1209/1226] Built Mathlib.GroupTheory.MonoidLocalization.Basic (26s)
✔ [1210/1226] Built Mathlib.Logic.Small.Defs (5.8s)
✔ [1211/1228] Built Mathlib.Algebra.Group.Subgroup.Pointwise (18s)
✔ [1212/1228] Built Mathlib.GroupTheory.FreeAbelianGroup (19s)
✔ [1213/1229] Built Mathlib.Logic.Small.Basic (4.6s)
✔ [1214/1229] Built Mathlib.Order.SuccPred.Basic (22s)
✔ [1215/1230] Built Mathlib.Data.Countable.Small (4.0s)
✔ [1216/1230] Built Mathlib.Data.Finset.Piecewise (7.6s)
✔ [1217/1231] Built Mathlib.GroupTheory.Finiteness (16s)
✔ [1218/1231] Built Mathlib.Order.SuccPred.WithBot (5.0s)
✔ [1219/1232] Built Mathlib.Algebra.BigOperators.Group.Finset.Sigma (5.0s)
✔ [1220/1232] Built Mathlib.GroupTheory.MonoidLocalization.Maps (21s)
✔ [1221/1232] Built Mathlib.Algebra.BigOperators.Option (4.4s)
✔ [1222/1232] Built Mathlib.Algebra.AffineMonoid.Basic (5.1s)
✔ [1223/1232] Built Mathlib.Order.SuccPred.Archimedean (7.5s)
✔ [1224/1232] Built Mathlib.Algebra.BigOperators.Group.Finset.Piecewise (9.7s)
✔ [1225/1234] Built Mathlib.Data.Fintype.Sum (7.4s)
✔ [1226/1239] Built Mathlib.Data.Fintype.Sigma (10s)
✔ [1227/1240] Built Mathlib.GroupTheory.MonoidLocalization.GrothendieckGroup (9.7s)
✔ [1228/1240] Built Mathlib.Control.Applicative (4.4s)
✔ [1229/1243] Built Mathlib.Data.Vector.Defs (6.1s)
✔ [1230/1244] Built Mathlib.Control.Traversable.Basic (4.6s)
✔ [1231/1244] Built Mathlib.Data.Fintype.Powerset (6.1s)
✔ [1232/1245] Built Mathlib.Data.Countable.Basic (5.7s)
✔ [1233/1245] Built Mathlib.Order.SuccPred.Limit (16s)
✔ [1234/1245] Built Mathlib.Logic.Equiv.List (6.1s)
✔ [1235/1246] Built Mathlib.Logic.UnivLE (2.9s)
✔ [1236/1247] Built Mathlib.Logic.Small.Set (4.4s)
✔ [1237/1249] Built Mathlib.Data.Vector.Basic (8.2s)
✔ [1238/1250] Built Mathlib.Data.Set.Countable (7.7s)
✔ [1239/1251] Built Mathlib.Algebra.Order.SuccPred (10s)
✔ [1240/1251] Built Mathlib.Data.Sym.Basic (9.5s)
✔ [1241/1251] Built Mathlib.Order.SuccPred.CompleteLinearOrder (6.5s)
✔ [1242/1251] Built Mathlib.Data.Sum.Order (14s)
✔ [1243/1251] Built Mathlib.Data.Nat.SuccPred (3.0s)
✔ [1244/1251] Built Mathlib.SetTheory.Cardinal.Defs (3.9s)
✔ [1245/1253] Built Mathlib.Data.Fintype.Vector (4.1s)
✔ [1246/1254] Built Mathlib.Order.UpperLower.Basic (13s)
✔ [1247/1254] Built Mathlib.Dynamics.FixedPoints.Defs (2.5s)
✔ [1248/1254] Built Mathlib.Order.Hom.Lex (7.0s)
✔ [1249/1254] Built Mathlib.Data.Fintype.BigOperators (6.4s)
✔ [1250/1255] Built Mathlib.Data.ENat.Basic (8.6s)
✔ [1251/1261] Built Mathlib.Order.Hom.Order (4.3s)
✔ [1252/1261] Built Mathlib.Dynamics.FixedPoints.Basic (4.1s)
✔ [1253/1268] Built Mathlib.Control.Monad.Basic (2.4s)
✔ [1254/1268] Built Mathlib.Order.CompleteLattice.Chain (3.9s)
✔ [1255/1268] Built Mathlib.Order.InitialSeg (8.2s)
✔ [1256/1272] Built Mathlib.Order.ScottContinuity (5.5s)
✔ [1257/1272] Built Mathlib.Data.Part (6.5s)
✔ [1258/1275] Built Mathlib.Order.Zorn (3.4s)
✔ [1259/1279] Built Mathlib.Algebra.GroupWithZero.Action.Units (3.5s)
✔ [1260/1279] Built Mathlib.Algebra.Ring.CompTypeclasses (3.8s)
✔ [1261/1279] Built Mathlib.Order.Part (3.9s)
✔ [1262/1280] Built Mathlib.Logic.Function.CompTypeclasses (2.5s)
✔ [1263/1282] Built Mathlib.Algebra.Regular.SMul (4.7s)
✔ [1264/1283] Built Mathlib.Algebra.GroupWithZero.Action.End (4.5s)
✔ [1265/1283] Built Mathlib.Algebra.Group.Hom.CompTypeclasses (3.7s)
✔ [1266/1283] Built Mathlib.Algebra.Ring.Action.Basic (4.6s)
✔ [1267/1284] Built Mathlib.Algebra.GroupWithZero.Prod (5.5s)
✔ [1268/1284] Built Mathlib.Algebra.Group.Action.Prod (6.2s)
✔ [1269/1286] Built Mathlib.Order.OmegaCompletePartialOrder (11s)
✔ [1270/1287] Built Mathlib.Algebra.Module.RingHom (4.4s)
✔ [1271/1287] Built Mathlib.Algebra.GroupWithZero.Action.Hom (4.2s)
✔ [1272/1289] Built Mathlib.Algebra.GroupWithZero.Action.Basic (4.6s)
✔ [1273/1289] Built Mathlib.Algebra.Group.Hom.End (3.5s)
✔ [1274/1289] Built Mathlib.Order.BourbakiWitt (4.0s)
✔ [1275/1289] Built Mathlib.Algebra.Module.End (4.8s)
✔ [1276/1293] Built Mathlib.Algebra.Ring.Opposite (8.5s)
✔ [1277/1293] Built Mathlib.GroupTheory.GroupAction.DomAct.Basic (7.5s)
✔ [1278/1293] Built Mathlib.Algebra.GroupWithZero.Pi (3.1s)
✔ [1279/1293] Built Mathlib.Order.FixedPoints (6.2s)
✔ [1280/1295] Built Mathlib.Algebra.Module.Hom (5.0s)
✔ [1281/1299] Built Mathlib.Algebra.GroupWithZero.Action.Pi (4.9s)
✔ [1282/1299] Built Mathlib.Algebra.Ring.Pi (6.9s)
✔ [1283/1299] Built Mathlib.SetTheory.Cardinal.SchroederBernstein (6.8s)
✔ [1284/1301] Built Mathlib.Algebra.Regular.Opposite (3.5s)
✔ [1285/1304] Built Mathlib.Algebra.GroupWithZero.Action.Opposite (3.0s)
✔ [1286/1304] Built Mathlib.GroupTheory.GroupAction.Hom (31s)
✔ [1287/1304] Built Mathlib.Algebra.Module.Opposite (3.6s)
✔ [1288/1304] Built Mathlib.Algebra.Module.Pi (4.6s)
✔ [1289/1304] Built Mathlib.SetTheory.Cardinal.Order (7.9s)
✔ [1290/1304] Built Mathlib.Algebra.GroupWithZero.Action.Prod (5.4s)
✔ [1291/1304] Built Mathlib.Algebra.Module.Torsion.Free (7.6s)
✔ [1292/1309] Built Mathlib.Algebra.Module.Prod (4.8s)
✔ [1293/1315] Built Mathlib.Algebra.Module.Torsion.Pi (6.6s)
✔ [1294/1315] Built Mathlib.Algebra.Group.Submonoid.DistribMulAction (5.4s)
✔ [1295/1318] Built Mathlib.SetTheory.Cardinal.Basic (13s)
✔ [1296/1318] Built Mathlib.Algebra.Group.PUnit (3.6s)
✔ [1297/1318] Built Mathlib.Algebra.Group.Subgroup.Actions (6.8s)
✔ [1298/1320] Built Mathlib.Algebra.Ring.PUnit (3.0s)
✔ [1299/1322] Built Mathlib.SetTheory.Cardinal.ENat (7.5s)
✔ [1300/1322] Built Mathlib.Order.Hom.CompleteLattice (10s)
✔ [1301/1323] Built Mathlib.Algebra.Group.ULift (5.2s)
✔ [1302/1323] Built Mathlib.Algebra.Module.LinearMap.Defs (31s)
✔ [1303/1323] Built Mathlib.Algebra.Module.PUnit (4.5s)
✔ [1304/1323] Built Mathlib.SetTheory.Cardinal.ToNat (5.7s)
✔ [1305/1323] Built Mathlib.Algebra.Ring.CharZero (5.1s)
✔ [1306/1323] Built Mathlib.Algebra.GroupWithZero.ULift (3.2s)
✔ [1307/1323] Built Mathlib.Algebra.Ring.ULift (7.7s)
✔ [1308/1327] Built Mathlib.Algebra.Module.LinearMap.Basic (7.9s)
✔ [1309/1328] Built Mathlib.GroupTheory.GroupAction.SubMulAction (23s)
✔ [1310/1328] Built Mathlib.Algebra.Algebra.Defs (9.4s)
✔ [1311/1328] Built Mathlib.RingTheory.NonUnitalSubsemiring.Defs (9.3s)
✔ [1312/1331] Built Mathlib.Algebra.Ring.Action.Subobjects (5.2s)
✔ [1313/1331] Built Mathlib.Algebra.Module.Submodule.Defs (11s)
✔ [1314/1332] Built Mathlib.RingTheory.NonUnitalSubring.Defs (7.2s)
✔ [1315/1333] Built Mathlib.Algebra.Ring.Subsemiring.Defs (7.3s)
✔ [1316/1334] Built Mathlib.Data.Nat.Cast.Prod (3.7s)
✔ [1317/1334] Built Mathlib.Algebra.Group.Subsemigroup.Membership (6.8s)
✔ [1318/1335] Built Mathlib.Algebra.Module.Submodule.Basic (8.8s)
✔ [1319/1335] Built Mathlib.Algebra.Module.Equiv.Defs (33s)
✔ [1320/1336] Built Mathlib.Data.Int.Cast.Prod (5.0s)
✔ [1321/1336] Built Mathlib.Algebra.Ring.Subring.Defs (13s)
✔ [1322/1339] Built Mathlib.Algebra.GroupWithZero.Center (4.7s)
✔ [1323/1339] Built Mathlib.Algebra.Ring.Center (5.3s)
✔ [1324/1339] Built Mathlib.Algebra.Group.Subsemigroup.Operations (13s)
✔ [1325/1339] Built Mathlib.Algebra.Module.ULift (6.6s)
✔ [1326/1341] Built Mathlib.Algebra.Module.Equiv.Opposite (5.1s)
✔ [1327/1344] Built Mathlib.Algebra.Ring.Centralizer (4.1s)
✔ [1328/1344] Built Mathlib.Algebra.Module.Submodule.Lattice (12s)
✔ [1329/1347] Built Mathlib.Algebra.Ring.Submonoid.Basic (4.3s)
✔ [1330/1347] Built Mathlib.Algebra.Ring.Prod (10s)
✔ [1331/1347] Built Mathlib.Algebra.Ring.Hom.InjSurj (3.5s)
✔ [1332/1347] Built Mathlib.Algebra.Ring.Aut (5.2s)
✔ [1333/1353] Built Mathlib.Algebra.Module.Submodule.RestrictScalars (8.3s)
✔ [1334/1353] Built Mathlib.Algebra.Group.Irreducible.Defs (3.6s)
✔ [1335/1355] Built Mathlib.Algebra.Module.LinearMap.End (13s)
✔ [1336/1355] Built Mathlib.Algebra.Ring.Action.Group (5.8s)
✔ [1337/1355] Built Mathlib.RingTheory.NonUnitalSubsemiring.Basic (12s)
✔ [1338/1355] Built Mathlib.Algebra.Prime.Defs (4.6s)
✔ [1339/1355] Built Mathlib.Algebra.Group.Irreducible.Lemmas (4.4s)
✔ [1340/1359] Built Mathlib.Algebra.Module.Submodule.LinearMap (10s)
✔ [1341/1359] Built Mathlib.RingTheory.NonUnitalSubring.Basic (13s)
✔ [1342/1361] Built Mathlib.Algebra.Prime.Lemmas (6.1s)
✔ [1343/1361] Built Mathlib.Algebra.Ring.Subsemiring.Basic (17s)
✔ [1344/1362] Built Mathlib.Algebra.GroupWithZero.Pointwise.Set.Basic (3.9s)
✔ [1345/1362] Built Mathlib.Algebra.Order.Group.Action (4.3s)
✔ [1346/1362] Built Mathlib.Algebra.GroupWithZero.Associated (8.8s)
✔ [1347/1362] Built Mathlib.Algebra.Module.Submodule.Map (16s)
✔ [1348/1362] Built Mathlib.Algebra.GroupWithZero.Action.Pointwise.Set (5.9s)
✔ [1349/1364] Built Mathlib.Algebra.Module.Equiv.Basic (36s)
✔ [1350/1364] Built Mathlib.Algebra.GroupWithZero.NonZeroDivisors (8.5s)
✔ [1351/1364] Built Mathlib.LinearAlgebra.Span.Defs (11s)
✔ [1352/1365] Built Mathlib.Algebra.Module.Submodule.Ker (8.0s)
✔ [1353/1365] Built Mathlib.Algebra.Ring.Subring.Basic (21s)
✔ [1354/1367] Built Mathlib.Algebra.GroupWithZero.Submonoid.Pointwise (5.6s)
✔ [1355/1367] Built Mathlib.Order.ModularLattice (7.6s)
✔ [1356/1367] Built Mathlib.Data.Finset.Lattice.Prod (7.1s)
✔ [1357/1369] Built Mathlib.Algebra.Module.Submodule.Range (9.8s)
✔ [1358/1370] Built Mathlib.Order.Closure (5.8s)
✔ [1359/1370] Built Mathlib.Algebra.GroupWithZero.Subgroup (5.9s)
✔ [1360/1371] Built Mathlib.Algebra.Algebra.Basic (13s)
✔ [1361/1371] Built Mathlib.Tactic.FinCases (4.8s)
✔ [1362/1371] Built Mathlib.Order.Atoms (13s)
✔ [1363/1373] Built Mathlib.Data.Finset.Order (4.4s)
✔ [1364/1373] Built Mathlib.Algebra.Module.Submodule.Equiv (11s)
✔ [1365/1374] Built Mathlib.Order.SupClosed (11s)
✔ [1366/1374] Built Mathlib.Order.Interval.Set.OrderIso (4.6s)
✔ [1367/1377] Built Mathlib.Data.Finite.Set (4.8s)
✔ [1368/1377] Built Mathlib.Algebra.Module.Submodule.Pointwise (11s)
✔ [1369/1377] Built Mathlib.Algebra.Algebra.Hom (11s)
✔ [1370/1377] Built Mathlib.Algebra.Module.Torsion.Field (4.4s)
✔ [1371/1382] Built Mathlib.Algebra.Module.Submodule.EqLocus (5.0s)
✔ [1372/1382] Built Mathlib.Order.SupIndep (11s)
✔ [1373/1382] Built Mathlib.Algebra.BigOperators.Group.Finset.Lemmas (5.5s)
✔ [1374/1383] Built Mathlib.Data.FunLike.IsApply (4.4s)
✔ [1375/1385] Built Mathlib.Algebra.Notation.Indicator (6.4s)
✔ [1376/1385] Built Mathlib.Algebra.BigOperators.Group.Finset.Pi (4.8s)
✔ [1377/1388] Built Mathlib.Algebra.BigOperators.Ring.List (4.0s)
✔ [1378/1388] Built Mathlib.Order.CompactlyGenerated.Basic (9.7s)
✔ [1379/1388] Built Mathlib.Algebra.BigOperators.GroupWithZero.Finset (5.3s)
✔ [1380/1388] Built Mathlib.Data.Multiset.Antidiagonal (4.9s)
✔ [1381/1389] Built Mathlib.Algebra.Algebra.Equiv (20s)
✔ [1382/1390] Built Mathlib.Data.Multiset.Sections (4.9s)
✔ [1383/1390] Built Mathlib.Algebra.Group.Indicator (6.4s)
✔ [1384/1398] Built Mathlib.Algebra.FiniteSupport.Defs (4.7s)
✔ [1385/1402] Built Mathlib.Algebra.BigOperators.Pi (8.1s)
✔ [1386/1402] Built Mathlib.Data.List.Find (4.4s)
✔ [1387/1402] Built Mathlib.Algebra.BigOperators.Ring.Multiset (5.7s)
✔ [1388/1402] Built Mathlib.Algebra.BigOperators.Group.Finset.Preimage (6.3s)
✔ [1389/1402] Built Mathlib.LinearAlgebra.Span.Basic (16s)
✔ [1390/1403] Built Mathlib.Data.Rat.BigOperators (7.0s)
✔ [1391/1404] Built Mathlib.Data.Multiset.Find (7.4s)
✔ [1392/1405] Built Mathlib.Algebra.BigOperators.Ring.Finset (12s)
✔ [1393/1407] Built Mathlib.Algebra.Notation.FiniteSupport (9.3s)
✔ [1394/1407] Built Mathlib.Data.Finsupp.Defs (14s)
✔ [1395/1408] Built Mathlib.Algebra.GroupWithZero.Indicator (6.7s)
✔ [1396/1408] Built Mathlib.Algebra.Order.Group.Indicator (9.4s)
✔ [1397/1411] Built Mathlib.Algebra.Algebra.Tower (21s)
✔ [1398/1412] Built Mathlib.Algebra.Module.Basic (6.6s)
✔ [1399/1412] Built Mathlib.Data.Finsupp.Single (7.7s)
✔ [1400/1412] Built Mathlib.Algebra.Order.BigOperators.Group.Multiset (8.0s)
✔ [1401/1412] Built Mathlib.Data.Multiset.OrderedMonoid (5.8s)
✔ [1402/1412] Built Mathlib.Algebra.Order.AbsoluteValue.Basic (10s)
✔ [1403/1414] Built Mathlib.Algebra.FiniteSupport.Basic (8.5s)
✔ [1404/1419] Built Mathlib.Data.Finsupp.Indicator (6.9s)
✔ [1405/1419] Built Mathlib.Algebra.Order.BigOperators.GroupWithZero.Finset (8.7s)
✔ [1406/1419] Built Mathlib.Algebra.Order.BigOperators.GroupWithZero.List (4.5s)
✔ [1407/1426] Built Mathlib.Algebra.Group.Finsupp (11s)
✔ [1408/1426] Built Mathlib.Algebra.Order.BigOperators.Ring.List (4.9s)
✔ [1409/1426] Built Mathlib.Algebra.Order.BigOperators.GroupWithZero.Multiset (6.3s)
✔ [1410/1430] Built Mathlib.Data.Finsupp.SMulWithZero (7.1s)
✔ [1411/1430] Built Mathlib.Data.Finsupp.Ext (8.8s)
✔ [1412/1433] Built Mathlib.Algebra.Order.BigOperators.Group.Finset (19s)
✔ [1413/1434] Built Mathlib.Data.Finset.Fin (9.9s)
✔ [1414/1434] Built Mathlib.Algebra.Order.BigOperators.Ring.Multiset (11s)
✔ [1415/1438] Built Mathlib.Order.Interval.Set.Fin (16s)
✔ [1416/1438] Built Mathlib.Data.Fin.VecNotation (18s)
✔ [1417/1438] Built Mathlib.Algebra.Order.BigOperators.Ring.Finset (26s)
✔ [1418/1438] Built Mathlib.Algebra.BigOperators.Finsupp.Basic (31s)
✔ [1419/1439] Built Mathlib.Order.Interval.Finset.Fin (19s)
✔ [1420/1439] Built Mathlib.Algebra.Group.Fin.Basic (10s)
✔ [1421/1439] Built Mathlib.Logic.Equiv.Fin.Basic (8.2s)
✔ [1422/1439] Built Mathlib.Data.Fintype.Fin (6.9s)
✔ [1423/1440] Built Mathlib.Logic.Equiv.Fin.Rotate (6.3s)
✔ [1424/1447] Built Mathlib.Data.ENat.Pow (7.9s)
✔ [1425/1447] Built Mathlib.Algebra.Group.ModEq (5.5s)
✔ [1426/1449] Built Mathlib.Data.Nat.GCD.Basic (5.0s)
✔ [1427/1450] Built Mathlib.Data.Finsupp.Basic (27s)
✔ [1428/1450] Built Mathlib.Algebra.BigOperators.Finprod (29s)
✔ [1429/1450] Built Mathlib.Algebra.EuclideanDomain.Defs (5.1s)
✔ [1430/1450] Built Mathlib.Data.Nat.ModEq (7.7s)
✔ [1431/1450] Built Mathlib.Data.Finsupp.SMul (7.2s)
✔ [1432/1450] Built Mathlib.GroupTheory.MonoidLocalization.Finite (4.9s)
✔ [1433/1450] Built Mathlib.Data.Finsupp.Option (6.6s)
✔ [1434/1451] Built Mathlib.Algebra.EuclideanDomain.Int (3.8s)
✔ [1435/1454] Built Mathlib.Algebra.BigOperators.GroupWithZero.Action (6.5s)
✔ [1436/1454] Built Mathlib.Data.ZMod.Defs (5.0s)
✔ [1437/1457] Built Mathlib.Algebra.Group.Submonoid.Finite (4.8s)
✔ [1438/1458] Built Mathlib.Algebra.BigOperators.Fin (33s)
✔ [1439/1459] Built Mathlib.SetTheory.Cardinal.Finite (6.6s)
✔ [1440/1462] Built Mathlib.Algebra.Group.Fin.Tuple (5.3s)
✔ [1441/1462] Built Mathlib.LinearAlgebra.Finsupp.Defs (13s)
✔ [1442/1464] Built Mathlib.SetTheory.Cardinal.NatCard (5.7s)
✔ [1443/1464] Built Mathlib.GroupTheory.Coset.Basic (12s)
✔ [1444/1464] Built Mathlib.Algebra.Algebra.Prod (6.7s)
✔ [1445/1465] Built Mathlib.Data.Set.Card (17s)
✔ [1446/1465] Built Mathlib.Algebra.Group.Graph (11s)
✔ [1447/1467] Built Mathlib.Algebra.Group.Subgroup.Finite (9.8s)
✔ [1448/1467] Built Mathlib.LinearAlgebra.Finsupp.LSum (13s)
✔ [1449/1467] Built Mathlib.LinearAlgebra.Quotient.Defs (9.3s)
✔ [1450/1467] Built Mathlib.GroupTheory.Congruence.Basic (8.2s)
✔ [1451/1468] Built Mathlib.GroupTheory.QuotientGroup.Basic (19s)
✔ [1452/1468] Built Mathlib.RingTheory.Congruence.Defs (10s)
✔ [1453/1468] Built Mathlib.LinearAlgebra.Finsupp.Supported (8.5s)
✔ [1454/1468] Built Mathlib.LinearAlgebra.Prod (22s)
✔ [1455/1468] Built Mathlib.Algebra.Field.IsField (4.8s)
✔ [1456/1471] Built Mathlib.GroupTheory.QuotientGroup.Finite (5.9s)
✔ [1457/1473] Built Mathlib.RingTheory.Congruence.Basic (8.5s)
✔ [1458/1477] Built Mathlib.Order.Interval.Set.SuccPred (7.1s)
✔ [1459/1477] Built Mathlib.Data.Fintype.Order (6.7s)
✔ [1460/1480] Built Mathlib.Data.Fintype.Pigeonhole (5.0s)
✔ [1461/1480] Built Mathlib.LinearAlgebra.Finsupp.LinearCombination (14s)
✔ [1462/1480] Built Mathlib.LinearAlgebra.Pi (16s)
✔ [1463/1480] Built Mathlib.Order.Interval.Finset.SuccPred (7.3s)
✔ [1464/1480] Built Mathlib.Order.PartialSups (6.1s)
✔ [1465/1480] Built Mathlib.Algebra.Order.Interval.Set.Monoid (4.2s)
✔ [1466/1481] Built Mathlib.Order.SuccPred.LinearLocallyFinite (8.4s)
✔ [1467/1481] Built Mathlib.Algebra.Order.Interval.Finset.SuccPred (7.5s)
✔ [1468/1481] Built Mathlib.LinearAlgebra.Basis.Defs (14s)
✔ [1469/1481] Built Mathlib.Algebra.Order.Interval.Finset.Basic (5.3s)
✔ [1470/1486] Built Mathlib.LinearAlgebra.LinearIndependent.Defs (17s)
✔ [1471/1486] Built Mathlib.LinearAlgebra.Quotient.Basic (15s)
✔ [1472/1486] Built Mathlib.Order.Disjointed (7.0s)
✔ [1473/1487] Built Mathlib.Data.List.NatAntidiagonal (4.0s)
✔ [1474/1489] Built Mathlib.Algebra.Order.Antidiag.Prod (8.4s)
✔ [1475/1489] Built Mathlib.Data.Multiset.NatAntidiagonal (4.3s)
✔ [1476/1494] Built Mathlib.Algebra.Order.BigOperators.Group.LocallyFinite (7.4s)
✔ [1477/1496] Built Mathlib.RingTheory.Ideal.Defs (5.5s)
✔ [1478/1496] Built Mathlib.Data.Finset.NatAntidiagonal (5.7s)
✔ [1479/1496] Built Mathlib.Algebra.GroupWithZero.Idempotent (3.5s)
✔ [1480/1496] Built Mathlib.LinearAlgebra.LinearIndependent.Basic (17s)
✔ [1481/1497] Built Mathlib.RingTheory.Ideal.Lattice (5.2s)
✔ [1482/1497] Built Mathlib.Algebra.BigOperators.NatAntidiagonal (4.6s)
✔ [1483/1497] Built Mathlib.Algebra.BigOperators.Intervals (10s)
✔ [1484/1497] Built Mathlib.RingTheory.Ideal.Quotient.Defs (6.6s)
✔ [1485/1499] Built Mathlib.Algebra.Ring.Idempotent (4.5s)
✔ [1486/1499] Built Mathlib.Algebra.Module.Submodule.IterateMapComap (5.9s)
✔ [1487/1499] Built Mathlib.RingTheory.Ideal.Prime (6.5s)
✔ [1488/1499] Built Mathlib.LinearAlgebra.Basis.Basic (8.7s)
✔ [1489/1499] Built Mathlib.Data.Nat.Choose.Sum (9.1s)
✔ [1490/1499] Built Mathlib.Algebra.Order.SuccPred.PartialSups (6.8s)
✔ [1491/1499] Built Mathlib.RingTheory.Ideal.Span (8.4s)
✔ [1492/1500] Built Mathlib.LinearAlgebra.Finsupp.Pi (10s)
✔ [1493/1509] Built Mathlib.LinearAlgebra.Basis.Submodule (11s)
✔ [1494/1509] Built Mathlib.LinearAlgebra.Dimension.Basic (11s)
✔ [1495/1509] Built Mathlib.RingTheory.Ideal.Maximal (8.9s)
✔ [1496/1512] Built Mathlib.Order.Filter.Defs (9.7s)
✔ [1497/1512] Built Mathlib.Order.Interval.Set.Disjoint (6.9s)
✔ [1498/1516] Built Mathlib.LinearAlgebra.Dimension.Finrank (6.7s)
✔ [1499/1516] Built Mathlib.RingTheory.Ideal.Basic (7.8s)
✔ [1500/1520] Built Mathlib.Algebra.NoZeroSMulDivisors.Defs (5.7s)
✔ [1501/1521] Built Mathlib.Algebra.Group.TransferInstance (7.1s)
✔ [1502/1525] Built Mathlib.Order.Filter.Basic (9.8s)
✔ [1503/1525] Built Mathlib.Algebra.Order.Group.Action.Synonym (3.9s)
✔ [1504/1525] Built Mathlib.Algebra.Group.Action.TransferInstance (5.9s)
✔ [1505/1526] Built Mathlib.RingTheory.Ideal.Quotient.Basic (10s)
✔ [1506/1526] Built Mathlib.Data.Set.Finite.Lemmas (5.7s)
✔ [1507/1526] Built Mathlib.Order.Filter.AtTopBot.Defs (5.5s)
✔ [1508/1526] Built Mathlib.Algebra.Order.GroupWithZero.Action.Synonym (5.1s)
✔ [1509/1526] Built Mathlib.Order.Filter.Map (7.9s)
✔ [1510/1526] Built Mathlib.Algebra.GroupWithZero.Action.TransferInstance (5.3s)
✔ [1511/1526] Built Mathlib.Tactic.Algebraize (9.1s)
✔ [1512/1526] Built Mathlib.Algebra.Group.Shrink (5.8s)
✔ [1513/1526] Built Mathlib.Order.Filter.AtTopBot.Disjoint (4.7s)
✔ [1514/1526] Built Mathlib.Algebra.Module.Congruence.Defs (8.7s)
✔ [1515/1526] Built Mathlib.Order.Filter.Tendsto (5.1s)
✔ [1516/1526] Built Mathlib.Order.Filter.Bases.Basic (8.4s)
✔ [1517/1528] Built Mathlib.RingTheory.Finiteness.Defs (7.7s)
✔ [1518/1529] Built Mathlib.Algebra.Module.TransferInstance (8.5s)
✔ [1519/1529] Built Mathlib.Order.Filter.AtTopBot.Tendsto (6.3s)
✔ [1520/1529] Built Mathlib.Order.Cofinal (5.2s)
✔ [1521/1534] Built Mathlib.Algebra.Module.Shrink (5.9s)
✔ [1522/1534] Built Mathlib.Order.SuccPred.InitialSeg (5.5s)
✔ [1523/1537] Built Mathlib.Algebra.Order.Module.Defs (24s)
✔ [1524/1538] Built Mathlib.Order.Filter.AtTopBot.Basic (7.9s)
✔ [1525/1546] Built Mathlib.SetTheory.Cardinal.Cofinality.Basic (7.4s)
✔ [1526/1550] Built Mathlib.Order.DirSupClosed (6.9s)
✔ [1527/1550] Built Mathlib.Algebra.Order.Nonneg.Module (7.3s)
✔ [1528/1554] Built Mathlib.Logic.Small.List (5.7s)
✔ [1529/1559] Built Mathlib.Data.Nat.Log (7.1s)
✔ [1530/1560] Built Mathlib.Order.IsNormal (9.7s)
✔ [1531/1560] Built Mathlib.Data.List.Pi (5.5s)
✔ [1532/1561] Built Mathlib.RingTheory.Finiteness.Basic (13s)
✔ [1533/1561] Built Mathlib.LinearAlgebra.Finsupp.SumProd (7.5s)
✔ [1534/1561] Built Mathlib.Data.DFinsupp.Defs (15s)
✔ [1535/1566] Built Mathlib.Data.Fintype.Quotient (6.3s)
✔ [1536/1566] Built Mathlib.Data.Fin.Tuple.Reflection (7.8s)
✔ [1537/1566] Built Mathlib.RingTheory.Noetherian.Defs (6.8s)
✔ [1538/1566] Built Mathlib.Data.DFinsupp.Module (6.9s)
✔ [1539/1568] Built Mathlib.SetTheory.Ordinal.Basic (18s)
✔ [1540/1568] Built Mathlib.Data.DFinsupp.Ext (5.1s)
✔ [1541/1568] Built Mathlib.Data.Finsupp.ToDFinsupp (7.5s)
✔ [1542/1568] Built Mathlib.Data.DFinsupp.Sigma (6.7s)
✔ [1543/1568] Built Mathlib.SetTheory.Ordinal.Univ (5.1s)
✔ [1544/1568] Built Mathlib.LinearAlgebra.Quotient.Card (5.1s)
✔ [1545/1570] Built Mathlib.SetTheory.Ordinal.Arithmetic (12s)
✔ [1546/1570] Built Mathlib.LinearAlgebra.Isomorphisms (10s)
✔ [1547/1570] Built Mathlib.Data.DFinsupp.BigOperators (14s)
✔ [1548/1571] Built Mathlib.Tactic.Module (33s)
✔ [1549/1572] Built Mathlib.LinearAlgebra.BilinearMap (42s)
✔ [1550/1572] Built Mathlib.Data.DFinsupp.Submonoid (6.6s)
✔ [1551/1572] Built Mathlib.SetTheory.Ordinal.Family (10s)
✔ [1552/1572] Built Mathlib.Algebra.Algebra.Opposite (11s)
✔ [1553/1573] Built Mathlib.Algebra.FreeAbelianGroup.Finsupp (6.4s)
✔ [1554/1573] Built Mathlib.SetTheory.Ordinal.Exponential (7.9s)
✔ [1555/1573] Built Mathlib.SetTheory.Cardinal.Cofinality.Enum (9.5s)
✔ [1556/1573] Built Mathlib.LinearAlgebra.Dual.Defs (15s)
✔ [1557/1574] Built Mathlib.SetTheory.Ordinal.Enum (6.7s)
✔ [1558/1575] Built Mathlib.Algebra.Algebra.Pi (8.1s)
✔ [1559/1575] Built Mathlib.Algebra.Group.AddChar (11s)
✔ [1560/1577] Built Mathlib.SetTheory.Ordinal.FixedPoint (7.9s)
✔ [1561/1581] Built Mathlib.Algebra.Module.BigOperators (6.6s)
✔ [1562/1583] Built Mathlib.Algebra.MonoidAlgebra.Defs (31s)
✔ [1563/1583] Built Mathlib.Algebra.Group.Pointwise.Set.ListOfFn (5.3s)
✔ [1564/1584] Built Mathlib.LinearAlgebra.LinearIndependent.Lemmas (20s)
✔ [1565/1584] Built Mathlib.SetTheory.Ordinal.Principal (9.6s)
✔ [1566/1584] Built Mathlib.Data.Finset.NAry (8.1s)
✔ [1567/1587] Built Mathlib.Algebra.MonoidAlgebra.Lift (6.6s)
✔ [1568/1587] Built Mathlib.Algebra.Ring.Action.Rat (3.0s)
✔ [1569/1587] Built Mathlib.SetTheory.Cardinal.Aleph (11s)
✔ [1570/1590] Built Mathlib.LinearAlgebra.DFinsupp (20s)
✔ [1571/1590] Built Mathlib.Algebra.MonoidAlgebra.MapDomain (22s)
✔ [1572/1590] Built Mathlib.Data.Multiset.Sort (5.5s)
✔ [1573/1590] Built Mathlib.Algebra.Group.Pointwise.Finset.Basic (20s)
✔ [1574/1590] Built Mathlib.Algebra.MonoidAlgebra.Opposite (7.0s)
✔ [1575/1590] Built Mathlib.SetTheory.Cardinal.Arithmetic (8.7s)
✔ [1576/1590] Built Mathlib.Data.Finsupp.Fintype (4.8s)
✔ [1577/1592] Built Mathlib.Algebra.MonoidAlgebra.Module (13s)
✔ [1578/1592] Built Mathlib.LinearAlgebra.Finsupp.Span (7.6s)
✔ [1579/1592] Built Mathlib.Data.Finset.Sort (11s)
✔ [1580/1597] Built Mathlib.SetTheory.Cardinal.Ordinal (5.9s)
✔ [1581/1597] Built Mathlib.SetTheory.Cardinal.Cofinality.Ordinal (10s)
✔ [1582/1599] Built Mathlib.Algebra.Group.UniqueProds.Basic (16s)
✔ [1583/1599] Built Mathlib.LinearAlgebra.FreeModule.Basic (9.1s)
✔ [1584/1599] Built Mathlib.Order.Sublattice (9.9s)
✔ [1585/1599] Built Mathlib.SetTheory.Ordinal.FundamentalSequence (5.8s)
✔ [1586/1599] Built Mathlib.LinearAlgebra.GeneralLinearGroup.Basic (6.4s)
✔ [1587/1600] Built Mathlib.Algebra.MonoidAlgebra.NoZeroDivisors (7.9s)
✔ [1588/1601] Built Mathlib.Algebra.Module.Submodule.Invariant (8.6s)
✔ [1589/1601] Built Mathlib.SetTheory.Cardinal.Regular (9.4s)
✔ [1590/1601] Built Mathlib.Algebra.Order.SuccPred.WithBot (5.4s)
✔ [1591/1601] Built Mathlib.Data.ENat.Lattice (9.4s)
✔ [1592/1604] Built Mathlib.Algebra.Polynomial.Basic (19s)
✔ [1593/1604] Built Mathlib.Algebra.Exact.Basic (29s)
✔ [1594/1605] Built Mathlib.SetTheory.Cardinal.Pigeonhole (8.0s)
✔ [1595/1605] Built Mathlib.Data.Rel (14s)
✔ [1596/1605] Built Mathlib.RingTheory.Finiteness.Finsupp (11s)
✔ [1597/1610] Built Mathlib.LinearAlgebra.Projection (32s)
✔ [1598/1611] Built Mathlib.LinearAlgebra.Basis.Cardinality (9.6s)
✔ [1599/1612] Built Mathlib.LinearAlgebra.Finsupp.VectorSpace (9.5s)
✔ [1600/1612] Built Mathlib.Algebra.Algebra.NonUnitalHom (24s)
✔ [1601/1613] Built Mathlib.Algebra.Module.Submodule.Bilinear (8.4s)
✔ [1602/1614] Built Mathlib.Algebra.Group.Pointwise.Set.BigOperators (7.8s)
✔ [1603/1614] Built Mathlib.Order.RelSeries (19s)
✔ [1604/1614] Built Mathlib.Algebra.Module.Submodule.Finsupp (7.7s)
✔ [1605/1614] Built Mathlib.Algebra.Ring.NonZeroDivisors (6.5s)
✔ [1606/1618] Built Mathlib.LinearAlgebra.StdBasis (10s)
✔ [1607/1618] Built Mathlib.Algebra.Ring.Submonoid.Pointwise (7.7s)
✔ [1608/1618] Built Mathlib.Algebra.Order.Kleene (10s)
✔ [1609/1619] Built Mathlib.RingTheory.Finiteness.Cardinality (7.0s)
✔ [1610/1619] Built Mathlib.Order.KrullDimension (19s)
✔ [1611/1621] Built Mathlib.GroupTheory.GroupAction.SubMulAction.Pointwise (9.3s)
✔ [1612/1623] Built Mathlib.Data.Set.Semiring (7.8s)
✔ [1613/1625] Built Mathlib.LinearAlgebra.TensorProduct.Defs (29s)
✔ [1614/1633] Built Mathlib.Data.Fintype.Lattice (5.1s)
✔ [1615/1634] Built Mathlib.RingTheory.Coprime.Basic (8.4s)
✔ [1616/1635] Built Mathlib.RingTheory.OrzechProperty (8.3s)
✔ [1617/1635] Built Mathlib.Tactic.Order.CollectFacts (12s)
✔ [1618/1635] Built Mathlib.RingTheory.Coprime.Lemmas (8.7s)
✔ [1619/1635] Built Mathlib.Algebra.EuclideanDomain.Field (4.8s)
✔ [1620/1635] Built Mathlib.Algebra.EuclideanDomain.Basic (7.5s)
✔ [1621/1640] Built Mathlib.Tactic.Order.ToInt (6.2s)
✔ [1622/1641] Built Mathlib.Tactic.Order.Preprocessing (5.2s)
✔ [1623/1641] Built Mathlib.Tactic.Order.Graph.Basic (4.5s)
✔ [1624/1647] Built Mathlib.Algebra.Ring.Associated (5.2s)
✔ [1625/1649] Built Mathlib.Tactic.Order.Graph.Tarjan (4.3s)
✔ [1626/1649] Built Mathlib.RingTheory.Ideal.Nonunits (6.6s)
✔ [1627/1649] Built Mathlib.LinearAlgebra.TensorProduct.Basic (29s)
✔ [1628/1649] Built Mathlib.Algebra.GroupWithZero.Submonoid.Primal (4.4s)
✔ [1629/1649] Built Mathlib.LinearAlgebra.Dimension.Subsingleton (6.3s)
✔ [1630/1650] Built Mathlib.Tactic.Order (8.4s)
✔ [1631/1658] Built Mathlib.RingTheory.UniqueFactorizationDomain.Defs (6.3s)
✔ [1632/1659] Built Mathlib.Algebra.BigOperators.RingEquiv (5.1s)
✔ [1633/1659] Built Mathlib.Algebra.GCDMonoid.Basic (19s)
✔ [1634/1659] Built Mathlib.GroupTheory.DedekindFinite (4.1s)
✔ [1635/1659] Built Mathlib.LinearAlgebra.Matrix.Defs (7.5s)
✔ [1636/1660] Built Mathlib.Algebra.GCDMonoid.Nat (4.0s)
✔ [1637/1664] Built Mathlib.RingTheory.AlgebraTower (8.0s)
✔ [1638/1664] Built Mathlib.Algebra.GCDMonoid.Multiset (5.5s)
✔ [1639/1664] Built Mathlib.Data.Matrix.Diagonal (6.3s)
✔ [1640/1664] Built Mathlib.Algebra.Order.Group.Finset (6.0s)
✔ [1641/1664] Built Mathlib.Order.Preorder.Finsupp (4.8s)
✔ [1642/1666] Built Mathlib.Algebra.GCDMonoid.Finset (5.4s)
✔ [1643/1666] Built Mathlib.Data.Finsupp.Multiset (7.3s)
✔ [1644/1666] Built Mathlib.Data.Set.UnionLift (4.7s)
✔ [1645/1671] Built Mathlib.LinearAlgebra.TensorProduct.Map (39s)
✔ [1646/1676] Built Mathlib.SetTheory.Cardinal.Finsupp (4.9s)
✔ [1647/1676] Built Mathlib.Data.Matrix.Mul (16s)
✔ [1648/1676] Built Mathlib.GroupTheory.Congruence.Opposite (3.9s)
✔ [1649/1676] Built Mathlib.RingTheory.Congruence.Opposite (4.7s)
✔ [1650/1679] Built Mathlib.Algebra.Algebra.Bilinear (11s)
✔ [1651/1679] Built Mathlib.RingTheory.TwoSidedIdeal.Basic (6.6s)
✔ [1652/1679] Built Mathlib.Algebra.DirectSum.Basic (11s)
✔ [1653/1685] Built Mathlib.RingTheory.TwoSidedIdeal.Lattice (5.3s)
✔ [1654/1686] Built Mathlib.Data.Matrix.Basic (26s)
✔ [1655/1686] Built Mathlib.Algebra.Algebra.NonUnitalSubalgebra (34s)
✔ [1656/1686] Built Mathlib.Algebra.Algebra.Operations (19s)
✔ [1657/1686] Built Mathlib.RingTheory.SimpleRing.Defs (4.3s)
✔ [1658/1686] Built Mathlib.RingTheory.TwoSidedIdeal.Kernel (4.9s)
✔ [1659/1687] Built Mathlib.Data.Finite.Sum (3.0s)
✔ [1660/1687] Built Mathlib.Algebra.DirectSum.Module (13s)
✔ [1661/1687] Built Mathlib.Data.Matrix.Basis (9.3s)
✔ [1662/1687] Built Mathlib.RingTheory.SimpleRing.Basic (5.3s)
✔ [1663/1687] Built Mathlib.Algebra.DirectSum.Finsupp (6.0s)
✔ [1664/1687] Built Mathlib.Data.Matrix.Composition (8.2s)
✔ [1665/1688] Built Mathlib.LinearAlgebra.Matrix.StdBasis (6.6s)
✔ [1666/1691] Built Mathlib.LinearAlgebra.TensorProduct.Associator (24s)
✔ [1667/1691] Built Mathlib.RingTheory.Ideal.Operations (20s)
✔ [1668/1693] Built Mathlib.LinearAlgebra.FreeModule.Finite.Basic (5.0s)
✔ [1669/1693] Built Mathlib.Algebra.Field.Opposite (5.5s)
✔ [1670/1693] Built Mathlib.Algebra.Star.Basic (6.9s)
✔ [1671/1693] Built Mathlib.RingTheory.UniqueFactorizationDomain.Ideal (5.0s)
✔ [1672/1694] Built Mathlib.Tactic.ContinuousFunctionalCalculus (2.6s)
✔ [1673/1694] Built Mathlib.Algebra.Algebra.Subalgebra.Basic (21s)
✔ [1674/1696] Built Mathlib.Algebra.Star.Rat (4.6s)
✔ [1675/1696] Built Mathlib.RingTheory.Noetherian.UniqueFactorizationDomain (5.9s)
✔ [1676/1696] Built Mathlib.Algebra.Module.LinearMap.Star (5.0s)
✔ [1677/1696] Built Mathlib.RingTheory.Ideal.Maps (19s)
✔ [1678/1700] Built Mathlib.Algebra.Module.Rat (7.4s)
✔ [1679/1701] Built Mathlib.Algebra.Star.SelfAdjoint (13s)
✔ [1680/1702] Built Mathlib.Algebra.Algebra.Subalgebra.Lattice (16s)
✔ [1681/1702] Built Mathlib.RingTheory.Ideal.Prod (8.0s)
✔ [1682/1702] Built Mathlib.Algebra.Star.StarRingHom (8.7s)
✔ [1683/1703] Built Mathlib.Algebra.Star.BigOperators (5.5s)
✔ [1684/1703] Built Mathlib.Algebra.Star.Module (13s)
✔ [1685/1703] Built Mathlib.LinearAlgebra.Basis.Fin (8.9s)
✔ [1686/1703] Built Mathlib.Algebra.Algebra.Subalgebra.Tower (6.0s)
✔ [1687/1703] Built Mathlib.LinearAlgebra.Basis.Prod (5.5s)
✔ [1688/1703] Built Mathlib.RingTheory.PrincipalIdealDomain (9.5s)
✔ [1689/1703] Built Mathlib.RingTheory.Noetherian.Basic (12s)
✔ [1690/1709] Built Mathlib.LinearAlgebra.Basis.SMul (9.7s)
✔ [1691/1711] Built Mathlib.RingTheory.Noetherian.Orzech (7.1s)
✔ [1692/1711] Built Mathlib.LinearAlgebra.TensorProduct.Tower (78s)
✔ [1693/1712] Built Mathlib.Algebra.AffineMonoid.Irreducible (6.9s)
✔ [1694/1712] Built Mathlib.Algebra.FreeAbelianGroup.UniqueSums (4.2s)
✔ [1695/1715] Built Mathlib.Algebra.Field.Equiv (3.9s)
✔ [1696/1715] Built Mathlib.Algebra.Star.StarAlgHom (26s)
✔ [1697/1715] Built Mathlib.LinearAlgebra.InvariantBasisNumber (7.7s)
✔ [1698/1715] Built Mathlib.Algebra.Order.GroupWithZero.Submonoid (3.1s)
✔ [1699/1717] Built Mathlib.Algebra.Field.Subfield.Defs (7.6s)
✔ [1700/1717] Built Mathlib.LinearAlgebra.DirectSum.TensorProduct (12s)
✔ [1701/1718] Built Mathlib.LinearAlgebra.Matrix.ConjTranspose (9.5s)
✔ [1702/1718] Built Mathlib.LinearAlgebra.Dimension.StrongRankCondition (9.3s)
✔ [1703/1718] Built Mathlib.RingTheory.OreLocalization.Basic (7.3s)
✔ [1704/1718] Built Mathlib.Algebra.Field.Subfield.Basic (11s)
✔ [1705/1723] Built Mathlib.LinearAlgebra.Matrix.RowCol (7.6s)
✔ [1706/1723] Built Mathlib.GroupTheory.MonoidLocalization.Divisibility (4.0s)
✔ [1707/1723] Built Mathlib.Data.Matrix.Block (10s)
✔ [1708/1723] Built Mathlib.LinearAlgebra.DirectSum.Finsupp (14s)
✔ [1709/1724] Built Mathlib.GroupTheory.MonoidLocalization.MonoidWithZero (5.3s)
✔ [1710/1724] Built Mathlib.LinearAlgebra.Dimension.Free (10s)
✔ [1711/1725] Built Mathlib.RingTheory.OreLocalization.NonZeroDivisors (4.9s)
✔ [1712/1725] Built Mathlib.RingTheory.Finiteness.Bilinear (5.6s)
✔ [1713/1726] Built Mathlib.Algebra.Algebra.RestrictScalars (6.4s)
✔ [1714/1733] Built Mathlib.LinearAlgebra.Matrix.Notation (11s)
✔ [1715/1733] Built Mathlib.LinearAlgebra.TensorProduct.Basis (9.9s)
✔ [1716/1735] Built Mathlib.Algebra.Algebra.Subalgebra.Prod (4.9s)
✔ [1717/1735] Built Mathlib.Algebra.Algebra.Field (3.9s)
✔ [1718/1736] Built Mathlib.RingTheory.OreLocalization.Ring (7.7s)
✔ [1719/1736] Built Mathlib.Algebra.Star.TensorProduct (6.0s)
✔ [1720/1736] Built Mathlib.Algebra.Algebra.Rat (4.6s)
✔ [1721/1738] Built Mathlib.RingTheory.Adjoin.Basic (6.0s)
✔ [1722/1738] Built Mathlib.Algebra.Module.Projective (9.5s)
✔ [1723/1740] Built Mathlib.Algebra.Algebra.IsSimpleRing (4.8s)
✔ [1724/1740] Built Mathlib.Algebra.Algebra.Hom.Rat (4.8s)
✔ [1725/1740] Built Mathlib.Algebra.Ring.TransferInstance (7.1s)
✔ [1726/1741] Built Mathlib.RingTheory.Localization.Defs (16s)
✔ [1727/1743] Built Mathlib.Algebra.Ring.Shrink (4.7s)
✔ [1728/1743] Built Mathlib.Algebra.Algebra.TransferInstance (5.6s)
✔ [1729/1743] Built Mathlib.Algebra.Star.Pointwise (5.2s)
✔ [1730/1743] Built Mathlib.Tactic.NoncommRing (5.8s)
✔ [1731/1743] Built Mathlib.Algebra.Algebra.Shrink (5.9s)
✔ [1732/1743] Built Mathlib.RingTheory.Localization.Basic (21s)
✔ [1733/1744] Built Mathlib.LinearAlgebra.Matrix.ToLin (38s)
✔ [1734/1744] Built Mathlib.RingTheory.TensorProduct.Basic (41s)
✔ [1735/1749] Built Mathlib.Algebra.Algebra.Spectrum.Basic (12s)
✔ [1736/1749] Built Mathlib.Algebra.Star.StarProjection (4.8s)
✔ [1737/1751] Built Mathlib.Algebra.Star.Center (3.9s)
✔ [1738/1751] Built Mathlib.Algebra.Star.Prod (4.9s)
✔ [1739/1751] Built Mathlib.RingTheory.Localization.FractionRing (19s)
✔ [1740/1754] Built Mathlib.LinearAlgebra.FreeModule.PID (14s)
✔ [1741/1755] Built Mathlib.Algebra.Group.Pi.Units (3.3s)
✔ [1742/1755] Built Mathlib.Algebra.Order.Group.Opposite (3.4s)
✔ [1743/1756] Built Mathlib.Algebra.AffineMonoid.Embedding (5.7s)
✔ [1744/1756] Built Mathlib.Algebra.Algebra.Subalgebra.Directed (9.4s)
✔ [1745/1758] Built Mathlib.Algebra.Order.Star.Basic (16s)
✔ [1746/1762] Built Mathlib.Algebra.AffineMonoid.UniqueSums (9.9s)
✔ [1747/1764] Built Mathlib.LinearAlgebra.Dimension.Constructions (17s)
✔ [1748/1764] Built Mathlib.RingTheory.Finiteness.Lattice (6.0s)
✔ [1749/1765] Built Mathlib.LinearAlgebra.Dimension.Finite (11s)
✔ [1750/1765] Built Mathlib.RingTheory.TensorProduct.Maps (71s)
✔ [1751/1765] Built Mathlib.Algebra.NoZeroSMulDivisors.Basic (5.4s)
✔ [1752/1765] Built Mathlib.LinearAlgebra.LinearPMap (39s)
✔ [1753/1766] Built Mathlib.LinearAlgebra.Dimension.FreeAndStrongRankCondition (9.4s)
✔ [1754/1768] Built Mathlib.Algebra.Algebra.Subalgebra.Centralizer (9.9s)
✔ [1755/1768] Built Mathlib.RingTheory.TensorProduct.Finite (11s)
✔ [1756/1768] Built Mathlib.Algebra.FreeMonoid.UniqueProds (5.1s)
✔ [1757/1768] Built Mathlib.LinearAlgebra.Basis.VectorSpace (12s)
✔ [1758/1770] Built Mathlib.Algebra.Star.NonUnitalSubalgebra (82s)
✔ [1759/1770] Built Mathlib.Algebra.Algebra.Epi (9.6s)
✔ [1760/1770] Built Mathlib.LinearAlgebra.FiniteDimensional.Defs (8.2s)
✔ [1761/1771] Built Mathlib.Algebra.Polynomial.Eval.Defs (10s)
✔ [1762/1771] Built Mathlib.Algebra.Polynomial.Eval.Algebra (7.1s)
✔ [1763/1774] Built Mathlib.LinearAlgebra.FiniteDimensional.Basic (19s)
✔ [1764/1776] Built Mathlib.Algebra.MonoidAlgebra.Basic (34s)
✔ [1765/1780] Built Mathlib.Algebra.MonoidAlgebra.Support (11s)
✔ [1766/1780] Built Mathlib.Data.Nat.Prime.Defs (7.5s)
✔ [1767/1781] Built Mathlib.Data.Nat.Cast.WithTop (4.8s)
✔ [1768/1784] Built Mathlib.Order.Filter.Extr (9.7s)
✔ [1769/1786] Built Mathlib.Algebra.FreeAlgebra (15s)
✔ [1770/1789] Built Mathlib.Algebra.Algebra.Unitization (40s)
✔ [1771/1789] Built Mathlib.Algebra.CharP.Defs (7.2s)
✔ [1772/1789] Built Mathlib.Data.Nat.WithBot (3.6s)
✔ [1773/1790] Built Mathlib.Algebra.Polynomial.Monomial (5.3s)
✔ [1774/1797] Built Mathlib.Algebra.Polynomial.Coeff (7.9s)
✔ [1775/1797] Built Mathlib.Algebra.Regular.Pow (4.7s)
✔ [1776/1797] Built Mathlib.Algebra.MonoidAlgebra.Degree (16s)
✔ [1777/1797] Built Mathlib.Algebra.Notation.Lemmas (2.7s)
✔ [1778/1797] Built Mathlib.Tactic.Polynomial.Core (2.5s)
✔ [1779/1800] Built Mathlib.Algebra.Polynomial.Eval.Coeff (6.2s)
✔ [1780/1803] Built Mathlib.Algebra.Algebra.Spectrum.Quasispectrum (17s)
✔ [1781/1803] Built Mathlib.Algebra.Order.Pi (4.9s)
✔ [1782/1807] Built Mathlib.Algebra.Polynomial.Degree.Defs (7.4s)
✔ [1783/1807] Built Mathlib.Data.DFinsupp.NeLocus (5.8s)
✔ [1784/1807] Built Mathlib.Order.PiLex (6.6s)
✔ [1785/1807] Built Mathlib.Algebra.Algebra.StrictPositivity (7.3s)
✔ [1786/1807] Built Mathlib.Algebra.Algebra.Spectrum.Pi (5.8s)
✔ [1787/1811] Built Mathlib.Algebra.Order.Group.PiLex (3.0s)
✔ [1788/1811] Built Mathlib.Data.DFinsupp.Order (9.5s)
✔ [1789/1811] Built Mathlib.Data.Finsupp.Order (9.2s)
✔ [1790/1812] Built Mathlib.Algebra.Polynomial.Degree.Operations (7.9s)
✔ [1791/1812] Built Mathlib.Data.Finsupp.Fin (4.3s)
✔ [1792/1812] Built Mathlib.Data.Finsupp.Antidiagonal (4.1s)
✔ [1793/1821] Built Mathlib.Data.DFinsupp.Lex (6.5s)
✔ [1794/1821] Built Mathlib.Algebra.Polynomial.Degree.Domain (4.1s)
✔ [1795/1821] Built Mathlib.Algebra.Polynomial.Degree.SmallDegree (5.1s)
✔ [1796/1821] Built Mathlib.Algebra.Polynomial.Degree.Support (3.9s)
✔ [1797/1821] Built Mathlib.Algebra.BigOperators.Finsupp.Fin (3.1s)
✔ [1798/1821] Built Mathlib.Algebra.Polynomial.Degree.Monomial (3.3s)
✔ [1799/1821] Built Mathlib.Data.Finsupp.Lex (5.9s)
✔ [1800/1828] Built Mathlib.Algebra.Ring.GeomSum (5.1s)
✔ [1801/1829] Built Mathlib.Algebra.Polynomial.Degree.Units (4.8s)
✔ [1802/1829] Built Mathlib.Algebra.Ring.Action.Submonoid (3.2s)
✔ [1803/1829] Built Mathlib.Algebra.MvPolynomial.Basic (11s)
✔ [1804/1829] Built Mathlib.Algebra.Ring.Fin (3.1s)
✔ [1805/1829] Built Mathlib.Algebra.Polynomial.Degree.TrailingDegree (5.1s)
✔ [1806/1832] Built Mathlib.Algebra.Algebra.Subalgebra.Matrix (3.7s)
✔ [1807/1832] Built Mathlib.Algebra.Polynomial.Eval.Degree (5.5s)
✔ [1808/1835] Built Mathlib.Algebra.Algebra.Subalgebra.Operations (5.5s)
✔ [1809/1836] Built Mathlib.Algebra.Ring.Subsemiring.MulOpposite (5.7s)
✔ [1810/1836] Built Mathlib.Algebra.Polynomial.Degree.Lemmas (7.4s)
✔ [1811/1836] Built Mathlib.Algebra.MvPolynomial.Eval (11s)
✔ [1812/1836] Built Mathlib.Algebra.Order.Monoid.Submonoid (3.7s)
✔ [1813/1836] Built Mathlib.Algebra.Algebra.Subalgebra.Pi (4.2s)
✔ [1814/1836] Built Mathlib.Algebra.Ring.Subring.MulOpposite (4.5s)
✔ [1815/1836] Built Mathlib.Algebra.Polynomial.AlgebraMap (12s)
✔ [1816/1840] Built Mathlib.Algebra.Ring.Subsemiring.Order (2.5s)
✔ [1817/1840] Built Mathlib.Algebra.Polynomial.EraseLead (6.7s)
✔ [1818/1840] Built Mathlib.Algebra.MvPolynomial.Rename (6.5s)
✔ [1819/1840] Built Mathlib.Algebra.Algebra.Subalgebra.MulOpposite (4.9s)
✔ [1820/1840] Built Mathlib.Algebra.Algebra.Subalgebra.Order (3.2s)
✔ [1821/1841] Built Mathlib.RingTheory.Adjoin.Polynomial.Basic (4.3s)
✔ [1822/1843] Built Mathlib.Algebra.Ring.Subsemiring.Pointwise (4.3s)
✔ [1823/1843] Built Mathlib.Algebra.Polynomial.Reverse (5.6s)
✔ [1824/1843] Built Mathlib.Algebra.MvPolynomial.Degrees (7.8s)
✔ [1825/1843] Built Mathlib.Algebra.Ring.Subring.Pointwise (4.8s)
✔ [1826/1843] Built Mathlib.GroupTheory.GroupAction.Ring (2.4s)
✔ [1827/1843] Built Mathlib.RingTheory.Ideal.Quotient.Operations (26s)
✔ [1828/1843] Built Mathlib.Algebra.MvPolynomial.Variables (5.3s)
✔ [1829/1846] Built Mathlib.Algebra.Polynomial.Monic (5.7s)
✔ [1830/1846] Built Mathlib.Algebra.Algebra.Subalgebra.Pointwise (5.0s)
✔ [1831/1846] Built Mathlib.Algebra.MvPolynomial.CommRing (5.7s)
✔ [1832/1846] Built Mathlib.Algebra.MvPolynomial.Equiv (12s)
✔ [1833/1846] Built Mathlib.Algebra.Star.Subalgebra (23s)
✔ [1834/1847] Built Mathlib.Data.Int.ModEq (4.2s)
✔ [1835/1847] Built Mathlib.Algebra.Polynomial.BigOperators (5.5s)
✔ [1836/1848] Built Mathlib.Algebra.GroupWithZero.Units.Fintype (3.7s)
✔ [1837/1848] Built Mathlib.Algebra.CharP.Two (3.0s)
✔ [1838/1853] Built Mathlib.Algebra.CharP.Basic (3.7s)
✔ [1839/1854] Built Mathlib.Data.Nat.Prime.Basic (4.2s)
✔ [1840/1858] Built Mathlib.Algebra.Algebra.Subalgebra.Unitization (11s)
✔ [1841/1860] Built Mathlib.Data.List.Permutation (5.1s)
✔ [1842/1860] Built Mathlib.RingTheory.Polynomial.Basic (9.8s)
✔ [1843/1860] Built Mathlib.Data.Finite.Sigma (2.8s)
✔ [1844/1860] Built Mathlib.Data.Fintype.List (3.0s)
✔ [1845/1865] Built Mathlib.Data.Nat.Prime.Pow (2.5s)
✔ [1846/1865] Built Mathlib.GroupTheory.Coset.Card (7.1s)
✔ [1847/1865] Built Mathlib.RingTheory.Adjoin.FG (4.7s)
✔ [1848/1869] Built Mathlib.Data.List.Prime (3.5s)
✔ [1849/1869] Built Mathlib.Data.List.Cycle (7.5s)
✔ [1850/1869] Built Mathlib.Data.Nat.Prime.Infinite (3.7s)
✔ [1851/1869] Built Mathlib.GroupTheory.GroupAction.Basic (8.5s)
✔ [1852/1869] Built Mathlib.Algebra.IsPrimePow (4.5s)
✔ [1853/1871] Built Mathlib.Order.Interval.Set.Infinite (3.3s)
✔ [1854/1871] Built Mathlib.Data.Nat.Factors (3.7s)
✔ [1855/1871] Built Mathlib.Dynamics.PeriodicPts.Defs (5.0s)
✔ [1856/1871] Built Mathlib.RingTheory.Adjoin.Tower (5.9s)
✔ [1857/1872] Built Mathlib.Data.Nat.PrimeFin (3.6s)
✔ [1858/1872] Built Mathlib.Algebra.MonoidAlgebra.Cardinal (4.3s)
✔ [1859/1872] Built Mathlib.Dynamics.PeriodicPts.Lemmas (4.4s)
✔ [1860/1872] Built Mathlib.Algebra.Order.Ring.GeomSum (5.4s)
✔ [1861/1874] Built Mathlib.GroupTheory.GroupAction.Quotient (10s)
✔ [1862/1874] Built Mathlib.Algebra.Polynomial.Cardinal (4.1s)
✔ [1863/1877] Built Mathlib.RingTheory.FiniteType (13s)
✔ [1864/1877] Built Mathlib.Data.Nat.Choose.Bounds (4.0s)
✔ [1865/1877] Built Mathlib.NumberTheory.Divisors (17s)
✔ [1866/1877] Built Mathlib.Tactic.IntervalCases (6.2s)
✔ [1867/1877] Built Mathlib.LinearAlgebra.FreeModule.StrongRankCondition (4.0s)
✔ [1868/1878] Built Mathlib.Data.Nat.Digits.Defs (4.7s)
✔ [1869/1886] Built Mathlib.GroupTheory.Index (14s)
✔ [1870/1886] Built Mathlib.Data.Nat.Choose.Central (4.2s)
✔ [1871/1887] Built Mathlib.Data.Nat.MaxPowDiv (2.3s)
✔ [1872/1887] Built Mathlib.Algebra.Algebra.Subalgebra.IsSimpleOrder (5.2s)
✔ [1873/1887] Built Mathlib.Data.Nat.Digits.Lemmas (5.9s)
✔ [1874/1893] Built Mathlib.Algebra.Algebra.Subalgebra.Rank (9.3s)
✔ [1875/1894] Built Mathlib.Algebra.MonoidAlgebra.Division (5.4s)
✔ [1876/1895] Built Mathlib.RingTheory.Multiplicity (10s)
✔ [1877/1895] Built Mathlib.Tactic.ComputeDegree (6.9s)
✔ [1878/1895] Built Mathlib.Algebra.Polynomial.Inductions (5.0s)
✔ [1879/1895] Built Mathlib.Algebra.Polynomial.Derivative (14s)
✔ [1880/1896] Built Mathlib.NumberTheory.Padics.PadicVal.Defs (3.1s)
✔ [1881/1896] Built Mathlib.RingTheory.Algebraic.Defs (4.2s)
✔ [1882/1896] Built Mathlib.RingTheory.Polynomial.Tower (3.9s)
✔ [1883/1897] Built Mathlib.Data.Nat.Factorization.Defs (4.5s)
✔ [1884/1897] Built Mathlib.Algebra.Polynomial.CancelLeads (5.8s)
✔ [1885/1897] Built Mathlib.Algebra.Polynomial.Div (8.6s)
✔ [1886/1901] Built Mathlib.Algebra.Polynomial.Eval.SMul (5.3s)
✔ [1887/1902] Built Mathlib.GroupTheory.OrderOfElement (31s)
✔ [1888/1903] Built Mathlib.Data.Nat.Factorization.Basic (5.8s)
✔ [1889/1903] Built Mathlib.Order.Filter.Ker (3.5s)
✔ [1890/1905] Built Mathlib.Order.Filter.Finite (4.8s)
✔ [1891/1905] Built Mathlib.Algebra.Polynomial.RingDivision (6.3s)
✔ [1892/1905] Built Mathlib.Order.Filter.Bases.Finite (4.8s)
✔ [1893/1909] Built Mathlib.Data.Nat.Choose.Factorization (5.7s)
✔ [1894/1910] Built Mathlib.Data.ZMod.Basic (10s)
✔ [1895/1910] Built Mathlib.Order.Filter.Prod (8.5s)
✔ [1896/1910] Built Mathlib.Order.Heyting.Boundary (3.6s)
✔ [1897/1910] Built Mathlib.Order.Filter.Pi (4.6s)
✔ [1898/1910] Built Mathlib.Algebra.Group.TypeTags.Pointwise (2.5s)
✔ [1899/1915] Built Mathlib.Order.Filter.CountablyGenerated (3.6s)
✔ [1900/1915] Built Mathlib.Data.Nat.Multiplicity (4.5s)
✔ [1901/1916] Built Mathlib.Algebra.Algebra.ZMod (3.7s)
✔ [1902/1916] Built Mathlib.RingTheory.EuclideanDomain (4.0s)
✔ [1903/1922] Built Mathlib.Order.Filter.Cofinite (3.9s)
✔ [1904/1925] Built Mathlib.Algebra.BigOperators.Associated (4.3s)
✔ [1905/1925] Built Mathlib.Algebra.CharP.Lemmas (5.2s)
✔ [1906/1925] Built Mathlib.Algebra.Azumaya.Defs (5.3s)
✔ [1907/1925] Built Mathlib.Data.Finsupp.Weight (10s)
✔ [1908/1925] Built Mathlib.RingTheory.UniqueFactorizationDomain.Basic (5.3s)
✔ [1909/1925] Built Mathlib.Algebra.Central.Defs (4.1s)
✔ [1910/1925] Built Mathlib.Algebra.CharP.Frobenius (4.8s)
✔ [1911/1926] Built Mathlib.Order.Filter.TendstoCofinite (4.6s)
✔ [1912/1926] Built Mathlib.RingTheory.UniqueFactorizationDomain.NormalizedFactors (5.7s)
✔ [1913/1930] Built Mathlib.RingTheory.UniqueFactorizationDomain.FactorSet (7.3s)
✔ [1914/1930] Built Mathlib.Algebra.Central.Basic (4.9s)
✔ [1915/1932] Built Mathlib.Algebra.Polynomial.Expand (6.4s)
✔ [1916/1932] Built Mathlib.RingTheory.UniqueFactorizationDomain.Finite (4.3s)
✔ [1917/1933] Built Mathlib.RingTheory.UniqueFactorizationDomain.GCDMonoid (5.3s)
✔ [1918/1933] Built Mathlib.Tactic.SuppressCompilation (3.8s)
✔ [1919/1933] Built Mathlib.Order.DirectedInverseSystem (11s)
✔ [1920/1937] Built Mathlib.Algebra.Polynomial.Roots (12s)
✔ [1921/1937] Built Mathlib.Data.DFinsupp.Small (3.3s)
✔ [1922/1937] Built Mathlib.Algebra.Central.End (11s)
✔ [1923/1937] Built Mathlib.Algebra.Polynomial.FieldDivision (9.4s)
✔ [1924/1939] Built Mathlib.LinearAlgebra.TensorProduct.RightExactness (16s)
✔ [1925/1943] Built Mathlib.RingTheory.MvPolynomial.Basic (7.1s)
✔ [1926/1944] Built Mathlib.RingTheory.Polynomial.Content (7.1s)
✔ [1927/1944] Built Mathlib.LinearAlgebra.TensorProduct.Finiteness (5.0s)
✔ [1928/1944] Built Mathlib.RingTheory.Finiteness.Small (4.9s)
✔ [1929/1944] Built Mathlib.RingTheory.Nilpotent.Defs (3.0s)
✔ [1930/1944] Built Mathlib.RingTheory.Polynomial.UniqueFactorization (6.3s)
✔ [1931/1944] Built Mathlib.RingTheory.Adjoin.FGBaseChange (5.9s)
✔ [1932/1949] Built Mathlib.Algebra.Azumaya.Matrix (10s)
✔ [1933/1950] Built Mathlib.Algebra.Colimit.DirectLimit (41s)
✔ [1934/1950] Built Mathlib.Data.NNRat.Order (3.6s)
✔ [1935/1950] Built Mathlib.Algebra.BigOperators.Group.Finset.Indicator (4.3s)
✔ [1936/1952] Built Mathlib.RingTheory.Algebraic.Basic (12s)
✔ [1937/1952] Built Mathlib.Data.Finset.Density (11s)
✔ [1938/1955] Built Mathlib.Order.Interval.Finset.Gaps (7.3s)
✔ [1939/1955] Built Mathlib.Algebra.Colimit.Module (16s)
✔ [1940/1955] Built Mathlib.Algebra.AlgebraicCard (5.5s)
✔ [1941/1955] Built Mathlib.Algebra.BigOperators.Field (4.4s)
✔ [1942/1956] Built Mathlib.Algebra.Group.EvenFunction (4.6s)
✔ [1943/1956] Built Mathlib.RingTheory.IsTensorProduct (58s)
✔ [1944/1957] Built Mathlib.Algebra.BigOperators.Group.Finset.Gaps (5.2s)
✔ [1945/1957] Built Mathlib.Algebra.BigOperators.Expect (8.6s)
✔ [1946/1957] Built Mathlib.Data.Int.Interval (5.7s)
✔ [1947/1958] Built Mathlib.Algebra.Colimit.Finiteness (5.1s)
✔ [1948/1959] Built Mathlib.Algebra.BigOperators.Group.Finset.Powerset (4.6s)
✔ [1949/1959] Built Mathlib.LinearAlgebra.TensorProduct.DirectLimit (8.9s)
✔ [1950/1959] Built Mathlib.Algebra.BigOperators.Balance (4.6s)
✔ [1951/1959] Built Mathlib.Algebra.BigOperators.ModEq (5.4s)
✔ [1952/1966] Built Mathlib.Algebra.BigOperators.Group.Finset.Interval (5.7s)
✔ [1953/1967] Built Mathlib.Data.Sym.Sym2.Init (1.9s)
✔ [1954/1967] Built Mathlib.Algebra.BigOperators.Module (5.2s)
✔ [1955/1967] Built Mathlib.Algebra.Colimit.TensorProduct (4.9s)
✔ [1956/1968] Built Mathlib.Algebra.BigOperators.Ring.Nat (5.6s)
✔ [1957/1972] Built Mathlib.Algebra.BigOperators.WithTop (4.5s)
✔ [1958/1981] Built Mathlib.CategoryTheory.Category.Init (2.4s)
✔ [1959/1990] Built Mathlib.Tactic.CategoryTheory.CategoryStar (2.4s)
✔ [1960/1990] Built Mathlib.Data.Opposite (2.8s)
✔ [1961/2031] Built Mathlib.Logic.Lemmas (3.5s)
✔ [1962/2034] Built Mathlib.Combinatorics.Quiver.Basic (4.1s)
✔ [1963/2034] Built Mathlib.CategoryTheory.ConcreteCategory.Bundled (2.3s)
✔ [1964/2035] Built Mathlib.Data.Sym.Sym2 (15s)
✔ [1965/2035] Built Mathlib.Combinatorics.Quiver.Prefunctor (3.9s)
✔ [1966/2038] Built Mathlib.RingTheory.Flat.Basic (16s)
✔ [1967/2038] Built Mathlib.CategoryTheory.Category.Basic (7.8s)
✔ [1968/2038] Built Mathlib.Combinatorics.Quiver.Push (3.1s)
✔ [1969/2042] Built Mathlib.Data.Sym.Sym2.Order (6.3s)
✔ [1970/2042] Built Mathlib.Combinatorics.Quiver.Path (4.0s)
✔ [1971/2042] Built Mathlib.Data.List.Sym (7.9s)
✔ [1972/2042] Built Mathlib.Tactic.CategoryTheory.Slice (4.5s)
✔ [1973/2042] Built Mathlib.Combinatorics.Quiver.Symmetric (3.5s)
✔ [1974/2077] Built Mathlib.Algebra.Central.TensorProduct (6.7s)
✔ [1975/2080] Built Mathlib.CategoryTheory.Functor.Basic (4.7s)
✔ [1976/2082] Built Mathlib.Data.Multiset.Sym (3.0s)
✔ [1977/2087] Built Mathlib.Algebra.Group.Ext (3.7s)
✔ [1978/2087] Built Mathlib.Tactic.CategoryTheory.Reassoc (4.1s)
✔ [1979/2088] Built Mathlib.Algebra.Azumaya.Basic (7.2s)
✔ [1980/2088] Built Mathlib.Algebra.Group.TypeTags.Finite (3.9s)
✔ [1981/2092] Built Mathlib.Data.Finset.Sym (5.3s)
✔ [1982/2094] Built Mathlib.CategoryTheory.NatTrans (3.9s)
✔ [1983/2094] Built Mathlib.CategoryTheory.Iso (6.0s)
✔ [1984/2094] Built Mathlib.Algebra.BigOperators.Sym (4.1s)
✔ [1985/2094] Built Mathlib.Algebra.Group.Pointwise.Finset.Scalar (6.0s)
✔ [1986/2094] Built Mathlib.Order.Fin.Tuple (4.6s)
✔ [1987/2094] Built Mathlib.CategoryTheory.ObjectProperty.Basic (4.1s)
✔ [1988/2095] Built Mathlib.CategoryTheory.HomCongr (4.2s)
✔ [1989/2095] Built Mathlib.CategoryTheory.Functor.Category (8.7s)
✔ [1990/2095] Built Mathlib.Combinatorics.Enumerative.Composition (9.1s)
✔ [1991/2096] Built Mathlib.Tactic.CategoryTheory.IsoReassoc (3.4s)
✔ [1992/2096] Built Mathlib.CategoryTheory.ObjectProperty.ClosedUnderIsomorphisms (3.4s)
✔ [1993/2096] Built Mathlib.GroupTheory.Perm.Basic (3.5s)
✔ [1994/2100] Built Mathlib.CategoryTheory.Thin (3.5s)
✔ [1995/2101] Built Mathlib.Data.Fin.Tuple.NatAntidiagonal (5.0s)
✔ [1996/2105] Built Mathlib.Data.Fintype.Inv (3.4s)
✔ [1997/2105] Built Mathlib.GroupTheory.Perm.Support (5.0s)
✔ [1998/2105] Built Mathlib.CategoryTheory.NatIso (8.9s)
✔ [1999/2105] Built Mathlib.Algebra.Order.Antidiag.Pi (8.9s)
✔ [2000/2106] Built Mathlib.Data.Fintype.Perm (6.3s)
✔ [2001/2106] Built Mathlib.Logic.Equiv.Fintype (4.8s)
✔ [2002/2107] Built Mathlib.Data.Int.Order.Units (3.5s)
✔ [2003/2107] Built Mathlib.GroupTheory.Perm.List (5.1s)
✔ [2004/2107] Built Mathlib.CategoryTheory.Functor.FullyFaithful (5.8s)
✔ [2005/2107] Built Mathlib.Data.List.Iterate (3.2s)
✔ [2006/2107] Built Mathlib.Algebra.Order.Antidiag.Finsupp (6.7s)
✔ [2007/2109] Built Mathlib.GroupTheory.Perm.Finite (5.6s)
✔ [2008/2109] Built Mathlib.CategoryTheory.Bicategory.Basic (12s)
✔ [2009/2111] Built Mathlib.Data.Set.Pairwise.List (3.6s)
✔ [2010/2111] Built Mathlib.GroupTheory.Perm.Sign (6.5s)
✔ [2011/2113] Built Mathlib.CategoryTheory.InducedCategory (4.3s)
✔ [2012/2113] Built Mathlib.Combinatorics.Enumerative.Partition.Basic (5.6s)
✔ [2013/2115] Built Mathlib.Data.Nat.GCD.BigOperators (3.9s)
✔ [2014/2115] Built Mathlib.Tactic.Group (4.4s)
✔ [2015/2115] Built Mathlib.CategoryTheory.ObjectProperty.FullSubcategory (4.5s)
✔ [2016/2115] Built Mathlib.GroupTheory.Perm.Cycle.Basic (8.3s)
✔ [2017/2115] Built Mathlib.Tactic.NormNum.GCD (7.5s)
✔ [2018/2115] Built Mathlib.GroupTheory.Perm.Option (3.9s)
✔ [2019/2115] Built Mathlib.GroupTheory.NoncommPiCoprod (8.6s)
✔ [2020/2115] Built Mathlib.CategoryTheory.Whiskering (20s)
✔ [2021/2115] Built Mathlib.CategoryTheory.EssentialImage (4.2s)
✔ [2022/2115] Built Mathlib.CategoryTheory.ObjectProperty.CompleteLattice (3.6s)
✔ [2023/2115] Built Mathlib.CategoryTheory.ConcreteCategory.Basic (4.0s)
✔ [2024/2116] Built Mathlib.GroupTheory.Perm.Closure (4.8s)
✔ [2025/2122] Built Mathlib.CategoryTheory.Functor.ReflectsIso.Basic (3.4s)
✔ [2026/2126] Built Mathlib.GroupTheory.Perm.Cycle.Factors (7.7s)
✔ [2027/2126] Built Mathlib.Tactic.CategoryTheory.Elementwise (4.9s)
✔ [2028/2126] Built Mathlib.Data.FunLike.Group (4.9s)
✔ [2029/2127] Built Mathlib.CategoryTheory.Elementwise (3.8s)
✔ [2030/2155] Built Mathlib.LinearAlgebra.Matrix.SemiringInverse (7.0s)
✔ [2031/2161] Built Mathlib.Data.FunLike.Module (5.3s)
✔ [2032/2161] Built Mathlib.CategoryTheory.Equivalence (16s)
✔ [2033/2167] Built Mathlib.GroupTheory.Perm.Cycle.Type (17s)
✔ [2034/2167] Built Mathlib.CategoryTheory.Functor.Trifunctor (8.1s)
✔ [2035/2171] Built Mathlib.Algebra.Module.LinearMap.Rat (3.8s)
✔ [2036/2175] Built Mathlib.Tactic.CategoryTheory.Coherence.Datatypes (3.9s)
✔ [2037/2175] Built Mathlib.CategoryTheory.Opposites (15s)
✔ [2038/2175] Built Mathlib.GroupTheory.Perm.Fin (9.7s)
✔ [2039/2175] Built Mathlib.Tactic.CategoryTheory.CancelIso (4.0s)
✔ [2040/2182] Built Mathlib.CategoryTheory.Functor.Const (5.5s)
✔ [2041/2182] Built Mathlib.LinearAlgebra.Multilinear.Basic (23s)
✔ [2042/2191] Built Mathlib.Tactic.CategoryTheory.Coherence.PureCoherence (11s)
✔ [2043/2197] Built Mathlib.CategoryTheory.EqToHom (6.8s)
✔ [2044/2200] Built Mathlib.Tactic.CategoryTheory.Coherence.Normalize (9.4s)
✔ [2045/2200] Built Mathlib.CategoryTheory.Functor.TwoSquare (5.9s)
✔ [2046/2200] Built Mathlib.CategoryTheory.Category.ULift (5.2s)
✔ [2047/2200] Built Mathlib.CategoryTheory.Bicategory.Strict.Basic (3.4s)
✔ [2048/2200] Built Mathlib.CategoryTheory.Category.Preorder (4.8s)
✔ [2049/2200] Built Mathlib.LinearAlgebra.Multilinear.DFinsupp (13s)
✔ [2050/2200] Built Mathlib.Tactic.CategoryTheory.Coherence.Basic (4.6s)
✔ [2051/2200] Built Mathlib.CategoryTheory.Products.Basic (11s)
✔ [2052/2204] Built Mathlib.LinearAlgebra.Multilinear.Finsupp (9.7s)
✔ [2053/2204] Built Mathlib.RingTheory.Congruence.Hom (17s)
✔ [2054/2204] Built Mathlib.CategoryTheory.Pi.Basic (11s)
✔ [2055/2204] Built Mathlib.LinearAlgebra.Multilinear.Basis (5.2s)
✔ [2056/2204] Built Mathlib.CategoryTheory.Functor.Currying (9.0s)
✔ [2057/2204] Built Mathlib.Algebra.TrivSqZeroExt.Basic (31s)
✔ [2058/2208] Built Mathlib.CategoryTheory.Discrete.Basic (7.0s)
✔ [2059/2208] Built Mathlib.CategoryTheory.Monoidal.Category (19s)
✔ [2060/2208] Built Mathlib.CategoryTheory.Products.Unitor (4.1s)
✔ [2061/2208] Built Mathlib.LinearAlgebra.TensorAlgebra.Basic (10s)
✔ [2062/2208] Built Mathlib.RingTheory.Coalgebra.Basic (18s)
✔ [2063/2208] Built Mathlib.CategoryTheory.FinCategory.Basic (3.7s)
✔ [2064/2208] Built Mathlib.CategoryTheory.PEmpty (3.6s)
✔ [2065/2211] Built Mathlib.CategoryTheory.PUnit (5.0s)
✔ [2066/2211] Built Mathlib.Tactic.CategoryTheory.MonoidalComp (4.3s)
✔ [2067/2211] Built Mathlib.LinearAlgebra.Alternating.Basic (20s)
✔ [2068/2213] Built Mathlib.CategoryTheory.FinCategory.AsType (4.6s)
✔ [2069/2213] Built Mathlib.RingTheory.Bialgebra.Basic (7.9s)
✔ [2070/2213] Built Mathlib.RingTheory.Coalgebra.Hom (9.7s)
✔ [2071/2214] Built Mathlib.Tactic.CategoryTheory.Monoidal.Datatypes (9.3s)
✔ [2072/2214] Built Mathlib.CategoryTheory.Comma.Basic (23s)
✔ [2073/2214] Built Mathlib.LinearAlgebra.Matrix.Determinant.Basic (14s)
✔ [2074/2214] Built Mathlib.RingTheory.Bialgebra.Hom (13s)
✔ [2075/2214] Built Mathlib.RingTheory.Coalgebra.Equiv (13s)
✔ [2076/2214] Built Mathlib.Tactic.CategoryTheory.Monoidal.Normalize (11s)
✔ [2077/2214] Built Mathlib.Tactic.CategoryTheory.Monoidal.PureCoherence (8.7s)
✔ [2078/2214] Built Mathlib.Algebra.Ring.BooleanRing (7.6s)
✔ [2079/2215] Built Mathlib.CategoryTheory.Comma.Arrow (8.6s)
✔ [2080/2215] Built Mathlib.LinearAlgebra.Matrix.Reindex (7.6s)
✔ [2081/2215] Built Mathlib.CategoryTheory.CommSq (5.9s)
✔ [2082/2223] Built Mathlib.Tactic.CategoryTheory.Monoidal.Basic (11s)
✔ [2083/2234] Built Mathlib.RingTheory.Bialgebra.Equiv (15s)
✔ [2084/2234] Built Mathlib.CategoryTheory.MorphismProperty.Basic (8.1s)
✔ [2085/2234] Built Mathlib.CategoryTheory.Monoidal.CoherenceLemmas (4.6s)
✔ [2086/2234] Built Mathlib.Order.Heyting.Hom (7.1s)
✔ [2087/2238] Built Mathlib.CategoryTheory.MorphismProperty.Composition (6.3s)
✔ [2088/2238] Built Mathlib.CategoryTheory.Groupoid (5.6s)
✔ [2089/2238] Built Mathlib.GroupTheory.MonoidLocalization.Away (4.8s)
✔ [2090/2238] Built Mathlib.CategoryTheory.MorphismProperty.Factorization (7.1s)
✔ [2091/2241] Built Mathlib.RingTheory.UniqueFactorizationDomain.Multiplicity (4.9s)
✔ [2092/2241] Built Mathlib.CategoryTheory.Endomorphism (4.0s)
✔ [2093/2241] Built Mathlib.CategoryTheory.EpiMono (5.6s)
✔ [2094/2241] Built Mathlib.RingTheory.TwoSidedIdeal.Operations (7.3s)
✔ [2095/2241] Built Mathlib.CategoryTheory.Conj (5.3s)
✔ [2096/2241] Built Mathlib.RingTheory.Jacobson.Radical (9.7s)
✔ [2097/2241] Built Mathlib.CategoryTheory.Retract (7.7s)
✔ [2098/2244] Built Mathlib.RingTheory.Coalgebra.CoassocSimps (87s)
✔ [2099/2248] Built Mathlib.CategoryTheory.Types.Basic (7.5s)
✔ [2100/2248] Built Mathlib.RingTheory.Localization.Away.Basic (19s)
✔ [2101/2248] Built Mathlib.CategoryTheory.Balanced (4.2s)
✔ [2102/2249] Built Mathlib.CategoryTheory.LiftingProperties.Basic (5.2s)
✔ [2103/2249] Built Mathlib.RingTheory.LocalRing.Defs (2.7s)
✔ [2104/2249] Built Mathlib.RingTheory.Jacobson.Ideal (7.6s)
✔ [2105/2249] Built Mathlib.RingTheory.Spectrum.Maximal.Defs (4.6s)
✔ [2106/2249] Built Mathlib.CategoryTheory.Limits.Types.ColimitType (6.1s)
✔ [2107/2249] Built Mathlib.CategoryTheory.Functor.Hom (4.0s)
✔ [2108/2249] Built Mathlib.CategoryTheory.Category.Cat (10s)
✔ [2109/2249] Built Mathlib.CategoryTheory.ConcreteCategory.Forget (5.4s)
✔ [2110/2251] Built Mathlib.CategoryTheory.Limits.Shapes.StrongEpi (4.6s)
✔ [2111/2251] Built Mathlib.RingTheory.LocalRing.Basic (4.9s)
✔ [2112/2251] Built Mathlib.CategoryTheory.IsomorphismClasses (4.5s)
✔ [2113/2251] Built Mathlib.Order.Category.Preord (5.1s)
✔ [2114/2251] Built Mathlib.CategoryTheory.MorphismProperty.Concrete (4.9s)
✔ [2115/2254] Built Mathlib.RingTheory.Coalgebra.TensorProduct (30s)
✔ [2116/2254] Built Mathlib.CategoryTheory.ConcreteCategory.ReflectsIso (3.9s)
✔ [2117/2254] Built Mathlib.RingTheory.LocalRing.MaximalIdeal.Defs (4.9s)
✔ [2118/2254] Built Mathlib.Algebra.Category.MonCat.Basic (12s)
✔ [2119/2255] Built Mathlib.RingTheory.Localization.Integer (5.3s)
✔ [2120/2255] Built Mathlib.CategoryTheory.Yoneda (30s)
✔ [2121/2256] Built Mathlib.RingTheory.LocalRing.MaximalIdeal.Basic (5.6s)
✔ [2122/2258] Built Mathlib.Algebra.Category.MonCat.ForgetCorepresentable (4.7s)
✔ [2123/2258] Built Mathlib.Algebra.Category.Grp.Basic (15s)
✔ [2124/2258] Built Mathlib.RingTheory.Bialgebra.TensorProduct (28s)
✔ [2125/2258] Built Mathlib.Algebra.Module.LocalizedModule.Basic (40s)
✔ [2126/2258] Built Mathlib.RingTheory.LocalRing.RingHom.Basic (6.1s)
✔ [2127/2260] Built Mathlib.Algebra.Module.LocalizedModule.IsLocalization (6.7s)
✔ [2128/2262] Built Mathlib.CategoryTheory.Adjunction.Basic (17s)
✔ [2129/2262] Built Mathlib.Algebra.Category.Ring.Basic (14s)
✔ [2130/2262] Built Mathlib.Control.Bifunctor (4.3s)
✔ [2131/2262] Built Mathlib.CategoryTheory.Category.Pointed (5.1s)
✔ [2132/2262] Built Mathlib.RingTheory.Localization.Module (13s)
✔ [2133/2262] Built Mathlib.Order.Category.PartOrd (6.6s)
✔ [2134/2262] Built Mathlib.CategoryTheory.Limits.Cones (41s)
✔ [2135/2262] Built Mathlib.CategoryTheory.LiftingProperties.Adjunction (4.7s)
✔ [2136/2264] Built Mathlib.CategoryTheory.Adjunction.FullyFaithful (6.5s)
✔ [2137/2264] Built Mathlib.RingTheory.FreeRing (5.2s)
✔ [2138/2264] Built Mathlib.Logic.Equiv.Functor (4.2s)
✔ [2139/2266] Built Mathlib.CategoryTheory.Skeletal (8.2s)
✔ [2140/2266] Built Mathlib.CategoryTheory.Adjunction.Mates (12s)
✔ [2141/2266] Built Mathlib.Algebra.Category.Ring.Instances (5.8s)
✔ [2142/2266] Built Mathlib.CategoryTheory.Category.Bipointed (4.6s)
✔ [2143/2266] Built Mathlib.Order.Category.Semilat (5.0s)
✔ [2144/2266] Built Mathlib.Order.Category.Lat (5.2s)
✔ [2145/2266] Built Mathlib.CategoryTheory.Functor.EpiMono (5.3s)
✔ [2146/2266] Built Mathlib.Algebra.Group.Submonoid.Units (9.8s)
✔ [2147/2266] Built Mathlib.CategoryTheory.Limits.IsLimit (19s)
✔ [2148/2266] Built Mathlib.CategoryTheory.EssentiallySmall (6.2s)
✔ [2149/2266] Built Mathlib.RingTheory.FreeCommRing (8.3s)
✔ [2150/2266] Built Mathlib.RingTheory.Localization.BaseChange (32s)
✔ [2151/2266] Built Mathlib.CategoryTheory.Adjunction.Unique (5.4s)
✔ [2152/2266] Built Mathlib.Order.Category.BddOrd (5.7s)
✔ [2153/2266] Built Mathlib.Order.Category.DistLat (6.1s)
✔ [2154/2266] Built Mathlib.Algebra.Ring.Subring.Units (4.4s)
✔ [2155/2271] Built Mathlib.CategoryTheory.Monoidal.Functor (32s)
✔ [2156/2271] Built Mathlib.CategoryTheory.Limits.Shapes.IsTerminal (11s)
✔ [2157/2271] Built Mathlib.Order.Category.BddLat (9.2s)
✔ [2158/2271] Built Mathlib.CategoryTheory.ShrinkYoneda (13s)
✔ [2159/2271] Built Mathlib.CategoryTheory.Limits.HasLimits (16s)
✔ [2160/2272] Built Mathlib.CategoryTheory.Monad.Basic (9.7s)
✔ [2161/2272] Built Mathlib.CategoryTheory.Monoidal.NaturalTransformation (8.1s)
✔ [2162/2274] Built Mathlib.CategoryTheory.Monoidal.Opposite (12s)
✔ [2163/2274] Built Mathlib.Order.Category.BddDistLat (7.3s)
✔ [2164/2274] Built Mathlib.CategoryTheory.Limits.Shapes.Terminal (7.7s)
✔ [2165/2274] Built Mathlib.CategoryTheory.Limits.Preserves.Basic (7.7s)
✔ [2166/2274] Built Mathlib.Algebra.Category.Ring.Colimits (10s)
✔ [2167/2274] Built Mathlib.CategoryTheory.Monad.Algebra (9.2s)
✔ [2168/2274] Built Mathlib.CategoryTheory.Limits.Unit (4.4s)
✔ [2169/2274] Built Mathlib.CategoryTheory.Limits.Shapes.WidePullbacks (18s)
✔ [2170/2275] Built Mathlib.CategoryTheory.Monoidal.Discrete (7.9s)
✔ [2171/2275] Built Mathlib.CategoryTheory.Monoidal.Transport (8.3s)
✔ [2172/2275] Built Mathlib.CategoryTheory.Comma.StructuredArrow.Basic (41s)
✔ [2173/2275] Built Mathlib.Order.Category.HeytAlg (5.1s)
✔ [2174/2275] Built Mathlib.CategoryTheory.Limits.Shapes.ZeroObjects (4.6s)
✔ [2175/2278] Built Mathlib.CategoryTheory.Limits.Preserves.Shapes.Terminal (4.8s)
✔ [2176/2278] Built Mathlib.CategoryTheory.Limits.Shapes.Products (30s)
✔ [2177/2278] Built Mathlib.CategoryTheory.Limits.Preserves.Limits (5.5s)
✔ [2178/2278] Built Mathlib.CategoryTheory.Adjunction.Comma (5.6s)
✔ [2179/2278] Built Mathlib.CategoryTheory.Limits.Creates (8.8s)
✔ [2180/2278] Built Mathlib.CategoryTheory.Limits.Preserves.Shapes.Products (5.3s)
✔ [2181/2278] Built Mathlib.Order.Category.BoolAlg (9.1s)
✔ [2182/2278] Built Mathlib.CategoryTheory.Monoidal.Braided.Basic (21s)
✔ [2183/2279] Built Mathlib.CategoryTheory.Adjunction.Limits (10s)
✔ [2184/2279] Built Mathlib.CategoryTheory.Limits.FunctorCategory.Basic (14s)
✔ [2185/2281] Built Mathlib.Algebra.Category.BoolRing (7.1s)
✔ [2186/2281] Built Mathlib.CategoryTheory.Monoidal.Braided.Opposite (4.4s)
✔ [2187/2286] Built Mathlib.CategoryTheory.Bicategory.Functor.Prelax (6.1s)
✔ [2188/2288] Built Mathlib.CategoryTheory.Limits.Shapes.Equivalence (3.9s)
✔ [2189/2289] Built Mathlib.Tactic.CategoryTheory.ToApp (4.0s)
✔ [2190/2291] Built Mathlib.CategoryTheory.ObjectProperty.Opposite (4.2s)
✔ [2191/2291] Built Mathlib.CategoryTheory.Bicategory.Functor.Oplax (9.9s)
✔ [2192/2291] Built Mathlib.CategoryTheory.Bicategory.Functor.Lax (11s)
✔ [2193/2291] Built Mathlib.CategoryTheory.Comma.Over.Basic (47s)
✔ [2194/2291] Built Mathlib.RingTheory.Finiteness.Ideal (4.8s)
✔ [2195/2291] Built Mathlib.RingTheory.MvPolynomial.Tower (4.4s)
✔ [2196/2291] Built Mathlib.CategoryTheory.Limits.ConeCategory (9.2s)
✔ [2197/2291] Built Mathlib.CategoryTheory.Monoidal.Mon (39s)
✔ [2198/2292] Built Mathlib.CategoryTheory.Bicategory.Functor.Pseudofunctor (15s)
✔ [2199/2293] Built Mathlib.Algebra.Category.Ring.Adjunctions (10s)
✔ [2200/2293] Built Mathlib.RingTheory.FinitePresentation (10s)
✔ [2201/2293] Built Mathlib.CategoryTheory.MorphismProperty.Comma (25s)
✔ [2202/2294] Built Mathlib.CategoryTheory.Category.Cat.AsSmall (3.6s)
✔ [2203/2301] Built Mathlib.CategoryTheory.Monoidal.Comon_ (11s)
✔ [2204/2302] Built Mathlib.CategoryTheory.Limits.Shapes.BinaryProducts (21s)
✔ [2205/2302] Built Mathlib.CategoryTheory.IsConnected (5.2s)
✔ [2206/2302] Built Mathlib.CategoryTheory.ObjectProperty.Equivalence (4.2s)
✔ [2207/2302] Built Mathlib.CategoryTheory.Monad.Products (7.5s)
✔ [2208/2302] Built Mathlib.CategoryTheory.Limits.Shapes.StrictInitial (4.7s)
✔ [2209/2306] Built Mathlib.CategoryTheory.Limits.Shapes.Pullback.Cospan (8.5s)
✔ [2210/2306] Built Mathlib.CategoryTheory.Limits.Preserves.Shapes.BinaryProducts (4.8s)
✔ [2211/2311] Built Mathlib.CategoryTheory.ObjectProperty.Small (5.0s)
✔ [2212/2324] Built Mathlib.CategoryTheory.EffectiveEpi.Basic (5.1s)
✔ [2213/2324] Built Mathlib.CategoryTheory.ConcreteCategory.Representable (3.7s)
✔ [2214/2331] Built Mathlib.CategoryTheory.Limits.Shapes.Pullback.PullbackCone (7.9s)
✔ [2215/2331] Built Mathlib.Algebra.WithConv (5.2s)
✔ [2216/2331] Built Mathlib.CategoryTheory.Elements (15s)
✔ [2217/2331] Built Mathlib.CategoryTheory.Limits.Shapes.Pullback.HasPullback (10s)
✔ [2218/2332] Built Mathlib.CategoryTheory.WithTerminal.Basic (44s)
✔ [2219/2332] Built Mathlib.RingTheory.Coalgebra.Convolution (13s)
✔ [2220/2334] Built Mathlib.CategoryTheory.Limits.Shapes.Pullback.Iso (5.8s)
✔ [2221/2334] Built Mathlib.CategoryTheory.Limits.Shapes.Equalizers (16s)
✔ [2222/2334] Built Mathlib.CategoryTheory.Limits.Shapes.Pullback.Pasting (11s)
✔ [2223/2334] Built Mathlib.CategoryTheory.Grothendieck (19s)
✔ [2224/2334] Built Mathlib.CategoryTheory.Adjunction.Parametrized (5.9s)
✔ [2225/2334] Built Mathlib.RingTheory.HopfAlgebra.Basic (6.0s)
✔ [2226/2334] Built Mathlib.Tactic.BDSimp (2.5s)
✔ [2227/2334] Built Mathlib.CategoryTheory.Limits.Shapes.Pullback.Mono (8.3s)
✔ [2228/2334] Built Mathlib.RingTheory.Bialgebra.Convolution (11s)
✔ [2229/2334] Built Mathlib.CategoryTheory.Limits.Shapes.FiniteLimits (5.1s)
✔ [2230/2335] Built Mathlib.CategoryTheory.Limits.Connected (5.7s)
✔ [2231/2335] Built Mathlib.CategoryTheory.WithTerminal.Cone (18s)
✔ [2232/2339] Built Mathlib.CategoryTheory.Limits.Shapes.Grothendieck (9.0s)
✔ [2233/2339] Built Mathlib.RingTheory.HopfAlgebra.TensorProduct (9.2s)
✔ [2234/2339] Built Mathlib.CategoryTheory.Comma.Over.Pullback (14s)
✔ [2235/2339] Built Mathlib.CategoryTheory.Limits.Shapes.Pullback.Assoc (13s)
✔ [2236/2339] Built Mathlib.CategoryTheory.Monoidal.Closed.Basic (8.5s)
✔ [2237/2339] Built Mathlib.CategoryTheory.Limits.Opposites (8.9s)
✔ [2238/2340] Built Mathlib.CategoryTheory.Limits.Shapes.Images (12s)
✔ [2239/2340] Built Mathlib.RingTheory.HopfAlgebra.Convolution (13s)
✔ [2240/2341] Built Mathlib.CategoryTheory.Filtered.Basic (7.6s)
✔ [2241/2341] Built Mathlib.CategoryTheory.Limits.Shapes.FiniteProducts (4.4s)
✔ [2242/2341] Built Mathlib.Algebra.Category.Grp.Yoneda (6.0s)
✔ [2243/2341] Built Mathlib.CategoryTheory.Limits.Shapes.ZeroMorphisms (8.5s)
✔ [2244/2341] Built Mathlib.CategoryTheory.Filtered.Connected (3.0s)
✔ [2245/2341] Built Mathlib.CategoryTheory.Limits.Shapes.Opposites.Pullbacks (10s)
✔ [2246/2341] Built Mathlib.CategoryTheory.Limits.Preserves.Filtered (4.1s)
✔ [2247/2341] Built Mathlib.CategoryTheory.Limits.Preserves.Finite (4.8s)
✔ [2248/2341] Built Mathlib.CategoryTheory.Monoidal.Rigid.Basic (14s)
✔ [2249/2342] Built Mathlib.CategoryTheory.Limits.Preserves.Shapes.Zero (5.3s)
✔ [2250/2342] Built Mathlib.CategoryTheory.Limits.Preserves.Creates.Finite (4.8s)
✔ [2251/2342] Built Mathlib.CategoryTheory.Limits.Shapes.Pullback.IsPullback.Defs (6.6s)
✔ [2252/2342] Built Mathlib.Algebra.Category.ModuleCat.Semi (9.5s)
✔ [2253/2342] Built Mathlib.CategoryTheory.Limits.Shapes.Opposites.Equalizers (9.1s)
✔ [2254/2342] Built Mathlib.CategoryTheory.Limits.Constructions.FiniteProductsOfBinaryProducts (4.0s)
✔ [2255/2342] Built Mathlib.CategoryTheory.ObjectProperty.ContainsZero (3.8s)
✔ [2256/2350] Built Mathlib.Algebra.Module.LinearMap.DivisionRing (4.3s)
✔ [2257/2350] Built Mathlib.CategoryTheory.Limits.ExactFunctor (9.5s)
✔ [2258/2350] Built Mathlib.Logic.Equiv.Multiset (4.3s)
✔ [2259/2354] Built Mathlib.CategoryTheory.Limits.Shapes.RegularMono (10s)
✔ [2260/2355] Built Mathlib.Logic.Equiv.Finset (4.0s)
✔ [2261/2355] Built Mathlib.LinearAlgebra.Dual.Basis (7.8s)
✔ [2262/2359] Built Mathlib.Logic.Encodable.Pi (3.7s)
✔ [2263/2359] Built Mathlib.CategoryTheory.Limits.Shapes.Kernels (20s)
✔ [2264/2361] Built Mathlib.LinearAlgebra.Matrix.InvariantBasisNumber (7.1s)
✔ [2265/2361] Built Mathlib.LinearAlgebra.Dimension.RankNullity (10s)
✔ [2266/2362] Built Mathlib.Data.W.Basic (4.6s)
✔ [2267/2362] Built Mathlib.RingTheory.Finiteness.Projective (4.0s)
✔ [2268/2362] Built Mathlib.CategoryTheory.ConcreteCategory.Elementwise (4.4s)
✔ [2269/2362] Built Mathlib.CategoryTheory.Preadditive.Basic (9.7s)
✔ [2270/2362] Built Mathlib.LinearAlgebra.FreeModule.Finite.Matrix (9.2s)
✔ [2271/2362] Built Mathlib.LinearAlgebra.SesquilinearForm.Basic (22s)
✔ [2272/2363] Built Mathlib.Data.W.Cardinal (4.4s)
✔ [2273/2363] Built Mathlib.CategoryTheory.Limits.Shapes.Biproducts (22s)
✔ [2274/2363] Built Mathlib.LinearAlgebra.Dimension.DivisionRing (8.6s)
✔ [2275/2363] Built Mathlib.CategoryTheory.Limits.Types.Colimits (5.5s)
✔ [2276/2364] Built Mathlib.CategoryTheory.Limits.Types.Limits (6.0s)
✔ [2277/2364] Built Mathlib.CategoryTheory.Preadditive.FunctorCategory (5.1s)
✔ [2278/2364] Built Mathlib.Algebra.Category.Grp.Preadditive (5.6s)
✔ [2279/2364] Built Mathlib.CategoryTheory.Linear.Basic (5.7s)
✔ [2280/2364] Built Mathlib.SetTheory.Cardinal.Subfield (4.0s)
✔ [2281/2367] Built Mathlib.CategoryTheory.Limits.Types.Filtered (7.6s)
✔ [2282/2367] Built Mathlib.LinearAlgebra.FiniteDimensional.Lemmas (9.0s)
✔ [2283/2367] Built Mathlib.CategoryTheory.Limits.Types.Products (7.5s)
✔ [2284/2367] Built Mathlib.CategoryTheory.Limits.Preserves.Ulift (3.7s)
✔ [2285/2367] Built Mathlib.CategoryTheory.Limits.Types.Images (3.5s)
✔ [2286/2369] Built Mathlib.CategoryTheory.Limits.Types.Yoneda (9.0s)
✔ [2287/2369] Built Mathlib.CategoryTheory.Limits.Shapes.BinaryBiproducts (20s)
✔ [2288/2369] Built Mathlib.CategoryTheory.Limits.Shapes.SplitCoequalizer (4.5s)
✔ [2289/2369] Built Mathlib.Algebra.Category.MonCat.Limits (12s)
✔ [2290/2369] Built Mathlib.Algebra.Category.Grp.ForgetCorepresentable (4.7s)
✔ [2291/2370] Built Mathlib.LinearAlgebra.Dimension.ErdosKaplansky (7.6s)
✔ [2292/2370] Built Mathlib.CategoryTheory.Limits.Shapes.SplitEqualizer (5.3s)
✔ [2293/2370] Built Mathlib.Algebra.Category.Grp.Colimits (12s)
✔ [2294/2370] Built Mathlib.Algebra.Category.MonCat.FilteredColimits (12s)
✔ [2295/2370] Built Mathlib.LinearAlgebra.DirectSum.Finite (4.7s)
✔ [2296/2371] Built Mathlib.CategoryTheory.Limits.Yoneda (6.0s)
✔ [2297/2371] Built Mathlib.CategoryTheory.ObjectProperty.Retract (4.3s)
✔ [2298/2371] Built Mathlib.CategoryTheory.Limits.Preserves.Shapes.Biproducts (6.7s)
✔ [2299/2372] Built Mathlib.CategoryTheory.Limits.Preserves.Shapes.Equalizers (6.2s)
✔ [2300/2372] Built Mathlib.CategoryTheory.Limits.ConcreteCategory.Basic (5.8s)
✔ [2301/2373] Built Mathlib.Algebra.Category.Grp.FilteredColimits (10s)
✔ [2302/2373] Built Mathlib.CategoryTheory.Limits.Preserves.Shapes.Pullbacks (11s)
✔ [2303/2373] Built Mathlib.CategoryTheory.Limits.Constructions.Pullbacks (5.0s)
✔ [2304/2373] Built Mathlib.CategoryTheory.Limits.Final (24s)
✔ [2305/2373] Built Mathlib.CategoryTheory.Preadditive.Biproducts (23s)
✔ [2306/2373] Built Mathlib.LinearAlgebra.Dual.Lemmas (42s)
✔ [2307/2373] Built Mathlib.CategoryTheory.Limits.Preserves.Shapes.Kernels (8.5s)
✔ [2308/2373] Built Mathlib.Algebra.Category.Ring.FilteredColimits (17s)
✔ [2309/2373] Built Mathlib.CategoryTheory.Limits.Constructions.Equalizers (6.6s)
✔ [2310/2373] Built Mathlib.CategoryTheory.Limits.Constructions.EpiMono (4.4s)
✔ [2311/2375] Built Mathlib.Algebra.Category.Grp.Limits (23s)
✔ [2312/2375] Built Mathlib.CategoryTheory.Limits.Presentation (5.1s)
✔ [2313/2379] Built Mathlib.CategoryTheory.Limits.Constructions.BinaryProducts (5.0s)
✔ [2314/2379] Built Mathlib.CategoryTheory.Preadditive.AdditiveFunctor (7.2s)
✔ [2315/2379] Built Mathlib.CategoryTheory.ConcreteCategory.EpiMono (4.3s)
✔ [2316/2381] Built Mathlib.CategoryTheory.Limits.Comma (8.3s)
✔ [2317/2381] Built Mathlib.CategoryTheory.Limits.Shapes.NormalMono.Basic (7.5s)
✔ [2318/2382] Built Mathlib.LinearAlgebra.Contraction (12s)
✔ [2319/2382] Built Mathlib.CategoryTheory.ObjectProperty.LimitsOfShape (4.7s)
✔ [2320/2382] Built Mathlib.CategoryTheory.Abelian.Images (6.3s)
✔ [2321/2382] Built Mathlib.CategoryTheory.Limits.Shapes.Pullback.IsPullback.Basic (7.9s)
✔ [2322/2382] Built Mathlib.CategoryTheory.Limits.Constructions.LimitsOfProductsAndEqualizers (10s)
✔ [2323/2382] Built Mathlib.CategoryTheory.Preadditive.Opposite (6.2s)
✔ [2324/2382] Built Mathlib.CategoryTheory.Monoidal.Preadditive (9.6s)
✔ [2325/2382] Built Mathlib.CategoryTheory.Linear.LinearFunctor (5.5s)
✔ [2326/2382] Built Mathlib.Algebra.Category.ModuleCat.Basic (19s)
✔ [2327/2382] Built Mathlib.CategoryTheory.Limits.Over (5.3s)
✔ [2328/2383] Built Mathlib.Algebra.Category.Ring.Limits (33s)
✔ [2329/2383] Built Mathlib.CategoryTheory.ObjectProperty.ColimitsOfShape (5.4s)
✔ [2330/2383] Built Mathlib.CategoryTheory.Limits.Shapes.NormalMono.Equalizers (9.9s)
✔ [2331/2383] Built Mathlib.CategoryTheory.Limits.Preserves.Shapes.AbelianImages (5.8s)
✔ [2332/2383] Built Mathlib.LinearAlgebra.Coevaluation (7.5s)
✔ [2333/2383] Built Mathlib.CategoryTheory.Monoidal.Linear (4.6s)
✔ [2334/2383] Built Mathlib.CategoryTheory.Limits.Shapes.KernelPair (4.9s)
✔ [2335/2383] Built Mathlib.Algebra.Category.ModuleCat.Products (5.9s)
✔ [2336/2383] Built Mathlib.CategoryTheory.Preadditive.Yoneda.Basic (8.3s)
✔ [2337/2383] Built Mathlib.Algebra.Category.CoalgCat.Basic (7.9s)
✔ [2338/2383] Built Mathlib.Algebra.Category.ModuleCat.EpiMono (4.4s)
✔ [2339/2383] Built Mathlib.Algebra.Category.AlgCat.Basic (10s)
✔ [2340/2383] Built Mathlib.Algebra.Category.ModuleCat.Colimits (8.5s)
✔ [2341/2384] Built Mathlib.Algebra.Category.Grp.ZModuleEquivalence (4.3s)
✔ [2342/2384] Built Mathlib.Algebra.Category.Grp.Biproducts (4.9s)
✔ [2343/2384] Built Mathlib.CategoryTheory.Limits.FullSubcategory (3.0s)
✔ [2344/2384] Built Mathlib.CategoryTheory.Abelian.NonPreadditive (9.1s)
✔ [2345/2384] Built Mathlib.Algebra.Category.ModuleCat.Limits (16s)
✔ [2346/2384] Built Mathlib.Algebra.Category.Ring.Constructions (19s)
✔ [2347/2384] Built Mathlib.CategoryTheory.Monoidal.Subcategory (9.1s)
✔ [2348/2384] Built Mathlib.CategoryTheory.Limits.Shapes.Diagonal (20s)
✔ [2349/2384] Built Mathlib.CategoryTheory.Linear.Yoneda (8.3s)
✔ [2350/2384] Built Mathlib.Algebra.Category.ModuleCat.Monoidal.Basic (16s)
✔ [2351/2384] Built Mathlib.Algebra.Category.ModuleCat.Kernels (7.5s)
✔ [2352/2384] Built Mathlib.Algebra.Category.BialgCat.Basic (9.4s)
✔ [2353/2384] Built Mathlib.Algebra.BrauerGroup.Defs (5.7s)
✔ [2354/2384] Built Mathlib.Algebra.Category.AlgCat.FilteredColimits (7.5s)
✔ [2355/2384] Built Mathlib.CategoryTheory.Monoidal.Cartesian.Basic (19s)
✔ [2356/2384] Built Mathlib.CategoryTheory.Abelian.Basic (18s)
✔ [2357/2384] Built Mathlib.Algebra.Category.AlgCat.Limits (17s)
✔ [2358/2384] Built Mathlib.Algebra.Category.Ring.Under.Basic (10s)
✔ [2359/2384] Built Mathlib.Algebra.Category.AlgCat.Monoidal (8.8s)
✔ [2360/2387] Built Mathlib.CategoryTheory.MorphismProperty.Limits (11s)
✔ [2361/2387] Built Mathlib.Algebra.Category.CoalgCat.Monoidal (7.8s)
✔ [2362/2387] Built Mathlib.Algebra.Category.ModuleCat.Monoidal.Symmetric (6.9s)
✔ [2363/2387] Built Mathlib.Algebra.Category.ModuleCat.Abelian (6.7s)
✔ [2364/2387] Built Mathlib.Algebra.Category.CommAlgCat.Basic (11s)
✔ [2365/2387] Built Mathlib.RingTheory.RingHomProperties (8.0s)
✔ [2366/2387] Built Mathlib.CategoryTheory.Monoidal.Cartesian.Mon (19s)
✔ [2367/2387] Built Mathlib.Algebra.Category.Grp.EquivalenceGroupAddGroup (5.7s)
✔ [2368/2387] Built Mathlib.Algebra.Category.AlgCat.Symmetric (5.4s)
✔ [2369/2387] Built Mathlib.Algebra.Category.ModuleCat.Monoidal.Closed (6.7s)
✔ [2370/2387] Built Mathlib.Algebra.Category.ModuleCat.ChangeOfRings (57s)
✔ [2371/2387] Built Mathlib.Algebra.Category.Grp.Abelian (5.0s)
✔ [2372/2387] Built Mathlib.Algebra.Category.BialgCat.Monoidal (19s)
✔ [2373/2387] Built Mathlib.Algebra.Category.CoalgCat.ComonEquivalence (17s)
✔ [2374/2387] Built Mathlib.Algebra.Category.CommAlgCat.FiniteType (9.1s)
✔ [2375/2387] Built Mathlib.Algebra.Category.Grp.EpiMono (10s)
✔ [2376/2387] Built Mathlib.Algebra.Category.FGModuleCat.Basic (11s)
✔ [2377/2387] Built Mathlib.Algebra.Category.Grp.Kernels (4.4s)
✔ [2378/2389] Built Mathlib.Algebra.Category.CommAlgCat.Monoidal (32s)
✔ [2379/2389] Built Mathlib.Algebra.Category.AlgCat.TensorAlgebra (8.7s)
✔ [2380/2394] Built Mathlib.Algebra.Category.FGModuleCat.EssentiallySmall (6.6s)
✔ [2381/2394] Built Mathlib.Algebra.Category.FGModuleCat.Limits (6.9s)
✔ [2382/2394] Built Mathlib.Algebra.Category.FGModuleCat.Colimits (6.7s)
✔ [2383/2394] Built Mathlib.CategoryTheory.Limits.Shapes.Opposites.Kernels (4.3s)
✔ [2384/2398] Built Mathlib.CategoryTheory.Monoidal.Grp (36s)
✔ [2385/2403] Built Mathlib.Algebra.Homology.ShortComplex.Basic (9.7s)
✔ [2386/2403] Built Mathlib.Algebra.Category.FGModuleCat.Abelian (7.1s)
✔ [2387/2403] Built Mathlib.CategoryTheory.Abelian.Opposite (8.1s)
✔ [2388/2404] Built Mathlib.CategoryTheory.Preadditive.Projective.Basic (5.7s)
✔ [2389/2404] Built Mathlib.CategoryTheory.Preadditive.Injective.Basic (6.4s)
✔ [2390/2405] Built Mathlib.Algebra.Homology.ShortComplex.Limits (10s)
✔ [2391/2410] Built Mathlib.CategoryTheory.Limits.Skeleton (4.1s)
✔ [2392/2416] Built Mathlib.CategoryTheory.Preadditive.LeftExact (5.5s)
✔ [2393/2416] Built Mathlib.Algebra.Homology.ShortComplex.LeftHomology (17s)
✔ [2394/2418] Built Mathlib.Algebra.Category.CommBialgCat (33s)
✔ [2395/2418] Built Mathlib.CategoryTheory.Adjunction.Reflective (5.7s)
✔ [2396/2420] Built Mathlib.CategoryTheory.Adjunction.Restrict (5.5s)
✔ [2397/2422] Built Mathlib.CategoryTheory.Limits.FunctorCategory.Finite (4.3s)
✔ [2398/2422] Built Mathlib.CategoryTheory.Limits.Filtered (4.3s)
✔ [2399/2422] Built Mathlib.CategoryTheory.Subobject.MonoOver (12s)
✔ [2400/2422] Built Mathlib.CategoryTheory.Abelian.FunctorCategory (7.3s)
✔ [2401/2422] Built Mathlib.Algebra.Homology.ShortComplex.RightHomology (17s)
✔ [2402/2423] Built Mathlib.CategoryTheory.Limits.Shapes.Opposites.Filtered (3.8s)
✔ [2403/2423] Built Mathlib.CategoryTheory.Limits.Shapes.Opposites.Products (7.5s)
✔ [2404/2423] Built Mathlib.CategoryTheory.Subobject.Basic (10s)
✔ [2405/2423] Built Mathlib.Algebra.Homology.ShortComplex.Homology (14s)
✔ [2406/2423] Built Mathlib.CategoryTheory.Comma.Presheaf.Basic (15s)
✔ [2407/2425] Built Mathlib.CategoryTheory.Subobject.WellPowered (4.4s)
✔ [2408/2429] Built Mathlib.CategoryTheory.Subobject.FactorThru (5.5s)
✔ [2409/2429] Built Mathlib.CategoryTheory.Limits.Constructions.Filtered (15s)
✔ [2410/2429] Built Mathlib.Algebra.Category.CommHopfAlgCat (45s)
✔ [2411/2429] Built Mathlib.Algebra.Homology.ShortComplex.QuasiIso (5.2s)
✔ [2412/2432] Built Mathlib.CategoryTheory.Subobject.Lattice (15s)
✔ [2413/2433] Built Mathlib.Algebra.Homology.ShortComplex.Preadditive (24s)
✔ [2414/2433] Built Mathlib.CategoryTheory.Comma.StructuredArrow.Functor (17s)
✔ [2415/2433] Built Mathlib.CategoryTheory.Functor.KanExtension.Basic (23s)
✔ [2416/2433] Built Mathlib.CategoryTheory.Countable (3.0s)
✔ [2417/2435] Built Mathlib.CategoryTheory.Subobject.Limits (8.5s)
✔ [2418/2435] Built Mathlib.Algebra.Homology.ShortComplex.PreservesHomology (12s)
✔ [2419/2435] Built Mathlib.CategoryTheory.Limits.Shapes.Countable (4.7s)
✔ [2420/2435] Built Mathlib.CategoryTheory.Abelian.Subobject (4.0s)
✔ [2421/2435] Built Mathlib.Algebra.Homology.ShortComplex.Abelian (13s)
✔ [2422/2438] Built Mathlib.CategoryTheory.Functor.KanExtension.Pointwise (11s)
✔ [2423/2438] Built Mathlib.Algebra.Homology.ImageToKernel (5.6s)
✔ [2424/2438] Built Mathlib.CategoryTheory.Preadditive.Transfer (4.3s)
✔ [2425/2438] Built Mathlib.CategoryTheory.Limits.EssentiallySmall (3.6s)
✔ [2426/2440] Built Mathlib.CategoryTheory.Comma.StructuredArrow.Small (3.6s)
✔ [2427/2440] Built Mathlib.CategoryTheory.Abelian.Transfer (5.2s)
✔ [2428/2446] Built Mathlib.Algebra.Homology.ShortComplex.Exact (9.7s)
✔ [2429/2446] Built Mathlib.CategoryTheory.Functor.KanExtension.Adjunction (10s)
✔ [2430/2446] Built Mathlib.CategoryTheory.Generator.Basic (6.3s)
✔ [2431/2446] Built Mathlib.CategoryTheory.Comma.LocallySmall (4.1s)
✔ [2432/2448] Built Mathlib.Algebra.Homology.ShortComplex.ShortExact (4.4s)
✔ [2433/2448] Built Mathlib.CategoryTheory.Limits.FunctorCategory.EpiMono (3.9s)
✔ [2434/2448] Built Mathlib.CategoryTheory.Limits.Shapes.WideEqualizers (9.3s)
✔ [2435/2448] Built Mathlib.CategoryTheory.Abelian.Exact (6.3s)
✔ [2436/2451] Built Mathlib.CategoryTheory.Subobject.Comma (5.6s)
✔ [2437/2451] Built Mathlib.CategoryTheory.Limits.Types.Coproducts (5.7s)
✔ [2438/2451] Built Mathlib.Algebra.Homology.ShortComplex.Ab (7.6s)
✔ [2439/2451] Built Mathlib.CategoryTheory.Limits.Constructions.WeaklyInitial (3.6s)
✔ [2440/2451] Built Mathlib.Algebra.Homology.ShortComplex.ExactFunctor (5.2s)
✔ [2441/2451] Built Mathlib.Algebra.Category.Grp.Zero (4.3s)
✔ [2442/2451] Built Mathlib.CategoryTheory.Monoidal.Types.Basic (4.9s)
✔ [2443/2455] Built Mathlib.CategoryTheory.Adjunction.AdjointFunctorTheorems (4.3s)
✔ [2444/2455] Built Mathlib.Algebra.Category.Grp.Adjunctions (7.0s)
✔ [2445/2459] Built Mathlib.Algebra.Category.Grp.CartesianMonoidal (6.2s)
✔ [2446/2460] Built Mathlib.CategoryTheory.Limits.Presheaf (24s)
✔ [2447/2461] Built Mathlib.GroupTheory.Divisible (5.5s)
✔ [2448/2461] Built Mathlib.Data.ZMod.IntUnitsPower (4.8s)
✔ [2449/2463] Built Mathlib.Data.Int.SuccPred (3.7s)
✔ [2450/2463] Built Mathlib.Order.Circular (4.6s)
✔ [2451/2463] Built Mathlib.CategoryTheory.Limits.Preserves.FunctorCategory (7.0s)
✔ [2452/2465] Built Mathlib.Algebra.Module.Injective (15s)
✔ [2453/2465] Built Mathlib.Algebra.Order.Interval.Set.Group (6.7s)
✔ [2454/2465] Built Mathlib.Algebra.Ring.NegOnePow (5.4s)
✔ [2455/2467] Built Mathlib.GroupTheory.QuotientGroup.ModEq (3.0s)
✔ [2456/2467] Built Mathlib.Algebra.Group.Units.Opposite (3.4s)
✔ [2457/2467] Built Mathlib.Algebra.Category.ModuleCat.Injective (5.9s)
✔ [2458/2467] Built Mathlib.CategoryTheory.Abelian.GrothendieckAxioms.Basic (8.2s)
✔ [2459/2467] Built Mathlib.Data.Nat.Cast.Field (4.7s)
✔ [2460/2471] Built Mathlib.Data.Nat.Factorization.Induction (5.9s)
✔ [2461/2471] Built Mathlib.Algebra.Ring.AddAut (4.7s)
✔ [2462/2471] Built Mathlib.Algebra.Ring.Periodic (10s)
✔ [2463/2472] Built Mathlib.Algebra.Category.Grp.Injective (6.4s)
✔ [2464/2475] Built Mathlib.Algebra.Group.Nat.Range (3.0s)
✔ [2465/2475] Built Mathlib.CategoryTheory.Abelian.GrothendieckCategory.Basic (5.3s)
✔ [2466/2475] Built Mathlib.Data.Set.Constructions (4.3s)
✔ [2467/2475] Built Mathlib.Order.Filter.AtTopBot.Finite (5.4s)
✔ [2468/2476] Built Mathlib.Data.Nat.Count (4.9s)
✔ [2469/2476] Built Mathlib.Order.Filter.AtTopBot.Prod (5.0s)
✔ [2470/2476] Built Mathlib.Data.Nat.Periodic (4.7s)
✔ [2471/2476] Built Mathlib.Order.Filter.Curry (3.2s)
✔ [2472/2478] Built Mathlib.Algebra.Category.Grp.AB (9.1s)
✔ [2473/2481] Built Mathlib.Order.Filter.AtTopBot.CountablyGenerated (4.0s)
✔ [2474/2481] Built Mathlib.Tactic.Continuity.Init (2.3s)
✔ [2475/2482] Built Mathlib.Util.DelabNonCanonical (2.9s)
✔ [2476/2503] Built Mathlib.Data.Nat.Totient (7.2s)
✔ [2477/2503] Built Mathlib.Tactic.Continuity (3.0s)
✔ [2478/2503] Built Mathlib.Order.Filter.Lift (4.8s)
✔ [2479/2510] Built Mathlib.Order.SetAccumulate (5.0s)
✔ [2480/2514] Built Mathlib.Topology.Bornology.Basic (5.6s)
✔ [2481/2515] Built Mathlib.Topology.Defs.Basic (4.1s)
✔ [2482/2515] Built Mathlib.Order.ZornAtoms (4.2s)
✔ [2483/2515] Built Mathlib.Algebra.Order.ToIntervalMod (32s)
✔ [2484/2517] Built Mathlib.Order.Filter.SmallSets (3.9s)
✔ [2485/2517] Built Mathlib.Topology.ContinuousMap.Defs (3.4s)
✔ [2486/2522] Built Mathlib.Tactic.TautoSet (3.4s)
✔ [2487/2527] Built Mathlib.Topology.Defs.Filter (5.7s)
✔ [2488/2527] Built Mathlib.Order.Filter.Ultrafilter.Defs (5.3s)
✔ [2489/2527] Built Mathlib.Data.Set.Functor (4.4s)
✔ [2490/2527] Built Mathlib.Order.UpperLower.Fibration (3.5s)
✔ [2491/2527] Built Mathlib.Topology.Defs.Ultrafilter (3.4s)
✔ [2492/2527] Built Mathlib.Topology.Basic (3.0s)
✔ [2493/2528] Built Mathlib.Order.UpperLower.CompleteLattice (7.7s)
✔ [2494/2528] Built Mathlib.Order.Filter.Ultrafilter.Basic (4.5s)
✔ [2495/2528] Built Mathlib.Data.Set.Subset (3.0s)
✔ [2496/2531] Built Mathlib.Topology.Closure (5.2s)
✔ [2497/2531] Built Mathlib.Topology.Defs.Induced (4.0s)
✔ [2498/2535] Built Mathlib.Order.SuccPred.Relation (3.7s)
✔ [2499/2535] Built Mathlib.Order.UpperLower.Principal (4.4s)
✔ [2500/2540] Built Mathlib.Topology.WithTopology (4.0s)
✔ [2501/2540] Built Mathlib.Topology.Neighborhoods (4.6s)
✔ [2502/2544] Built Mathlib.Data.Set.BoolIndicator (3.1s)
✔ [2503/2551] Built Mathlib.Order.UpperLower.Closure (6.5s)
✔ [2504/2558] Built Mathlib.Topology.NhdsSet (4.6s)
✔ [2505/2567] Built Mathlib.Order.Filter.CountableInter (5.1s)
✔ [2506/2569] Built Mathlib.Topology.ClusterPt (5.0s)
✔ [2507/2569] Built Mathlib.Data.Rel.Separated (3.2s)
✔ [2508/2572] Built Mathlib.Topology.Defs.Sequences (3.2s)
✔ [2509/2572] Built Mathlib.Algebra.Order.Group.MinMax (3.8s)
✔ [2510/2572] Built Mathlib.Topology.Continuous (4.3s)
✔ [2511/2579] Built Mathlib.Data.Rel.Cover (3.0s)
✔ [2512/2579] Built Mathlib.Order.Filter.AtTopBot.Map (3.1s)
✔ [2513/2579] Built Mathlib.Order.Filter.NAry (3.9s)
✔ [2514/2579] Built Mathlib.Topology.Ultrafilter (4.3s)
✔ [2515/2587] Built Mathlib.Topology.Separation.SeparatedNhds (4.9s)
✔ [2516/2588] Built Mathlib.Topology.Order (6.0s)
✔ [2517/2588] Built Mathlib.Order.Filter.AtTopBot.Monoid (4.9s)
✔ [2518/2589] Built Mathlib.Topology.UniformSpace.Defs (7.5s)
✔ [2519/2593] Built Mathlib.Topology.Maps.Basic (6.0s)
✔ [2520/2593] Built Mathlib.Order.Filter.Pointwise (14s)
✔ [2521/2596] Built Mathlib.Order.Filter.AtTopBot.Group (4.9s)
✔ [2522/2596] Built Mathlib.Topology.Maps.OpenQuotient (4.4s)
✔ [2523/2601] Built Mathlib.Order.Filter.AtTopBot.CompleteLattice (3.7s)
✔ [2524/2601] Built Mathlib.Algebra.Order.Group.Pointwise.Interval (23s)
✔ [2525/2601] Built Mathlib.Order.Filter.AtTopBot.Ring (3.6s)
✔ [2526/2601] Built Mathlib.Order.Interval.Set.Pi (6.0s)
✔ [2527/2609] Built Mathlib.Order.Filter.Interval (8.0s)
✔ [2528/2609] Built Mathlib.Order.OrdContinuous (4.1s)
✔ [2529/2609] Built Mathlib.Topology.Homeomorph.Defs (6.5s)
✔ [2530/2609] Built Mathlib.Order.Filter.AtTopBot.Field (4.8s)
✔ [2531/2613] Built Mathlib.Algebra.Category.Grp.FiniteGrp (4.6s)
✔ [2532/2614] Built Mathlib.Algebra.Category.Grp.Images (5.8s)
✔ [2533/2619] Built Mathlib.Logic.Equiv.PartialEquiv (6.7s)
✔ [2534/2622] Built Mathlib.CategoryTheory.ObjectProperty.EpiMono (4.7s)
✔ [2535/2624] Built Mathlib.CategoryTheory.ObjectProperty.Extensions (4.9s)
✔ [2536/2625] Built Mathlib.Topology.Constructions.SumProd (10s)
✔ [2537/2626] Built Mathlib.Algebra.Category.Grp.Shrink (5.8s)
✔ [2538/2626] Built Mathlib.CategoryTheory.Abelian.SerreClass.Basic (4.8s)
✔ [2539/2627] Built Mathlib.Topology.Algebra.Monoid.Defs (4.4s)
✔ [2540/2627] Built Mathlib.Algebra.Category.ModuleCat.Subobject (6.1s)
✔ [2541/2628] Built Mathlib.Algebra.Category.GrpWithZero (5.6s)
✔ [2542/2628] Built Mathlib.CategoryTheory.Monoidal.CommMon_ (18s)
✔ [2543/2628] Built Mathlib.Algebra.Category.Grp.IsFinite (6.3s)
✔ [2544/2629] Built Mathlib.Topology.Constructions (10s)
✔ [2545/2630] Built Mathlib.Topology.Algebra.Group.Defs (4.9s)
✔ [2546/2630] Built Mathlib.Algebra.Category.Grp.Subobject (4.9s)
✔ [2547/2630] Built Mathlib.Algebra.Category.HopfAlgCat.Basic (10s)
✔ [2548/2630] Built Mathlib.Topology.GDelta.Basic (5.9s)
✔ [2549/2631] Built Mathlib.CategoryTheory.Monoidal.Internal.Types.Basic (7.6s)
✔ [2550/2631] Built Mathlib.Topology.NhdsWithin (7.3s)
✔ [2551/2631] Built Mathlib.CategoryTheory.Monoidal.CommGrp_ (16s)
✔ [2552/2631] Built Mathlib.Algebra.Category.ModuleCat.AB (8.8s)
✔ [2553/2631] Built Mathlib.Topology.Algebra.ContinuousMonoidHom (14s)
✔ [2554/2631] Built Mathlib.Topology.Baire.Lemmas (6.6s)
✔ [2555/2631] Built Mathlib.Algebra.Category.HopfAlgCat.Monoidal (12s)
✔ [2556/2631] Built Mathlib.CategoryTheory.Monoidal.Internal.Types.Grp (5.8s)
✔ [2557/2631] Built Mathlib.Algebra.Category.ModuleCat.Algebra (6.5s)
✔ [2558/2635] Built Mathlib.Algebra.Category.ModuleCat.Adjunctions (16s)
✔ [2559/2635] Built Mathlib.Topology.ContinuousOn (9.1s)
✔ [2560/2636] Built Mathlib.CategoryTheory.Monoidal.Internal.Types.CommGrp_ (7.4s)
✔ [2561/2636] Built Mathlib.CategoryTheory.Preadditive.CommGrp_ (9.8s)
✔ [2562/2636] Built Mathlib.CategoryTheory.Abelian.Refinements (6.0s)
✔ [2563/2636] Built Mathlib.Topology.PartialHomeomorph.Defs (5.9s)
✔ [2564/2636] Built Mathlib.Topology.Order.LocalExtr (8.0s)
✔ [2565/2636] Built Mathlib.Topology.Bases (14s)
✔ [2566/2636] Built Mathlib.Topology.UniformSpace.Basic (10s)
✔ [2567/2636] Built Mathlib.Topology.Coherent (5.1s)
✔ [2568/2636] Built Mathlib.Topology.Inseparable (7.9s)
✔ [2569/2636] Built Mathlib.Topology.Clopen (5.3s)
✔ [2570/2636] Built Mathlib.Topology.Order.LeftRight (5.5s)
✔ [2571/2641] Built Mathlib.Topology.Piecewise (4.4s)
✔ [2572/2641] Built Mathlib.Topology.LocallyFinite (4.7s)
✔ [2573/2642] Built Mathlib.Topology.Compactness.Compact (10s)
✔ [2574/2642] Built Mathlib.Algebra.Category.Grp.LeftExactFunctor (9.0s)
✔ [2575/2642] Built Mathlib.CategoryTheory.ComposableArrows.Basic (45s)
✔ [2576/2642] Built Mathlib.Topology.OpenPartialHomeomorph.Defs (4.7s)
✔ [2577/2642] Built Mathlib.Topology.UniformSpace.DiscreteUniformity (4.2s)
✔ [2578/2642] Built Mathlib.Topology.Compactness.LocallyFinite (3.9s)
✔ [2579/2642] Built Mathlib.Topology.UniformSpace.Compact (4.6s)
✔ [2580/2644] Built Mathlib.CategoryTheory.Limits.Types.Pullbacks (8.4s)
✔ [2581/2647] Built Mathlib.Topology.Compactness.LocallyCompact (4.4s)
✔ [2582/2648] Built Mathlib.CategoryTheory.Limits.Shapes.Multiequalizer (21s)
✔ [2583/2648] Built Mathlib.Algebra.Homology.ExactSequence (7.6s)
✔ [2584/2648] Built Mathlib.Topology.Compactness.SigmaCompact (5.5s)
✔ [2585/2648] Built Mathlib.Topology.Separation.Basic (7.2s)
✔ [2586/2648] Built Mathlib.CategoryTheory.Limits.Shapes.ConcreteCategory (5.6s)
✔ [2587/2648] Built Mathlib.CategoryTheory.Limits.Shapes.Reflexive (13s)
✔ [2588/2648] Built Mathlib.CategoryTheory.Monad.Adjunction (8.3s)
✔ [2589/2649] Built Mathlib.Topology.Compactness.Lindelof (6.5s)
✔ [2590/2649] Built Mathlib.CategoryTheory.Monad.Equalizer (5.6s)
✔ [2591/2649] Built Mathlib.Topology.DiscreteSubset (8.7s)
✔ [2592/2650] Built Mathlib.Algebra.Homology.ShortComplex.SnakeLemma (16s)
✔ [2593/2650] Built Mathlib.RingTheory.Flat.Stability (7.0s)
✔ [2594/2650] Built Mathlib.Topology.Irreducible (6.3s)
✔ [2595/2653] Built Mathlib.CategoryTheory.Monad.Limits (12s)
✔ [2596/2653] Built Mathlib.Topology.Separation.Hausdorff (6.5s)
✔ [2597/2653] Built Mathlib.Algebra.Homology.ShortComplex.ConcreteCategory (10s)
✔ [2598/2653] Built Mathlib.Algebra.Ring.Action.End (4.6s)
✔ [2599/2653] Built Mathlib.CategoryTheory.Monad.Comonadicity (9.3s)
✔ [2600/2653] Built Mathlib.Topology.Algebra.Support (9.2s)
✔ [2601/2653] Built Mathlib.Topology.Order.OrderClosed (13s)
✔ [2602/2653] Built Mathlib.Topology.ContinuousMap.Basic (9.1s)
✔ [2603/2657] Built Mathlib.Algebra.Module.LocalizedModule.Submodule (25s)
✔ [2604/2659] Built Mathlib.RingTheory.Ideal.Pointwise (9.8s)
✔ [2605/2659] Built Mathlib.Topology.Connected.Basic (8.1s)
✔ [2606/2660] Built Mathlib.Algebra.Ring.Action.Pointwise.Set (5.9s)
✔ [2607/2660] Built Mathlib.Algebra.Homology.ShortComplex.ModuleCat (16s)
✔ [2608/2660] Built Mathlib.RingTheory.Spectrum.Prime.Defs (4.7s)
✔ [2609/2660] Built Mathlib.Topology.Order.Basic (22s)
✔ [2610/2664] Built Mathlib.RingTheory.Ideal.Over (13s)
✔ [2611/2664] Built Mathlib.Topology.Connected.Clopen (11s)
✔ [2612/2664] Built Mathlib.RingTheory.Flat.CategoryTheory (9.3s)
✔ [2613/2664] Built Mathlib.Algebra.Category.ModuleCat.ChangeOfRingsExact (8.0s)
✔ [2614/2664] Built Mathlib.RingTheory.Ideal.Colon (14s)
✔ [2615/2666] Built Mathlib.Topology.Connected.LocallyConnected (6.2s)
✔ [2616/2666] Built Mathlib.RingTheory.Nilpotent.Lemmas (8.2s)
✔ [2617/2669] Built Mathlib.Algebra.Category.ModuleCat.Biproducts (15s)
✔ [2618/2669] Built Mathlib.Topology.Order.LeftRightNhds (14s)
✔ [2619/2669] Built Mathlib.Topology.Connected.TotallyDisconnected (7.6s)
✔ [2620/2669] Built Mathlib.Topology.Separation.Regular (10s)
✔ [2621/2669] Built Mathlib.RingTheory.IsPrimary (8.9s)
✔ [2622/2670] Built Mathlib.Algebra.Module.LocalizedModule.AtPrime (6.6s)
✔ [2623/2670] Built Mathlib.RingTheory.Ideal.Quotient.Nilpotent (8.7s)
✔ [2624/2670] Built Mathlib.RingTheory.PolynomialAlgebra (12s)
✔ [2625/2672] Built Mathlib.Topology.Algebra.Order.Group (11s)
✔ [2626/2678] Built Mathlib.Topology.UniformSpace.Separation (8.5s)
✔ [2627/2679] Built Mathlib.Topology.DenseEmbedding (9.1s)
✔ [2628/2679] Built Mathlib.RingTheory.Ideal.IsPrimary (8.7s)
✔ [2629/2679] Built Mathlib.Algebra.Ring.Regular (3.7s)
✔ [2630/2679] Built Mathlib.Algebra.Ring.Int.Field (4.3s)
✔ [2631/2679] Built Mathlib.RingTheory.Ideal.MinimalPrime.Basic (7.6s)
✔ [2632/2680] Built Mathlib.RingTheory.OreLocalization.OreSet (4.2s)
✔ [2633/2680] Built Mathlib.Topology.Homeomorph.Lemmas (10s)
✔ [2634/2680] Built Mathlib.RingTheory.Localization.Ideal (13s)
✔ [2635/2680] Built Mathlib.Topology.Algebra.Constructions (8.3s)
✔ [2636/2681] Built Mathlib.Algebra.Polynomial.Laurent (11s)
✔ [2637/2681] Built Mathlib.LinearAlgebra.TensorProduct.Quotient (31s)
✔ [2638/2681] Built Mathlib.LinearAlgebra.Dimension.Localization (17s)
✔ [2639/2681] Built Mathlib.Topology.Maps.Proper.Basic (5.5s)
✔ [2640/2682] Built Mathlib.Topology.UniformSpace.Cauchy (10s)
✔ [2641/2684] Built Mathlib.RingTheory.Localization.Algebra (14s)
✔ [2642/2684] Built Mathlib.LinearAlgebra.Matrix.Symmetric (6.2s)
✔ [2643/2684] Built Mathlib.LinearAlgebra.Matrix.MvPolynomial (6.4s)
✔ [2644/2684] Built Mathlib.Topology.Algebra.ConstMulAction (23s)
✔ [2645/2684] Built Mathlib.Topology.UniformSpace.UniformConvergence (8.4s)
✔ [2646/2685] Built Mathlib.Topology.UniformSpace.UniformEmbedding (9.6s)
✔ [2647/2685] Built Mathlib.LinearAlgebra.Matrix.Polynomial (7.1s)
✔ [2648/2685] Built Mathlib.Topology.Algebra.MulAction (11s)
✔ [2649/2685] Built Mathlib.Topology.UniformSpace.LocallyUniformConvergence (6.6s)
✔ [2650/2686] Built Mathlib.RingTheory.TensorProduct.Quotient (38s)
✔ [2651/2686] Built Mathlib.RingTheory.Localization.AtPrime.Basic (51s)
✔ [2652/2686] Built Mathlib.Topology.UniformSpace.Pi (6.1s)
✔ [2653/2686] Built Mathlib.LinearAlgebra.Matrix.Transvection (10s)
✔ [2654/2686] Built Mathlib.Topology.UniformSpace.CompleteSeparated (6.1s)
✔ [2655/2686] Built Mathlib.Topology.UniformSpace.UniformApproximation (7.5s)
✔ [2656/2690] Built Mathlib.LinearAlgebra.Matrix.Adjugate (13s)
✔ [2657/2690] Built Mathlib.LinearAlgebra.Matrix.Invertible (13s)
✔ [2658/2690] Built Mathlib.Topology.Algebra.Monoid (21s)
✔ [2659/2690] Built Mathlib.RingTheory.EssentialFiniteness (12s)
✔ [2660/2690] Built Mathlib.RingTheory.Localization.LocalizationLocalization (12s)
✔ [2661/2693] Built Mathlib.RingTheory.LocalProperties.Submodule (14s)
✔ [2662/2693] Built Mathlib.Topology.UniformSpace.Equiv (10s)
✔ [2663/2694] Built Mathlib.LinearAlgebra.Matrix.Trace (10s)
✔ [2664/2694] Built Mathlib.Topology.Algebra.GroupWithZero (10s)
✔ [2665/2694] Built Mathlib.RingTheory.Localization.Submodule (10s)
✔ [2666/2694] Built Mathlib.Topology.Algebra.Group.Basic (32s)
✔ [2667/2694] Built Mathlib.Topology.UniformSpace.UniformConvergenceTopology (14s)
✔ [2668/2694] Built Mathlib.RingTheory.LocalProperties.Exactness (24s)
✔ [2669/2694] Built Mathlib.LinearAlgebra.Matrix.Kronecker (18s)
✔ [2670/2695] Built Mathlib.Topology.Algebra.Group.GroupTopology (7.4s)
✔ [2671/2698] Built Mathlib.RingTheory.LocalProperties.Basic (13s)
✔ [2672/2698] Built Mathlib.Topology.UniformSpace.Equicontinuity (9.4s)
✔ [2673/2698] Built Mathlib.Topology.Algebra.Group.Pointwise (15s)
✔ [2674/2698] Built Mathlib.Topology.Algebra.IsUniformGroup.Defs (22s)
✔ [2675/2698] Built Mathlib.RingTheory.Flat.Localization (11s)
✔ [2676/2701] Built Mathlib.Tactic.LinearCombination.Lemmas (7.3s)
✔ [2677/2701] Built Mathlib.Topology.Algebra.Ring.Basic (13s)
✔ [2678/2703] Built Mathlib.LinearAlgebra.Matrix.NonsingularInverse (16s)
✔ [2679/2703] Built Mathlib.Tactic.Ring.Compare (7.6s)
✔ [2680/2703] Built Mathlib.Topology.UniformSpace.HeineCantor (5.7s)
✔ [2681/2703] Built Mathlib.Topology.Algebra.Group.Quotient (7.4s)
✔ [2682/2703] Built Mathlib.RingTheory.MatrixAlgebra (25s)
✔ [2683/2703] Built Mathlib.Topology.Algebra.IsUniformGroup.Constructions (6.9s)
✔ [2684/2703] Built Mathlib.RingTheory.Nilpotent.Basic (6.1s)
✔ [2685/2703] Built Mathlib.Topology.Algebra.Field (8.5s)
✔ [2686/2705] Built Mathlib.LinearAlgebra.Matrix.Block (10s)
✔ [2687/2705] Built Mathlib.Algebra.Module.SpanRank (9.5s)
✔ [2688/2705] Built Mathlib.Tactic.LinearCombination (9.7s)
✔ [2689/2705] Built Mathlib.LinearAlgebra.Matrix.SchurComplement (19s)
✔ [2690/2708] Built Mathlib.RingTheory.MatrixPolynomialAlgebra (8.0s)
✔ [2691/2709] Built Mathlib.RingTheory.IntegralClosure.IsIntegral.Defs (6.3s)
✔ [2692/2709] Built Mathlib.Topology.Algebra.Order.Field (11s)
✔ [2693/2709] Built Mathlib.Algebra.Polynomial.Identities (8.2s)
✔ [2694/2709] Built Mathlib.RingTheory.Finiteness.Subalgebra (7.7s)
✔ [2695/2709] Built Mathlib.RingTheory.IntegralClosure.Algebra.Defs (7.4s)
✔ [2696/2709] Built Mathlib.LinearAlgebra.Matrix.Charpoly.Basic (13s)
✔ [2697/2709] Built Mathlib.Topology.Algebra.IsUniformGroup.Basic (25s)
✔ [2698/2711] Built Mathlib.RingTheory.IntegralClosure.IsIntegralClosure.Defs (5.5s)
✔ [2699/2711] Built Mathlib.RingTheory.Polynomial.Nilpotent (8.2s)
✔ [2700/2714] Built Mathlib.RingTheory.IntegralClosure.IsIntegral.Basic (8.8s)
✔ [2701/2714] Built Mathlib.Algebra.Polynomial.Eval.Subring (6.4s)
✔ [2702/2721] Built Mathlib.Data.Nat.Factorial.Cast (4.9s)
✔ [2703/2721] Built Mathlib.Data.Nat.Choose.Vandermonde (7.5s)
✔ [2704/2721] Built Mathlib.LinearAlgebra.Matrix.Charpoly.Coeff (15s)
✔ [2705/2723] Built Mathlib.Algebra.Polynomial.Lifts (8.8s)
✔ [2706/2728] Built Mathlib.Data.Nat.Choose.Cast (5.4s)
✔ [2707/2728] Built Mathlib.Topology.Instances.AddCircle.Defs (25s)
✔ [2708/2728] Built Mathlib.Tactic.Positivity.Finset (7.9s)
✔ [2709/2728] Built Mathlib.RingTheory.Polynomial.Subring (7.5s)
✔ [2710/2730] Built Mathlib.LinearAlgebra.Matrix.Charpoly.LinearMap (12s)
✔ [2711/2730] Built Mathlib.Tactic.Positivity (5.0s)
✔ [2712/2730] Built Mathlib.RingTheory.Artinian.Defs (4.7s)
✔ [2713/2731] Built Mathlib.RingTheory.TensorProduct.MonoidAlgebra (20s)
✔ [2714/2731] Built Mathlib.RingTheory.IntegralClosure.Algebra.Basic (13s)
✔ [2715/2731] Built Mathlib.Algebra.Module.CharacterModule (18s)
✔ [2716/2731] Built Mathlib.Algebra.Polynomial.HasseDeriv (10s)
✔ [2717/2733] Built Mathlib.RingTheory.Spectrum.Prime.Basic (16s)
✔ [2718/2733] Built Mathlib.RingTheory.TensorProduct.MvPolynomial (17s)
✔ [2719/2737] Built Mathlib.Algebra.Category.Grp.LargeColimits (14s)
✔ [2720/2737] Built Mathlib.RingTheory.Flat.FaithfullyFlat.Basic (26s)
✔ [2721/2737] Built Mathlib.Algebra.Category.Grp.EnoughInjectives (11s)
✔ [2722/2739] Built Mathlib.RingTheory.LocalRing.ResidueField.Defs (10s)
✔ [2723/2739] Built Mathlib.Algebra.Polynomial.Taylor (13s)
✔ [2724/2740] Built Mathlib.Algebra.Category.Grp.Ulift (17s)
✔ [2725/2740] Built Mathlib.Algebra.Order.Ring.Idempotent (10s)
✔ [2726/2740] Built Mathlib.RingTheory.SurjectiveOnStalks (16s)
✔ [2727/2741] Built Mathlib.RingTheory.LocalRing.ResidueField.Basic (18s)
✔ [2728/2743] Built Mathlib.RingTheory.Ideal.MinimalPrime.Localization (11s)
✔ [2729/2743] Built Mathlib.RingTheory.KrullDimension.Basic (10s)
✔ [2730/2745] Built Mathlib.RingTheory.Localization.AsSubring (13s)
✔ [2731/2745] Built Mathlib.RingTheory.Spectrum.Maximal.Basic (8.4s)
✔ [2732/2745] Built Mathlib.Algebra.Polynomial.Splits (23s)
✔ [2733/2750] Built Mathlib.Topology.Compactness.Bases (6.1s)
✔ [2734/2750] Built Mathlib.RingTheory.Polynomial.ScaleRoots (10s)
✔ [2735/2750] Built Mathlib.RingTheory.LocalRing.ResidueField.Ideal (27s)
✔ [2736/2750] Built Mathlib.Order.Copy (7.7s)
✔ [2737/2753] Built Mathlib.Topology.LocallyClosed (6.8s)
✔ [2738/2754] Built Mathlib.Order.BooleanSubalgebra (23s)
✔ [2739/2755] Built Mathlib.RingTheory.Polynomial.IntegralNormalization (11s)
✔ [2740/2758] Built Mathlib.Topology.Sets.Opens (11s)
✔ [2741/2758] Built Mathlib.RingTheory.Spectrum.Prime.RingHom (15s)
✔ [2742/2758] Built Mathlib.Topology.Spectral.Hom (6.4s)
✔ [2743/2760] Built Mathlib.Topology.Sets.OpenCover (7.9s)
✔ [2744/2766] Built Mathlib.Order.Ideal (13s)
✔ [2745/2766] Built Mathlib.Topology.Sets.Closeds (13s)
✔ [2746/2766] Built Mathlib.RingTheory.IntegralClosure.IsIntegralClosure.Basic (27s)
✔ [2747/2766] Built Mathlib.Topology.Sober (14s)
✔ [2748/2766] Built Mathlib.Topology.LocalAtTarget (16s)
✔ [2749/2768] Built Mathlib.RingTheory.Spectrum.Maximal.Localization (23s)
✔ [2750/2768] Built Mathlib.Topology.NoetherianSpace (14s)
✔ [2751/2769] Built Mathlib.Topology.KrullDimension (10s)
✔ [2752/2771] Built Mathlib.Data.SetLike.Fintype (11s)
✔ [2753/2771] Built Mathlib.Topology.QuasiSeparated (18s)
✔ [2754/2771] Built Mathlib.Algebra.Order.Hom.TypeTags (15s)
✔ [2755/2774] Built Mathlib.Data.ZMod.Aut (15s)
✔ [2756/2774] Built Mathlib.Data.Nat.Factorization.LCM (12s)
✔ [2757/2776] Built Mathlib.Topology.Sets.Compacts (27s)
✔ [2758/2781] Built Mathlib.RingTheory.Derivation.Basic (66s)
✔ [2759/2781] Built Mathlib.RingTheory.Algebraic.Integral (71s)
✔ [2760/2781] Built Mathlib.Tactic.Peel (16s)
✔ [2761/2781] Built Mathlib.Topology.Spectral.Prespectral (17s)
✔ [2762/2783] Built Mathlib.GroupTheory.Subgroup.Simple (12s)
✔ [2763/2783] Built Mathlib.RingTheory.Derivation.ToSquareZero (25s)
✔ [2764/2783] Built Mathlib.Data.ZMod.QuotientGroup (27s)
✔ [2765/2783] Built Mathlib.Topology.Spectral.Basic (13s)
✔ [2766/2785] Built Mathlib.GroupTheory.Exponent (30s)
✔ [2767/2785] Built Mathlib.RingTheory.Localization.Integral (37s)
✔ [2768/2785] Built Mathlib.Topology.Constructible (23s)
✔ [2769/2787] Built Mathlib.GroupTheory.Rank (13s)
✔ [2770/2790] Built Mathlib.RingTheory.Ideal.BigOperators (9.9s)
✔ [2771/2790] Built Mathlib.GroupTheory.SpecificGroups.Cyclic.Basic (20s)
✔ [2772/2790] Built Mathlib.Order.Atoms.Finite (10s)
✔ [2773/2790] Built Mathlib.Order.CompactlyGenerated.Intervals (12s)
✔ [2774/2792] Built Mathlib.RingTheory.Ideal.GoingUp (24s)
✔ [2775/2793] Built Mathlib.RingTheory.Coprime.Ideal (16s)
✔ [2776/2793] Built Mathlib.Order.JordanHolder (24s)
✔ [2777/2795] Built Mathlib.RingTheory.Flat.FaithfullyFlat.Algebra (26s)
✔ [2778/2795] Built Mathlib.GroupTheory.SpecificGroups.Cyclic (48s)
✔ [2779/2799] Built Mathlib.RingTheory.Spectrum.Prime.Topology (50s)
✔ [2780/2799] Built Mathlib.RingTheory.Finiteness.Nakayama (25s)
✔ [2781/2799] Built Mathlib.RingTheory.ReesAlgebra (23s)
✔ [2782/2801] Built Mathlib.GroupTheory.PGroup (26s)
✔ [2783/2801] Built Mathlib.Algebra.Polynomial.Module.AEval (85s)
✔ [2784/2802] Built Mathlib.RingTheory.Ideal.GoingDown (30s)
✔ [2785/2802] Built Mathlib.RingTheory.SimpleModule.Basic (67s)
✔ [2786/2802] Built Mathlib.RingTheory.Nakayama (30s)
✔ [2787/2802] Built Mathlib.GroupTheory.Torsion (34s)
✔ [2788/2802] Built Mathlib.GroupTheory.Sylow (48s)
✔ [2789/2803] Built Mathlib.Algebra.Category.ModuleCat.EnoughInjectives (31s)
✔ [2790/2803] Built Mathlib.RingTheory.RingHom.Flat (57s)
✔ [2791/2803] Built Mathlib.Algebra.Module.ZMod (32s)
✔ [2792/2803] Built Mathlib.Algebra.Category.ModuleCat.Projective (24s)
✔ [2793/2803] Built Mathlib.Algebra.Polynomial.Module.Basic (103s)
✔ [2794/2804] Built Mathlib.Algebra.Category.ModuleCat.Presheaf (109s)
✔ [2795/2812] Built Mathlib.Algebra.Homology.ComplexShape (5.6s)
✔ [2796/2812] Built Mathlib.RingTheory.RingHom.FaithfullyFlat (14s)
✔ [2797/2820] Built Mathlib.RingTheory.Filtration (23s)
✔ [2798/2824] Built Mathlib.Algebra.Category.ModuleCat.Descent (15s)
✔ [2799/2825] Built Mathlib.CategoryTheory.Monoidal.End (21s)
✔ [2800/2839] Built Mathlib.CategoryTheory.MorphismProperty.IsInvertedBy (8.0s)
✔ [2801/2849] Built Mathlib.CategoryTheory.Quotient (13s)
✔ [2802/2850] Built Mathlib.Algebra.Module.Torsion.Basic (44s)
✔ [2803/2850] Built Mathlib.CategoryTheory.CatCommSq (13s)
✔ [2804/2852] Built Mathlib.CategoryTheory.PathCategory.Basic (10s)
✔ [2805/2852] Built Mathlib.CategoryTheory.Quotient.Preadditive (10s)
✔ [2806/2859] Built Mathlib.CategoryTheory.Quotient.Linear (11s)
✔ [2807/2861] Built Mathlib.CategoryTheory.Shift.Basic (29s)
✔ [2808/2861] Built Mathlib.CategoryTheory.PathCategory.MorphismProperty (9.5s)
✔ [2809/2861] Built Mathlib.Order.TransfiniteIteration (8.0s)
✔ [2810/2861] Built Mathlib.SetTheory.Cardinal.HasCardinalLT (10s)
✔ [2811/2861] Built Mathlib.RingTheory.Ideal.Cotangent (37s)
✔ [2812/2866] Built Mathlib.CategoryTheory.GradedObject (23s)
✔ [2813/2866] Built Mathlib.Data.Fintype.Shrink (6.6s)
✔ [2814/2866] Built Mathlib.CategoryTheory.Shift.CommShift (30s)
✔ [2815/2866] Built Mathlib.CategoryTheory.Category.Quiv (9.7s)
✔ [2816/2868] Built Mathlib.CategoryTheory.ObjectProperty.LimitsClosure (10s)
✔ [2817/2868] Built Mathlib.CategoryTheory.Triangulated.Basic (44s)
✔ [2818/2868] Built Mathlib.CategoryTheory.ObjectProperty.Shift (10s)
✔ [2819/2868] Built Mathlib.CategoryTheory.Shift.ShiftSequence (19s)
✔ [2820/2868] Built Mathlib.Algebra.Homology.HomologicalComplex (30s)
✔ [2821/2868] Built Mathlib.CategoryTheory.Shift.Induced (20s)
✔ [2822/2868] Built Mathlib.CategoryTheory.Localization.Construction (17s)
✔ [2823/2868] Built Mathlib.CategoryTheory.ObjectProperty.ColimitsClosure (11s)
✔ [2824/2868] Built Mathlib.CategoryTheory.ObjectProperty.ShiftAdditive (12s)
✔ [2825/2868] Built Mathlib.CategoryTheory.Shift.ShiftedHom (20s)
✔ [2826/2868] Built Mathlib.CategoryTheory.Triangulated.Rotate (23s)
✔ [2827/2872] Built Mathlib.CategoryTheory.Shift.InducedShiftSequence (16s)
✔ [2828/2872] Built Mathlib.Algebra.Homology.Single (19s)
✔ [2829/2872] Built Mathlib.CategoryTheory.Shift.Quotient (13s)
✔ [2830/2872] Built Mathlib.CategoryTheory.ObjectProperty.FiniteProducts (13s)
✔ [2831/2872] Built Mathlib.CategoryTheory.Localization.Predicate (21s)
✔ [2832/2875] Built Mathlib.CategoryTheory.MorphismProperty.Retract (8.4s)
✔ [2833/2875] Built Mathlib.RingTheory.Kaehler.Basic (103s)
✔ [2834/2875] Built Mathlib.CategoryTheory.Localization.HasLocalization (7.8s)
✔ [2835/2875] Built Mathlib.Algebra.Homology.HomologicalComplexLimits (14s)
✔ [2836/2877] Built Mathlib.CategoryTheory.Localization.Equivalence (8.8s)
✔ [2837/2878] Built Mathlib.Algebra.Homology.ShortComplex.Retract (8.7s)
✔ [2838/2878] Built Mathlib.Algebra.Homology.Additive (27s)
✔ [2839/2881] Built Mathlib.CategoryTheory.Localization.Opposite (9.6s)
✔ [2840/2881] Built Mathlib.CategoryTheory.Triangulated.TriangleShift (49s)
✔ [2841/2881] Built Mathlib.Algebra.Category.ModuleCat.Differentials.Basic (21s)
✔ [2842/2881] Built Mathlib.Algebra.Homology.HomologicalComplexBiprod (15s)
✔ [2843/2881] Built Mathlib.CategoryTheory.Shift.SingleFunctors (22s)
✔ [2844/2881] Built Mathlib.Algebra.Homology.Linear (17s)
✔ [2845/2881] Built Mathlib.Algebra.Homology.HomologicalComplexAbelian (15s)
✔ [2846/2881] Built Mathlib.CategoryTheory.Localization.LocalizerMorphism (19s)
✔ [2847/2881] Built Mathlib.Algebra.Homology.ShortComplex.HomologicalComplex (38s)
✔ [2848/2881] Built Mathlib.CategoryTheory.Localization.CalculusOfFractions (25s)
✔ [2849/2881] Built Mathlib.CategoryTheory.Triangulated.Pretriangulated (28s)
✔ [2850/2881] Built Mathlib.CategoryTheory.Shift.Localization (17s)
✔ [2851/2881] Built Mathlib.CategoryTheory.Localization.Composition (8.3s)
✔ [2852/2881] Built Mathlib.CategoryTheory.Localization.CalculusOfFractions.Fractions (9.7s)
✔ [2853/2881] Built Mathlib.CategoryTheory.Localization.CalculusOfFractions.ComposableArrows (8.1s)
✔ [2854/2881] Built Mathlib.Algebra.Category.ModuleCat.Differentials.Presheaf (41s)
✔ [2855/2886] Built Mathlib.Algebra.Homology.HomologySequence (23s)
✔ [2856/2890] Built Mathlib.Algebra.Homology.Embedding.Basic (6.7s)
✔ [2857/2892] Built Mathlib.CategoryTheory.Localization.CalculusOfFractions.Preadditive (11s)
✔ [2858/2897] Built Mathlib.Algebra.Homology.Embedding.Restriction (9.7s)
✔ [2859/2899] Built Mathlib.Algebra.Homology.Embedding.Boundary (7.4s)
✔ [2860/2903] Built Mathlib.Algebra.Homology.Homotopy (44s)
✔ [2861/2903] Built Mathlib.CategoryTheory.Triangulated.Triangulated (24s)
✔ [2862/2903] Built Mathlib.Algebra.Homology.Embedding.RestrictionHomology (10s)
✔ [2863/2903] Built Mathlib.Algebra.Homology.SingleHomology (9.8s)
✔ [2864/2903] Built Mathlib.Algebra.Homology.QuasiIso (11s)
✔ [2865/2903] Built Mathlib.Algebra.Homology.HomotopyCategory (12s)
✔ [2866/2903] Built Mathlib.CategoryTheory.Localization.HomEquiv (9.2s)
✔ [2867/2903] Built Mathlib.Algebra.Homology.HomotopyCofiber (29s)
✔ [2868/2903] Built Mathlib.Algebra.Homology.HomotopyCategory.HomComplex (31s)
✔ [2869/2903] Built Mathlib.Algebra.Homology.Opposite (20s)
✔ [2870/2905] Built Mathlib.CategoryTheory.Localization.SmallHom (10s)
✔ [2871/2905] Built Mathlib.Algebra.Homology.HomotopyCategory.Shift (21s)
✔ [2872/2910] Built Mathlib.Algebra.Homology.Localization (14s)
✔ [2873/2910] Built Mathlib.Algebra.Homology.Embedding.IsSupported (8.4s)
✔ [2874/2910] Built Mathlib.CategoryTheory.Triangulated.Functor (53s)
✔ [2875/2910] Built Mathlib.CategoryTheory.Localization.SmallShiftedHom (15s)
✔ [2876/2910] Built Mathlib.CategoryTheory.Abelian.DiagramLemmas.Four (20s)
✔ [2877/2910] Built Mathlib.Algebra.Homology.HomotopyCategory.MappingCone (30s)
✔ [2878/2910] Built Mathlib.Algebra.Homology.HomotopyCategory.ShiftSequence (16s)
✔ [2879/2910] Built Mathlib.Algebra.Homology.Refinements (8.7s)
✔ [2880/2910] Built Mathlib.Algebra.Homology.HomotopyCategory.SingleFunctors (12s)
✔ [2881/2912] Built Mathlib.Algebra.Homology.HomotopyCategory.HomComplexShift (22s)
✔ [2882/2915] Built Mathlib.CategoryTheory.Localization.Triangulated (11s)
✔ [2883/2915] Built Mathlib.Algebra.Homology.Embedding.Extend (13s)
✔ [2884/2915] Built Mathlib.Algebra.Homology.HomologySequenceLemmas (15s)
✔ [2885/2921] Built Mathlib.CategoryTheory.Shift.Adjunction (20s)
✔ [2886/2921] Built Mathlib.Algebra.Homology.Embedding.HomEquiv (13s)
✔ [2887/2921] Built Mathlib.CategoryTheory.Triangulated.Subcategory (30s)
✔ [2888/2921] Built Mathlib.Algebra.Homology.HomotopyCategory.Pretriangulated (39s)
✔ [2889/2921] Built Mathlib.Algebra.Homology.Embedding.ExtendHomology (16s)
✔ [2890/2921] Built Mathlib.CategoryTheory.Shift.Pullback (17s)
✔ [2891/2921] Built Mathlib.CategoryTheory.Shift.Opposite (14s)
✔ [2892/2921] Built Mathlib.Algebra.Homology.Embedding.TruncGE (14s)
✔ [2893/2921] Built Mathlib.CategoryTheory.Triangulated.HomologicalFunctor (13s)
✔ [2894/2921] Built Mathlib.Algebra.Homology.HomotopyCategory.Triangulated (25s)
✔ [2895/2921] Built Mathlib.CategoryTheory.Triangulated.Opposite.Basic (17s)
✔ [2896/2926] Built Mathlib.Algebra.Homology.HomotopyCategory.DegreewiseSplit (21s)
✔ [2897/2926] Built Mathlib.Algebra.Homology.HomotopyCategory.MappingCocone (24s)
✔ [2898/2926] Built Mathlib.Algebra.Homology.Embedding.TruncGEHomology (13s)
✔ [2899/2926] Built Mathlib.CategoryTheory.Shift.ShiftedHomOpposite (11s)
✔ [2900/2930] Built Mathlib.Algebra.Homology.Embedding.TruncLE (14s)
✔ [2901/2932] Built Mathlib.CategoryTheory.Center.Basic (7.5s)
✔ [2902/2933] Built Mathlib.CategoryTheory.Center.Preadditive (5.7s)
✔ [2903/2933] Built Mathlib.Algebra.Homology.HomotopyCategory.HomologicalFunctor (8.1s)
✔ [2904/2934] Built Mathlib.CategoryTheory.Triangulated.Opposite.Triangle (21s)
✔ [2905/2934] Built Mathlib.Algebra.Homology.Embedding.TruncLEHomology (9.1s)
✔ [2906/2934] Built Mathlib.CategoryTheory.Center.Localization (6.8s)
✔ [2907/2934] Built Mathlib.CategoryTheory.Center.Linear (8.5s)
✔ [2908/2934] Built Mathlib.Algebra.Homology.HomotopyCategory.Acyclic (8.4s)
✔ [2909/2934] Built Mathlib.Algebra.Homology.HomotopyCategory.ShortExact (16s)
✔ [2910/2934] Built Mathlib.CategoryTheory.Triangulated.Opposite.Pretriangulated (11s)
✔ [2911/2934] Built Mathlib.Algebra.Homology.Embedding.AreComplementary (10s)
✔ [2912/2934] Built Mathlib.CategoryTheory.Localization.Linear (8.2s)
✔ [2913/2934] Built Mathlib.Algebra.Module.Presentation.Basic (17s)
✔ [2914/2935] Built Mathlib.CategoryTheory.Triangulated.Yoneda (11s)
✔ [2915/2936] Built Mathlib.Algebra.Homology.DerivedCategory.Basic (14s)
✔ [2916/2936] Built Mathlib.CategoryTheory.Shift.Linear (7.4s)
✔ [2917/2937] Built Mathlib.Algebra.Homology.Embedding.CochainComplex (15s)
✔ [2918/2937] Built Mathlib.LinearAlgebra.SesquilinearForm.Orthogonal (11s)
✔ [2919/2937] Built Mathlib.Algebra.Homology.DerivedCategory.ShortExact (13s)
✔ [2920/2937] Built Mathlib.Algebra.Homology.DerivedCategory.HomologySequence (18s)
✔ [2921/2937] Built Mathlib.Algebra.Homology.DerivedCategory.Linear (9.9s)
✔ [2922/2939] Built Mathlib.LinearAlgebra.Matrix.Basis (15s)
✔ [2923/2939] Built Mathlib.LinearAlgebra.Matrix.Nondegenerate (14s)
✔ [2924/2945] Built Mathlib.Data.Fintype.Parity (6.4s)
✔ [2925/2949] Built Mathlib.Algebra.Homology.DerivedCategory.Fractions (11s)
✔ [2926/2949] Built Mathlib.Algebra.Homology.DerivedCategory.SingleTriangle (15s)
✔ [2927/2951] Built Mathlib.Algebra.CharP.Reduced (7.7s)
✔ [2928/2955] Built Mathlib.LinearAlgebra.Matrix.Action (10s)
✔ [2929/2956] Built Mathlib.Algebra.Homology.DerivedCategory.FullyFaithful (8.3s)
✔ [2930/2956] Built Mathlib.RingTheory.IntegralDomain (13s)
✔ [2931/2961] Built Mathlib.LinearAlgebra.Basis.Bilinear (7.8s)
✔ [2932/2961] Built Mathlib.Algebra.GradedMonoid (10s)
✔ [2933/2961] Built Mathlib.Algebra.Ring.Associator (8.1s)
✔ [2934/2964] Built Mathlib.Algebra.DirectSum.Decomposition (15s)
✔ [2935/2970] Built Mathlib.RingTheory.RootsOfUnity.Basic (15s)
✔ [2936/2971] Built Mathlib.Data.Fintype.Sort (8.1s)
✔ [2937/2972] Built Mathlib.Algebra.Homology.DerivedCategory.Ext.Basic (25s)
✔ [2938/2972] Built Mathlib.Data.Set.PowersetCard (11s)
✔ [2939/2973] Built Mathlib.Algebra.DirectSum.Ring (30s)
✔ [2940/2973] Built Mathlib.Algebra.Category.ModuleCat.FilteredColimits (21s)
✔ [2941/2973] Built Mathlib.Algebra.Homology.DerivedCategory.Ext.Linear (20s)
✔ [2942/2973] Built Mathlib.LinearAlgebra.Multilinear.Curry (26s)
✔ [2943/2973] Built Mathlib.LinearAlgebra.Matrix.SpecialLinearGroup (48s)
✔ [2944/2973] Built Mathlib.Algebra.Homology.DerivedCategory.Ext.ExtClass (22s)
✔ [2945/2975] Built Mathlib.Algebra.Category.ModuleCat.Free (13s)
✔ [2946/2975] Built Mathlib.Order.Hom.PowersetCard (9.3s)
✔ [2947/2975] Built Mathlib.Algebra.Category.ModuleCat.Images (11s)
✔ [2948/2975] Built Mathlib.LinearAlgebra.Alternating.Curry (9.5s)
✔ [2949/2978] Built Mathlib.Algebra.DirectSum.Algebra (14s)
✔ [2950/2978] Built Mathlib.LinearAlgebra.Matrix.GeneralLinearGroup.Defs (17s)
✔ [2951/2978] Built Mathlib.Algebra.Module.LocalizedModule.Exact (10s)
✔ [2952/2978] Built Mathlib.Algebra.Homology.LeftResolution.Basic (16s)
✔ [2953/2979] Built Mathlib.Algebra.Homology.DerivedCategory.Ext.ExactSequences (21s)
✔ [2954/2981] Built Mathlib.LinearAlgebra.Matrix.ToLinearEquiv (19s)
✔ [2955/2981] Built Mathlib.Algebra.DirectSum.Internal (36s)
✔ [2956/2981] Built Mathlib.Algebra.Category.ModuleCat.Localization (25s)
✔ [2957/2982] Built Mathlib.Algebra.Category.ModuleCat.LeftResolution (41s)
✔ [2958/2982] Built Mathlib.Algebra.Category.ModuleCat.Monoidal.Adjunction (70s)
✔ [2959/2982] Built Mathlib.Algebra.Homology.DerivedCategory.Ext.EnoughInjectives (43s)
✔ [2960/2982] Built Mathlib.Algebra.Homology.DerivedCategory.Ext.EnoughProjectives (18s)
✔ [2961/2982] Built Mathlib.Algebra.Category.ModuleCat.Presheaf.Colimits (53s)
✔ [2962/2982] Built Mathlib.Algebra.Category.ModuleCat.Presheaf.Limits (17s)
✔ [2963/2984] Built Mathlib.RingTheory.GradedAlgebra.Basic (16s)
✔ [2964/2984] Built Mathlib.Algebra.Category.ModuleCat.Presheaf.ChangeOfRings (13s)
✔ [2965/2986] Built Mathlib.Algebra.Category.ModuleCat.Ext.HasExt (9.5s)
✔ [2966/2986] Built Mathlib.CategoryTheory.Discrete.StructuredArrow (7.7s)
✔ [2967/2986] Built Mathlib.Algebra.Category.ModuleCat.Presheaf.Abelian (10s)
✔ [2968/2987] Built Mathlib.LinearAlgebra.Matrix.SesquilinearForm (48s)
✔ [2969/2987] Built Mathlib.Algebra.Category.ModuleCat.Ext.DimensionShifting (14s)
✔ [2970/2989] Built Mathlib.CategoryTheory.Monoidal.FunctorCategory (21s)
✔ [2971/2989] Built Mathlib.CategoryTheory.Limits.Final.Connected (9.8s)
✔ [2972/2990] Built Mathlib.CategoryTheory.Monoidal.Closed.Cartesian (11s)
✔ [2973/2990] Built Mathlib.Algebra.Category.ModuleCat.Ext.Basic (27s)
✔ [2974/2990] Built Mathlib.Algebra.Category.ModuleCat.Ext.Finite (16s)
✔ [2975/2990] Built Mathlib.CategoryTheory.Monoidal.Cartesian.FunctorCategory (9.2s)
✔ [2976/2994] Built Mathlib.CategoryTheory.Monoidal.ExternalProduct.Basic (12s)
✔ [2977/2999] Built Mathlib.CategoryTheory.Monoidal.Limits.Preserves (5.0s)
✔ [2978/3001] Built Mathlib.CategoryTheory.Monoidal.Closed.Types (7.4s)
✔ [2979/3002] Built Mathlib.CategoryTheory.Products.Bifunctor (5.5s)
✔ [2980/3003] Built Mathlib.CategoryTheory.Limits.IsConnected (6.6s)
✔ [2981/3004] Built Mathlib.Algebra.Category.ModuleCat.Presheaf.EpiMono (9.5s)
✔ [2982/3005] Built Mathlib.CategoryTheory.Products.Associator (24s)
✔ [2983/3006] Built Mathlib.CategoryTheory.Limits.Fubini (30s)
✔ [2984/3007] Built Mathlib.Algebra.Category.ModuleCat.Presheaf.Free (20s)
✔ [2985/3007] Built Mathlib.LinearAlgebra.QuadraticForm.Basic (71s)
✔ [2986/3009] Built Mathlib.Algebra.Category.ModuleCat.Presheaf.Generator (14s)
✔ [2987/3009] Built Mathlib.CategoryTheory.Limits.Preserves.Bifunctor (25s)
✔ [2988/3010] Built Mathlib.CategoryTheory.Adjunction.PartialAdjoint (20s)
✔ [2989/3010] Built Mathlib.Algebra.Category.ModuleCat.Presheaf.Monoidal (54s)
✔ [2990/3010] Built Mathlib.LinearAlgebra.QuadraticForm.Isometry (26s)
✔ [2991/3010] Built Mathlib.Algebra.Category.ModuleCat.Presheaf.Pushforward (52s)
✔ [2992/3010] Built Mathlib.CategoryTheory.Adjunction.CompositionIso (26s)
✔ [2993/3010] Built Mathlib.CategoryTheory.Limits.Sifted (29s)
✔ [2994/3010] Built Mathlib.LinearAlgebra.QuadraticForm.IsometryEquiv (34s)
✔ [2995/3010] Built Mathlib.CategoryTheory.Monoidal.Limits.Colimits (13s)
✔ [2996/3013] Built Mathlib.Algebra.Category.ModuleCat.Presheaf.Pullback (21s)
✔ [2997/3018] Built Mathlib.CategoryTheory.Filtered.Final (13s)
✔ [2998/3018] Built Mathlib.CategoryTheory.Subfunctor.Basic (14s)
✔ [2999/3020] Built Mathlib.CategoryTheory.Limits.Preserves.Creates.Pullbacks (8.6s)
✔ [3000/3024] Built Mathlib.CategoryTheory.Limits.FinallySmall (7.7s)
✔ [3001/3025] Built Mathlib.LinearAlgebra.CliffordAlgebra.Basic (29s)
✔ [3002/3025] Built Mathlib.CategoryTheory.Limits.Types.Equalizers (6.5s)
✔ [3003/3025] Built Mathlib.CategoryTheory.Limits.FunctorCategory.Shapes.Terminal (6.4s)
✔ [3004/3027] Built Mathlib.CategoryTheory.Filtered.FinallySmall (7.9s)
✔ [3005/3027] Built Mathlib.CategoryTheory.Sites.Sieves (21s)
✔ [3006/3027] Built Mathlib.CategoryTheory.Subfunctor.Image (11s)
✔ [3007/3027] Built Mathlib.LinearAlgebra.ExteriorAlgebra.Basic (19s)
✔ [3008/3027] Built Mathlib.LinearAlgebra.CliffordAlgebra.Grading (26s)
✔ [3009/3027] Built Mathlib.CategoryTheory.Sites.Precoverage (8.0s)
✔ [3010/3030] Built Mathlib.Algebra.Category.ModuleCat.Presheaf.PushforwardZeroMonoidal (105s)
✔ [3011/3034] Built Mathlib.Algebra.Category.ModuleCat.Presheaf.ColimitFunctor (20s)
✔ [3012/3034] Built Mathlib.CategoryTheory.Sites.Grothendieck (11s)
✔ [3013/3034] Built Mathlib.CategoryTheory.Limits.ColimitLimit (8.4s)
✔ [3014/3034] Built Mathlib.LinearAlgebra.CliffordAlgebra.Conjugation (16s)
✔ [3015/3040] Built Mathlib.CategoryTheory.Sites.Pretopology (10s)
✔ [3016/3040] Built Mathlib.CategoryTheory.Sites.IsSheafFor (23s)
✔ [3017/3040] Built Mathlib.CategoryTheory.Subfunctor.Sieves (7.0s)
✔ [3018/3040] Built Mathlib.CategoryTheory.Sites.EqualizerSheafCondition (15s)
✔ [3019/3042] Built Mathlib.Topology.Category.TopCat.Basic (8.4s)
✔ [3020/3043] Built Mathlib.LinearAlgebra.CliffordAlgebra.Fold (17s)
✔ [3021/3047] Built Mathlib.Topology.Category.TopCat.Adjunctions (5.3s)
✔ [3022/3047] Built Mathlib.CategoryTheory.Sites.SheafOfTypes (7.5s)
✔ [3023/3047] Built Mathlib.CategoryTheory.Limits.Shapes.Pullback.Equifibered (6.1s)
✔ [3024/3047] Built Mathlib.CategoryTheory.Limits.FilteredColimitCommutesFiniteLimit (31s)
✔ [3025/3047] Built Mathlib.CategoryTheory.Limits.MonoCoprod (6.0s)
✔ [3026/3047] Built Mathlib.Topology.Category.TopCat.Limits.Basic (8.8s)
✔ [3027/3047] Built Mathlib.Topology.Category.TopCat.EpiMono (5.7s)
✔ [3028/3047] Built Mathlib.CategoryTheory.Limits.Shapes.DisjointCoproduct (5.5s)
✔ [3029/3048] Built Mathlib.LinearAlgebra.ExteriorAlgebra.OfAlternating (14s)
✔ [3030/3048] Built Mathlib.CategoryTheory.ObjectProperty.Local (11s)
✔ [3031/3060] Built Mathlib.CategoryTheory.Sites.Sheaf (17s)
✔ [3032/3060] Built Mathlib.Topology.Category.TopCat.Limits.Products (15s)
✔ [3033/3062] Built Mathlib.CategoryTheory.Limits.VanKampen (21s)
✔ [3034/3062] Built Mathlib.CategoryTheory.Adjunction.Opposites (8.7s)
✔ [3035/3063] Built Mathlib.CategoryTheory.Sites.Sheafification (9.1s)
✔ [3036/3063] Built Mathlib.CategoryTheory.Sites.Whiskering (8.6s)
✔ [3037/3063] Built Mathlib.CategoryTheory.Functor.ReflectsIso.Balanced (4.9s)
✔ [3038/3063] Built Mathlib.Topology.Category.TopCat.Limits.Pullbacks (9.9s)
✔ [3039/3063] Built Mathlib.LinearAlgebra.ExteriorPower.Basic (25s)
✔ [3040/3065] Built Mathlib.CategoryTheory.Sites.Plus (14s)
✔ [3041/3065] Built Mathlib.CategoryTheory.Localization.Adjunction (7.2s)
✔ [3042/3065] Built Mathlib.CategoryTheory.Sites.Limits (8.1s)
✔ [3043/3065] Built Mathlib.Algebra.Category.ModuleCat.ExteriorPower (8.2s)
✔ [3044/3065] Built Mathlib.Algebra.Category.ModuleCat.Presheaf.Submodule (11s)
✔ [3045/3065] Built Mathlib.CategoryTheory.Abelian.Projective.Dimension (8.4s)
✔ [3046/3069] Built Mathlib.CategoryTheory.Extensive (16s)
✔ [3047/3069] Built Mathlib.CategoryTheory.Localization.Bousfield (7.9s)
✔ [3048/3069] Built Mathlib.CategoryTheory.Sites.ConcreteSheafification (13s)
✔ [3049/3070] Built Mathlib.CategoryTheory.Sites.CompatiblePlus (14s)
✔ [3050/3070] Built Mathlib.CategoryTheory.Bicategory.LocallyDiscrete (6.4s)
✔ [3051/3070] Built Mathlib.Algebra.Category.ModuleCat.ProjectiveDimension (11s)
✔ [3052/3072] Built Mathlib.CategoryTheory.Sites.Localization (5.3s)
✔ [3053/3072] Built Mathlib.CategoryTheory.Adhesive.Basic (11s)
✔ [3054/3072] Built Mathlib.CategoryTheory.Sites.CompatibleSheafification (8.0s)
✔ [3055/3072] Built Mathlib.CategoryTheory.Sites.Subsheaf (10s)
✔ [3056/3072] Built Mathlib.CategoryTheory.Limits.Preserves.SigmaConst (6.7s)
✔ [3057/3075] Built Mathlib.CategoryTheory.Bicategory.Functor.LocallyDiscrete (18s)
✔ [3058/3076] Built Mathlib.CategoryTheory.Sites.PreservesSheafification (13s)
✔ [3059/3076] Built Mathlib.CategoryTheory.Limits.Bicones (9.8s)
✔ [3060/3076] Built Mathlib.CategoryTheory.Sites.LeftExact (17s)
✔ [3061/3081] Built Mathlib.CategoryTheory.Limits.Preserves.Opposites (8.3s)
✔ [3062/3082] Built Mathlib.CategoryTheory.Sites.Closed (6.5s)
✔ [3063/3086] Built Mathlib.Algebra.Category.ModuleCat.Pseudofunctor (7.9s)
✔ [3064/3089] Built Mathlib.CategoryTheory.Sites.LocallyInjective (7.8s)
✔ [3065/3089] Built Mathlib.CategoryTheory.Adjunction.Whiskering (6.7s)
✔ [3066/3094] Built Mathlib.CategoryTheory.Functor.Flat (12s)
✔ [3067/3096] Built Mathlib.CategoryTheory.Functor.KanExtension.Preserves (11s)
✔ [3068/3101] Built Mathlib.CategoryTheory.Sites.Hypercover.Zero (15s)
✔ [3069/3102] Built Mathlib.CategoryTheory.Sites.Canonical (5.9s)
✔ [3070/3102] Built Mathlib.CategoryTheory.Sites.LocallySurjective (11s)
✔ [3071/3102] Built Mathlib.CategoryTheory.Limits.Shapes.Connected (3.6s)
✔ [3072/3102] Built Mathlib.CategoryTheory.Sites.PrecoverageToGrothendieck (5.6s)
✔ [3073/3105] Built Mathlib.CategoryTheory.Sites.CoversTop.Basic (5.0s)
✔ [3074/3106] Built Mathlib.CategoryTheory.Limits.Preserves.Creates.Opposites (8.6s)
✔ [3075/3108] Built Mathlib.CategoryTheory.Sites.LocallyFullyFaithful (5.5s)
✔ [3076/3110] Built Mathlib.CategoryTheory.Sites.LocallyBijective (5.9s)
✔ [3077/3110] Built Mathlib.CategoryTheory.Limits.Final.Type (4.7s)
✔ [3078/3110] Built Mathlib.CategoryTheory.Sites.Coverage (7.3s)
✔ [3079/3114] Built Mathlib.CategoryTheory.Limits.Constructions.Over.Connected (8.1s)
✔ [3080/3114] Built Mathlib.CategoryTheory.Simple (4.7s)
✔ [3081/3114] Built Mathlib.CategoryTheory.Category.GaloisConnection (4.1s)
✔ [3082/3114] Built Mathlib.Algebra.Category.ModuleCat.Sheaf (11s)
✔ [3083/3116] Built Mathlib.CategoryTheory.Limits.Preorder (5.0s)
✔ [3084/3116] Built Mathlib.Algebra.Category.ModuleCat.Simple (5.4s)
✔ [3085/3116] Built Mathlib.Algebra.Category.ModuleCat.Sheaf.Limits (7.2s)
✔ [3086/3120] Built Mathlib.Algebra.Category.ModuleCat.Sheaf.ChangeOfRings (8.1s)
✔ [3087/3120] Built Mathlib.Topology.Sheaves.Init (2.1s)
✔ [3088/3120] Built Mathlib.Topology.Category.TopCat.Opens (8.0s)
✔ [3089/3123] Built Mathlib.CategoryTheory.Limits.Lattice (5.6s)
✔ [3090/3123] Built Mathlib.Topology.Category.TopCat.OpenNhds (6.2s)
✔ [3091/3123] Built Mathlib.Topology.Sheaves.Presheaf (16s)
✔ [3092/3130] Built Mathlib.Tactic.ProxyType (7.7s)
✔ [3093/3131] Built Mathlib.CategoryTheory.Sites.Spaces (5.8s)
✔ [3094/3131] Built Mathlib.Algebra.Category.ModuleCat.Presheaf.Sheafify (26s)
✔ [3095/3131] Built Mathlib.Tactic.DeriveFintype (6.0s)
✔ [3096/3131] Built Mathlib.CategoryTheory.Sites.Hypercover.One (44s)
✔ [3097/3131] Built Mathlib.CategoryTheory.Limits.ConcreteCategory.Filtered (5.0s)
✔ [3098/3131] Built Mathlib.Topology.Sheaves.Sheaf (6.3s)
✔ [3099/3131] Built Mathlib.Algebra.Category.ModuleCat.Tannaka (7.3s)
✔ [3100/3135] Built Mathlib.CategoryTheory.Category.Pairwise (8.0s)
✔ [3101/3139] Built Mathlib.CategoryTheory.Sites.Hypercover.IsSheaf (5.0s)
✔ [3102/3140] Built Mathlib.Topology.Sheaves.Forget (5.4s)
✔ [3103/3143] Built Mathlib.Data.FunLike.Ring (5.8s)
✔ [3104/3143] Built Mathlib.Topology.Algebra.Module.Basic (11s)
✔ [3105/3143] Built Mathlib.Algebra.Category.ModuleCat.Presheaf.Sheafification (23s)
✔ [3106/3143] Built Mathlib.CategoryTheory.Preadditive.Injective.Preserves (7.1s)
✔ [3107/3145] Built Mathlib.CategoryTheory.Sites.Continuous (15s)
✔ [3108/3145] Built Mathlib.CategoryTheory.Preadditive.Projective.Preserves (6.3s)
✔ [3109/3147] Built Mathlib.Algebra.Category.ModuleCat.Sheaf.Abelian (7.1s)
✔ [3110/3147] Built Mathlib.Algebra.Category.ModuleCat.Sheaf.Localization (12s)
✔ [3111/3147] Built Mathlib.Algebra.PEmptyInstances (2.4s)
✔ [3112/3148] Built Mathlib.CategoryTheory.Sites.CoverPreserving (6.5s)
✔ [3113/3148] Built Mathlib.Algebra.Category.ModuleCat.Sheaf.Colimits (14s)
✔ [3114/3149] Built Mathlib.Algebra.Category.ModuleCat.Ulift (8.3s)
✔ [3115/3149] Built Mathlib.Algebra.Group.WithOne.Basic (6.1s)
✔ [3116/3149] Built Mathlib.Algebra.Category.Semigrp.Basic (9.4s)
✔ [3117/3149] Built Mathlib.CategoryTheory.Sites.InducedTopology (5.2s)
✔ [3118/3150] Built Mathlib.Algebra.Category.MonCat.Colimits (5.8s)
✔ [3119/3150] Built Mathlib.CategoryTheory.Sites.CoverLifting (10s)
✔ [3120/3151] Built Mathlib.Topology.Algebra.Module.ContinuousLinearMap.Basic (37s)
✔ [3121/3151] Built Mathlib.Algebra.Category.MonCat.Shrink (4.5s)
✔ [3122/3151] Built Mathlib.Algebra.Category.MonCat.Adjunctions (7.4s)
✔ [3123/3151] Built Mathlib.Algebra.Category.ModuleCat.Sheaf.Free (13s)
✔ [3124/3151] Built Mathlib.Algebra.Category.MonCat.Yoneda (6.1s)
✔ [3125/3153] Built Mathlib.Algebra.Category.Ring.Epi (5.8s)
✔ [3126/3155] Built Mathlib.Topology.Algebra.Module.ContinuousLinearMap.Restrict (8.1s)
✔ [3127/3155] Built Mathlib.Topology.Algebra.Module.ContinuousLinearMap.PiProd (11s)
✔ [3128/3155] Built Mathlib.CategoryTheory.Sites.DenseSubsite.Basic (16s)
✔ [3129/3155] Built Mathlib.CategoryTheory.Limits.Preserves.Over (5.1s)
✔ [3130/3156] Built Mathlib.RingTheory.TensorProduct.IncludeLeftSubRight (10s)
✔ [3131/3156] Built Mathlib.CategoryTheory.Limits.Shapes.FiniteMultiequalizer (6.1s)
✔ [3132/3156] Built Mathlib.Topology.Sheaves.SheafCondition.Sites (6.9s)
✔ [3133/3156] Built Mathlib.CategoryTheory.Sites.PreservesLocallyBijective (5.8s)
✔ [3134/3161] Built Mathlib.CategoryTheory.Limits.Constructions.EventuallyConstant (5.8s)
✔ [3135/3162] Built Mathlib.Algebra.Category.Ring.EqualizerPushout (7.5s)
✔ [3136/3163] Built Mathlib.Topology.Sheaves.SheafCondition.OpensLeCover (6.7s)
✔ [3137/3164] Built Mathlib.CategoryTheory.Sites.DenseSubsite.SheafEquiv (16s)
✔ [3138/3164] Built Mathlib.CategoryTheory.Comma.CardinalArrow (4.9s)
✔ [3139/3164] Built Mathlib.Algebra.Category.Ring.LinearAlgebra (5.9s)
✔ [3140/3164] Built Mathlib.Algebra.Category.Ring.Small (7.9s)
✔ [3141/3164] Built Mathlib.CategoryTheory.Sites.DenseSubsite.InducedTopology (6.3s)
✔ [3142/3165] Built Mathlib.Topology.Sheaves.SheafCondition.PairwiseIntersections (14s)
✔ [3143/3165] Built Mathlib.CategoryTheory.Presentable.IsCardinalFiltered (7.7s)
✔ [3144/3167] Built Mathlib.Topology.Algebra.Module.Equiv (40s)
✔ [3145/3167] Built Mathlib.Algebra.Category.Ring.Topology (11s)
✔ [3146/3167] Built Mathlib.CategoryTheory.Sites.Equivalence (10s)
✔ [3147/3167] Built Mathlib.Topology.Sheaves.SheafCondition.UniqueGluing (12s)
✔ [3148/3170] Built Mathlib.CategoryTheory.Presentable.Basic (11s)
✔ [3149/3170] Built Mathlib.LinearAlgebra.TensorProduct.Pi (16s)
✔ [3150/3170] Built Mathlib.CategoryTheory.Sites.Over (25s)
✔ [3151/3170] Built Mathlib.Topology.Algebra.Module.ModuleTopology (32s)
✔ [3152/3170] Built Mathlib.LinearAlgebra.TensorProduct.Prod (30s)
✔ [3153/3170] Built Mathlib.CategoryTheory.Presentable.Finite (11s)
✔ [3154/3170] Built Mathlib.Algebra.Module.SnakeLemma (24s)
✔ [3155/3170] Built Mathlib.CategoryTheory.Sites.CoversTop.Over (14s)
✔ [3156/3172] Built Mathlib.Topology.Sheaves.Stalks (48s)
✔ [3157/3175] Built Mathlib.RingTheory.TensorProduct.Pi (15s)
✔ [3158/3175] Built Mathlib.Algebra.Category.Ring.FinitePresentation (21s)
✔ [3159/3175] Built Mathlib.Algebra.Category.ModuleCat.Sheaf.PushforwardContinuous (64s)
✔ [3160/3176] Built Mathlib.Algebra.Category.ModuleCat.Topology.Basic (48s)
✔ [3161/3176] Built Mathlib.Algebra.Category.ModuleCat.Stalk (68s)
✔ [3162/3177] Built Mathlib.CategoryTheory.Limits.Constructions.Over.Products (59s)
✔ [3163/3177] Built Mathlib.RingTheory.Flat.Equalizer (94s)
✔ [3164/3177] Built Mathlib.Algebra.Category.ModuleCat.Sheaf.Generators (30s)
✔ [3165/3178] Built Mathlib.CategoryTheory.MorphismProperty.OverAdjunction (75s)
✔ [3166/3178] Built Mathlib.Algebra.Central.Matrix (4.0s)
✔ [3167/3178] Built Mathlib.Algebra.Category.ModuleCat.Topology.Homology (17s)
✔ [3168/3178] Built Mathlib.CategoryTheory.Limits.Constructions.Over.Basic (4.7s)
✔ [3169/3178] Built Mathlib.Algebra.Category.ModuleCat.Sheaf.PullbackContinuous (29s)
✔ [3170/3180] Built Mathlib.Algebra.CharP.Algebra (5.4s)
✔ [3171/3180] Built Mathlib.Algebra.CharP.CharAndCard (5.3s)
✔ [3172/3181] Built Mathlib.CategoryTheory.Limits.MorphismProperty (12s)
✔ [3173/3182] Built Mathlib.Algebra.Category.Ring.Under.Limits (17s)
✔ [3174/3182] Built Mathlib.Algebra.Category.ModuleCat.Sheaf.PullbackFree (11s)
✔ [3175/3183] Built Mathlib.Algebra.CharP.Invertible (4.7s)
✔ [3176/3184] Built Mathlib.Algebra.CharP.LinearMaps (7.6s)
✔ [3177/3185] Built Mathlib.Algebra.CharP.LocalRing (6.8s)
✔ [3178/3186] Built Mathlib.Algebra.Category.Ring.Under.Property (18s)
✔ [3179/3187] Built Mathlib.Algebra.CharP.Pi (5.2s)
✔ [3180/3188] Built Mathlib.Algebra.CharP.MixedCharZero (7.8s)
✔ [3181/3189] Built Mathlib.FieldTheory.IntermediateField.Basic (29s)
✔ [3182/3190] Built Mathlib.Algebra.CharP.Quotient (6.3s)
✔ [3183/3190] Built Mathlib.Algebra.CharP.Subring (6.1s)
✔ [3184/3191] Built Mathlib.Algebra.CharZero.AddMonoidHom (4.6s)
✔ [3185/3191] Built Mathlib.Algebra.CharZero.Infinite (4.7s)
✔ [3186/3196] Built Mathlib.Algebra.CharZero.Quotient (5.6s)
✔ [3187/3202] Built Mathlib.Algebra.CharP.IntermediateField (6.6s)
✔ [3188/3202] Built Mathlib.Data.Stream.Defs (3.7s)
✔ [3189/3207] Built Mathlib.Tactic.ENatToNat (6.3s)
✔ [3190/3208] Built Mathlib.Data.Stream.Init (8.2s)
✔ [3191/3211] Built Mathlib.Data.Nat.DvdSequence (6.3s)
✔ [3192/3211] Built Mathlib.Algebra.Category.ModuleCat.Sheaf.Quasicoherent (70s)
✔ [3193/3213] Built Mathlib.Tactic.Monotonicity.Basic (3.8s)
✔ [3194/3213] Built Mathlib.Algebra.Colimit.Ring (18s)
✔ [3195/3215] Built Mathlib.Tactic.Monotonicity.Lemmas (5.9s)
✔ [3196/3216] Built Mathlib.Data.Seq.Computation (11s)
✔ [3197/3216] Built Mathlib.Data.Nat.Fib.Basic (9.8s)
✔ [3198/3216] Built Mathlib.Tactic.Monotonicity (4.7s)
✔ [3199/3218] Built Mathlib.Data.Seq.Defs (8.4s)
✔ [3200/3218] Built Mathlib.Algebra.Category.ModuleCat.Sheaf.LocallyFree (17s)
✔ [3201/3218] Built Mathlib.Algebra.DirectSum.AddChar (8.5s)
✔ [3202/3219] Built Mathlib.Algebra.CubicDiscriminant (15s)
✔ [3203/3221] Built Mathlib.Algebra.ContinuedFractions.Basic (7.4s)
✔ [3204/3221] Built Mathlib.Data.Seq.Basic (10s)
✔ [3205/3221] Built Mathlib.Algebra.ContinuedFractions.Computation.Basic (8.1s)
✔ [3206/3221] Built Mathlib.RingTheory.Finiteness.Prod (9.2s)
✔ [3207/3223] Built Mathlib.RingTheory.Idempotents (22s)
✔ [3208/3223] Built Mathlib.Algebra.ContinuedFractions.Translations (6.9s)
✔ [3209/3223] Built Mathlib.RingTheory.TensorProduct.Free (13s)
✔ [3210/3223] Built Mathlib.Algebra.Ring.Action.ConjAct (7.0s)
✔ [3211/3223] Built Mathlib.Algebra.DirectSum.Idempotents (9.2s)
✔ [3212/3228] Built Mathlib.LinearAlgebra.Eigenspace.Basic (31s)
✔ [3213/3229] Built Mathlib.Algebra.ContinuedFractions.TerminatedStable (5.6s)
✔ [3214/3230] Built Mathlib.Algebra.ContinuedFractions.Computation.Translations (7.5s)
✔ [3215/3231] Built Mathlib.Algebra.ContinuedFractions.ContinuantsRecurrence (6.2s)
✔ [3216/3231] Built Mathlib.Algebra.Divisibility.Finite (4.9s)
✔ [3217/3231] Built Mathlib.Algebra.Divisibility.Prod (4.8s)
✔ [3218/3231] Built Mathlib.GroupTheory.Congruence.BigOperators (7.6s)
✔ [3219/3231] Built Mathlib.LinearAlgebra.GeneralLinearGroup.AlgEquiv (10s)
✔ [3220/3231] Built Mathlib.Algebra.ContinuedFractions.Determinant (6.4s)
✔ [3221/3235] Built Mathlib.Algebra.ContinuedFractions.ConvergentsEquiv (8.5s)
✔ [3222/3236] Built Mathlib.Algebra.ContinuedFractions.Computation.CorrectnessTerminating (11s)
✔ [3223/3236] Built Mathlib.Algebra.Module.Torsion.Prod (6.1s)
✔ [3224/3237] Built Mathlib.Algebra.DualNumber (13s)
✔ [3225/3237] Built Mathlib.Algebra.Exact (6.5s)
✔ [3226/3237] Built Mathlib.LinearAlgebra.Matrix.Ideal (13s)
✔ [3227/3239] Built Mathlib.Algebra.Expr (3.5s)
✔ [3228/3239] Built Mathlib.Algebra.Exact.Sequence (13s)
✔ [3229/3240] Built Mathlib.Algebra.ContinuedFractions.Computation.Approximations (14s)
✔ [3230/3240] Built Mathlib.RingTheory.SimpleRing.Matrix (6.9s)
✔ [3231/3240] Built Mathlib.Algebra.GroupWithZero.Action.ConjAct (4.9s)
✔ [3232/3243] Built Mathlib.Algebra.Field.GeomSum (5.7s)
✔ [3233/3243] Built Mathlib.Algebra.ContinuedFractions.Computation.TerminatesIffRat (6.7s)
✔ [3234/3244] Built Mathlib.Algebra.Field.Action.ConjAct (6.1s)
✔ [3235/3245] Built Mathlib.Algebra.ContinuedFractions.Computation.ApproximationCorollaries (10s)
✔ [3236/3246] Built Mathlib.Algebra.Group.MinimalAxioms (3.5s)
✔ [3237/3247] Built Mathlib.Algebra.Field.ModEq (4.9s)
✔ [3238/3247] Built Mathlib.Algebra.Ring.MinimalAxioms (6.7s)
✔ [3239/3247] Built Mathlib.Algebra.Field.NegOnePow (9.7s)
✔ [3240/3247] Built Mathlib.LinearAlgebra.Trace (25s)
✔ [3241/3250] Built Mathlib.Algebra.Field.Power (5.2s)
✔ [3242/3250] Built Mathlib.Algebra.Field.Periodic (9.0s)
✔ [3243/3251] Built Mathlib.Algebra.Field.MinimalAxioms (4.5s)
✔ [3244/3252] Built Mathlib.Algebra.Field.TransferInstance (9.9s)
✔ [3245/3252] Built Mathlib.Algebra.Field.ULift (9.4s)
✔ [3246/3253] Built Mathlib.Algebra.DirectSum.LinearMap (21s)
✔ [3247/3253] Built Mathlib.Algebra.Field.Shrink (9.9s)
✔ [3248/3257] Built Mathlib.Algebra.Field.ZMod (10s)
✔ [3249/3258] Built Mathlib.Algebra.Quaternion (75s)
✔ [3250/3259] Built Mathlib.GroupTheory.FreeGroup.Reduce (16s)
✔ [3251/3260] Built Mathlib.Algebra.FreeMonoid.Count (10s)
✔ [3252/3260] Built Mathlib.Algebra.Free (20s)
✔ [3253/3261] Built Mathlib.Algebra.FreeMonoid.Symbols (7.3s)
✔ [3254/3261] Built Mathlib.Algebra.FiveLemma (29s)
✔ [3255/3261] Built Mathlib.SetTheory.Cardinal.Free (11s)
✔ [3256/3262] Built Mathlib.Algebra.FreeNonUnitalNonAssocAlgebra (8.5s)
✔ [3257/3262] Built Mathlib.Algebra.FreeMonoid.FreeSemigroup (8.3s)
✔ [3258/3266] Built Mathlib.Algebra.GCDMonoid.FinsetLemmas (8.7s)
✔ [3259/3267] Built Mathlib.Algebra.DualQuaternion (21s)
✔ [3260/3268] Built Mathlib.Algebra.GCDMonoid.PUnit (8.5s)
✔ [3261/3269] Built Mathlib.Algebra.FreeAlgebra.Cardinality (11s)
✔ [3262/3270] Built Mathlib.RingTheory.Polynomial.Eisenstein.Criterion (14s)
✔ [3263/3270] Built Mathlib.Algebra.GradedMulAction (10s)
✔ [3264/3271] Built Mathlib.Algebra.Group.Action.Equidecomp (11s)
✔ [3265/3272] Built Mathlib.RingTheory.IntegralClosure.IntegrallyClosed (23s)
✔ [3266/3273] Built Mathlib.Algebra.Group.Action.Option (7.6s)
✔ [3267/3274] Built Mathlib.Algebra.Group.Action.Sigma (8.6s)
✔ [3268/3275] Built Mathlib.Algebra.Group.Action.Pointwise.Set.Finite (10s)
✔ [3269/3276] Built Mathlib.RingTheory.Polynomial.Eisenstein.Basic (15s)
✔ [3270/3276] Built Mathlib.Algebra.Group.Action.Pointwise.Finset (16s)
✔ [3271/3276] Built Mathlib.Algebra.Group.Action.Sum (6.8s)
✔ [3272/3279] Built Mathlib.Algebra.Group.ConjFinite (7.8s)
✔ [3273/3280] Built Mathlib.Algebra.Group.Equiv.Finite (6.4s)
✔ [3274/3281] Built Mathlib.Algebra.Group.Int.TypeTags (4.9s)
✔ [3275/3282] Built Mathlib.Algebra.GCDMonoid.IntegrallyClosed (10s)
✔ [3276/3283] Built Mathlib.GroupTheory.GroupAction.SubMulAction.Closure (8.2s)
✔ [3277/3283] Built Mathlib.Algebra.Group.ForwardDiff (14s)
✔ [3278/3284] Built Mathlib.Algebra.Group.Nat.TypeTags (5.0s)
✔ [3279/3285] Built Mathlib.Algebra.Group.NatPowAssoc (6.8s)
✔ [3280/3287] Built Mathlib.Algebra.Group.Ideal (6.8s)
✔ [3281/3287] Built Mathlib.Algebra.Group.PNatPowAssoc (5.3s)
✔ [3282/3287] Built Mathlib.Algebra.Group.Pointwise.Finset.BigOperators (5.6s)
✔ [3283/3289] Built Mathlib.Algebra.Group.Pointwise.Finset.Density (6.1s)
✔ [3284/3290] Built Mathlib.Algebra.Group.Pointwise.Finset.Interval (10s)
✔ [3285/3291] Built Mathlib.Algebra.Group.Pointwise.Set.Small (5.0s)
✔ [3286/3292] Built Mathlib.Algebra.Group.Pointwise.Set.Card (10s)
✔ [3287/3293] Built Mathlib.Algebra.Group.Subgroup.Even (5.6s)
✔ [3288/3294] Built Mathlib.Algebra.Group.Subgroup.Finsupp (6.6s)
✔ [3289/3295] Built Mathlib.Algebra.Group.Subgroup.Order (5.0s)
✔ [3290/3296] Built Mathlib.Algebra.Group.Subgroup.ZPowers.Lemmas (5.8s)
✔ [3291/3297] Built Mathlib.Algebra.Group.Submonoid.Finsupp (6.2s)
✔ [3292/3298] Built Mathlib.Algebra.Group.Submonoid.Saturation (8.4s)
✔ [3293/3299] Built Mathlib.Algebra.Group.Submonoid.Support (8.3s)
✔ [3294/3299] Built Mathlib.Algebra.Group.Translate (5.9s)
✔ [3295/3302] Built Mathlib.Algebra.Group.Irreducible.Indecomposable (44s)
✔ [3296/3303] Built Mathlib.Algebra.GroupWithZero.Action.Faithful (2.9s)
✔ [3297/3304] Built Mathlib.Algebra.Group.UniqueProds.VectorSpace (5.9s)
✔ [3298/3305] Built Mathlib.Algebra.GroupWithZero.Action.Center (5.0s)
✔ [3299/3305] Built Mathlib.Algebra.GroupWithZero.Int (3.9s)
✔ [3300/3307] Built Mathlib.Algebra.GroupWithZero.Pointwise.Finset (4.9s)
✔ [3301/3307] Built Mathlib.Algebra.GroupWithZero.Conj (4.5s)
✔ [3302/3310] Built Mathlib.Algebra.GroupWithZero.Pointwise.Set.Card (4.8s)
✔ [3303/3311] Built Mathlib.Algebra.GroupWithZero.Submonoid.Instances (5.0s)
✔ [3304/3312] Built Mathlib.Algebra.GroupWithZero.ProdHom (5.7s)
✔ [3305/3312] Built Mathlib.Algebra.GroupWithZero.Action.Pointwise.Finset (6.7s)
✔ [3306/3312] Built Mathlib.Algebra.GroupWithZero.TransferInstance (5.0s)
✔ [3307/3312] Built Mathlib.Algebra.GroupWithZero.Submonoid.CancelMulZero (4.1s)
✔ [3308/3314] Built Mathlib.Algebra.HierarchyDesign (2.9s)
✔ [3309/3321] Built Mathlib.Algebra.GroupWithZero.Torsion (5.7s)
✔ [3310/3321] Built Mathlib.Algebra.GroupWithZero.Shrink (4.4s)
✔ [3311/3326] Built Mathlib.Algebra.GroupWithZero.Range (9.8s)
✔ [3312/3326] Built Mathlib.Util.Superscript (5.2s)
✔ [3313/3333] Built Mathlib.Order.Category.LinOrd (7.8s)
✔ [3314/3338] Built Mathlib.CategoryTheory.Idempotents.Basic (7.1s)
✔ [3315/3351] Built Mathlib.AlgebraicTopology.SimplexCategory.Defs (6.0s)
✔ [3316/3352] Built Mathlib.CategoryTheory.FintypeCat (10s)
✔ [3317/3352] Built Mathlib.CategoryTheory.Subfunctor.OfSection (5.5s)
✔ [3318/3352] Built Mathlib.Order.Fin.Finset (5.3s)
✔ [3319/3358] Built Mathlib.Order.Fin.SuccAboveOrderIso (5.2s)
✔ [3320/3358] Built Mathlib.CategoryTheory.Idempotents.Karoubi (8.4s)
✔ [3321/3358] Built Mathlib.Order.Category.FinPartOrd (7.5s)
✔ [3322/3360] Built Mathlib.CategoryTheory.GradedObject.Bifunctor (11s)
✔ [3323/3360] Built Mathlib.Algebra.Homology.HomologicalBicomplex (13s)
✔ [3324/3368] Built Mathlib.Algebra.Homology.Augment (17s)
✔ [3325/3369] Built Mathlib.CategoryTheory.Idempotents.FunctorCategories (13s)
✔ [3326/3370] Built Mathlib.Order.Category.NonemptyFinLinOrd (14s)
✔ [3327/3370] Built Mathlib.CategoryTheory.Center.NegOnePow (9.6s)
✔ [3328/3371] Built Mathlib.CategoryTheory.Shift.Twist (13s)
✔ [3329/3372] Built Mathlib.Algebra.Homology.CochainComplexPlus (14s)
✔ [3330/3372] Built Mathlib.AlgebraicTopology.SimplexCategory.Basic (23s)
✔ [3331/3372] Built Mathlib.Algebra.Homology.CochainComplexOpposite (24s)
✔ [3332/3372] Built Mathlib.Algebra.Homology.CommSq (13s)
✔ [3333/3372] Built Mathlib.CategoryTheory.GradedObject.Trifunctor (45s)
✔ [3334/3372] Built Mathlib.Algebra.Homology.ConcreteCategory (12s)
✔ [3335/3372] Built Mathlib.CategoryTheory.Shift.CommShiftTwo (13s)
✔ [3336/3372] Built Mathlib.AlgebraicTopology.SimplexCategory.Rev (7.8s)
✔ [3337/3372] Built Mathlib.AlgebraicTopology.SimplexCategory.Truncated (12s)
✔ [3338/3374] Built Mathlib.CategoryTheory.GradedObject.Associator (11s)
✔ [3339/3375] Built Mathlib.Algebra.Homology.ComplexShapeSigns (12s)
✔ [3340/3375] Built Mathlib.AlgebraicTopology.SimplexCategory.DeltaZeroIter (24s)
✔ [3341/3380] Built Mathlib.Algebra.Homology.HomotopyCategory.HomComplexInduction (8.2s)
✔ [3342/3380] Built Mathlib.AlgebraicTopology.SimplicialObject.Basic (34s)
✔ [3343/3380] Built Mathlib.Algebra.Homology.HomotopyCategory.HomComplexCohomology (17s)
✔ [3344/3382] Built Mathlib.CategoryTheory.ObjectProperty.Orthogonal (8.1s)
✔ [3345/3382] Built Mathlib.Algebra.Homology.TotalComplex (21s)
✔ [3346/3382] Built Mathlib.Algebra.Homology.Embedding.ExtendHomotopy (12s)
✔ [3347/3382] Built Mathlib.AlgebraicTopology.SimplicialObject.DeltaZeroIter (12s)
✔ [3348/3382] Built Mathlib.AlgebraicTopology.SimplicialObject.Op (9.7s)
✔ [3349/3382] Built Mathlib.AlgebraicTopology.SimplicialSet.Basic (13s)
✔ [3350/3382] Built Mathlib.AlgebraicTopology.SimplicialObject.Homotopy (12s)
✔ [3351/3382] Built Mathlib.AlgebraicTopology.MooreComplex (12s)
✔ [3352/3382] Built Mathlib.Algebra.Homology.DerivedCategory.SmallShiftedHom (15s)
✔ [3353/3382] Built Mathlib.CategoryTheory.Triangulated.TStructure.Basic (15s)
✔ [3354/3382] Built Mathlib.CategoryTheory.Triangulated.Orthogonal (14s)
✔ [3355/3382] Built Mathlib.Algebra.Homology.TotalComplexSymmetry (12s)
✔ [3356/3382] Built Mathlib.AlgebraicTopology.CechNerve (42s)
✔ [3357/3382] Built Mathlib.AlgebraicTopology.SimplicialSet.Op (9.4s)
✔ [3358/3383] Built Mathlib.Algebra.Homology.Bifunctor (22s)
✔ [3359/3383] Built Mathlib.AlgebraicTopology.SimplicialSet.CompStructTruncated (12s)
✔ [3360/3383] Built Mathlib.Algebra.Homology.TotalComplexShift (38s)
✔ [3361/3383] Built Mathlib.AlgebraicTopology.AlternatingFaceMapComplex (13s)
✔ [3362/3383] Built Mathlib.AlgebraicTopology.SimplicialSet.Subcomplex (16s)
✔ [3363/3383] Built Mathlib.Algebra.Homology.DerivedCategory.TStructure (12s)
✔ [3364/3383] Built Mathlib.Algebra.Homology.BifunctorFlip (10s)
✔ [3365/3383] Built Mathlib.Algebra.Homology.HomotopyCategory.KInjective (15s)
✔ [3366/3383] Built Mathlib.Algebra.Homology.HomotopyFiber (15s)
✔ [3367/3383] Built Mathlib.AlgebraicTopology.SimplicialSet.Degenerate (12s)
✔ [3368/3383] Built Mathlib.AlgebraicTopology.SimplicialSet.CompStruct (18s)
✔ [3369/3383] Built Mathlib.AlgebraicTopology.SimplicialSet.Simplices (8.8s)
✔ [3370/3385] Built Mathlib.AlgebraicTopology.SimplicialSet.SubcomplexOp (7.3s)
✔ [3371/3385] Built Mathlib.Algebra.Homology.DerivedCategory.KInjective (11s)
✔ [3372/3385] Built Mathlib.Algebra.Homology.BifunctorHomotopy (18s)
✔ [3373/3385] Built Mathlib.AlgebraicTopology.SimplicialSet.Dimension (8.1s)
✔ [3374/3385] Built Mathlib.Algebra.Homology.BifunctorAssociator (59s)
✔ [3375/3387] Built Mathlib.AlgebraicTopology.SimplicialSet.NonDegenerateSimplices (8.3s)
✔ [3376/3390] Built Mathlib.AlgebraicTopology.SimplicialSet.Nerve (11s)
✔ [3377/3391] Built Mathlib.CategoryTheory.LiftingProperties.Limits (8.3s)
✔ [3378/3391] Built Mathlib.AlgebraicTopology.SimplicialSet.Finite (8.0s)
✔ [3379/3398] Built Mathlib.Algebra.Homology.BifunctorShift (58s)
✔ [3380/3400] Built Mathlib.AlgebraicTopology.ModelCategory.CategoryWithCofibrations (6.4s)
✔ [3381/3403] Built Mathlib.AlgebraicTopology.SimplicialSet.NerveNondegenerate (8.6s)
✔ [3382/3403] Built Mathlib.CategoryTheory.Localization.Quotient (5.5s)
✔ [3383/3403] Built Mathlib.CategoryTheory.MorphismProperty.LiftingProperty (6.0s)
✔ [3384/3403] Built Mathlib.CategoryTheory.Shift.SingleFunctorsLift (7.2s)
✔ [3385/3408] Built Mathlib.CategoryTheory.Triangulated.Opposite.Subcategory (7.3s)
✔ [3386/3408] Built Mathlib.CategoryTheory.Triangulated.Opposite.Triangulated (10s)
✔ [3387/3408] Built Mathlib.CategoryTheory.MorphismProperty.RetractArgument (8.0s)
✔ [3388/3408] Built Mathlib.Algebra.Homology.FullSubcategory (10s)
✔ [3389/3408] Built Mathlib.CategoryTheory.MorphismProperty.WeakFactorizationSystem (14s)
✔ [3390/3408] Built Mathlib.AlgebraicTopology.SimplicialSet.StdSimplex (37s)
✔ [3391/3412] Built Mathlib.CategoryTheory.Triangulated.TStructure.TruncLTGE (44s)
✔ [3392/3413] Built Mathlib.CategoryTheory.Triangulated.LocalizingSubcategory (40s)
✔ [3393/3414] Built Mathlib.AlgebraicTopology.ModelCategory.Instances (17s)
✔ [3394/3414] Built Mathlib.CategoryTheory.Preadditive.Injective.LiftingProperties (11s)
✔ [3395/3416] Built Mathlib.Algebra.Homology.HomologicalComplexLimitsEventuallyConstant (13s)
✔ [3396/3416] Built Mathlib.CategoryTheory.Triangulated.TStructure.TruncLEGT (27s)
✔ [3397/3418] Built Mathlib.AlgebraicTopology.ModelCategory.IsCofibrant (12s)
✔ [3398/3418] Built Mathlib.AlgebraicTopology.ModelCategory.Basic (19s)
✔ [3399/3418] Built Mathlib.CategoryTheory.Category.Factorisation (12s)
✔ [3400/3418] Built Mathlib.AlgebraicTopology.ExtraDegeneracy (56s)
✔ [3401/3418] Built Mathlib.CategoryTheory.Abelian.EpiWithInjectiveKernel (15s)
✔ [3402/3418] Built Mathlib.CategoryTheory.Functor.OfSequence (12s)
✔ [3403/3418] Built Mathlib.CategoryTheory.Triangulated.TStructure.Induced (17s)
✔ [3404/3421] Built Mathlib.AlgebraicTopology.ModelCategory.Cylinder (20s)
✔ [3405/3421] Built Mathlib.Algebra.Homology.ModelCategory.Lifting (22s)
✔ [3406/3423] Built Mathlib.Algebra.Homology.AlternatingConst (20s)
✔ [3407/3423] Built Mathlib.Algebra.Homology.Factorizations.Basic (11s)
✔ [3408/3423] Built Mathlib.AlgebraicTopology.ModelCategory.BrownLemma (11s)
✔ [3409/3423] Built Mathlib.AlgebraicTopology.ModelCategory.Bifibrant (11s)
✔ [3410/3425] Built Mathlib.AlgebraicTopology.ModelCategory.LeftHomotopy (13s)
✔ [3411/3425] Built Mathlib.AlgebraicTopology.ModelCategory.PathObject (17s)
✔ [3412/3431] Built Mathlib.CategoryTheory.MorphismProperty.Quotient (9.7s)
✔ [3413/3432] Built Mathlib.CategoryTheory.Comma.CatCommSq (7.7s)
✔ [3414/3432] Built Mathlib.AlgebraicTopology.ModelCategory.RightHomotopy (14s)
✔ [3415/3432] Built Mathlib.Algebra.Homology.Precylinder (11s)
✔ [3416/3432] Built Mathlib.Algebra.Homology.Factorizations.CM5b (18s)
✔ [3417/3432] Built Mathlib.CategoryTheory.Localization.OfQuotient (8.4s)
✔ [3418/3433] Built Mathlib.AlgebraicTopology.ModelCategory.Homotopy (13s)
✔ [3419/3433] Built Mathlib.CategoryTheory.GuitartExact.Basic (25s)
✔ [3420/3435] Built Mathlib.CategoryTheory.Localization.Resolution (16s)
✔ [3421/3435] Built Mathlib.CategoryTheory.Functor.Derived.RightDerived (15s)
✔ [3422/3438] Built Mathlib.AlgebraicTopology.ModelCategory.FibrantObjectHomotopy (16s)
✔ [3423/3438] Built Mathlib.Algebra.Homology.HomotopyCategory.Plus (21s)
✔ [3424/3438] Built Mathlib.CategoryTheory.Localization.StructuredArrow (11s)
✔ [3425/3440] Built Mathlib.CategoryTheory.GuitartExact.VerticalComposition (15s)
✔ [3426/3442] Built Mathlib.CategoryTheory.GuitartExact.KanExtension (13s)
✔ [3427/3443] Built Mathlib.Algebra.Homology.Factorizations.CM5a (46s)
✔ [3428/3444] Built Mathlib.CategoryTheory.Functor.Derived.PointwiseRightDerived (10s)
✔ [3429/3444] Built Mathlib.Algebra.Homology.DerivedCategory.Plus (17s)
✔ [3430/3446] Built Mathlib.CategoryTheory.Preadditive.Injective.InjectiveObject (9.1s)
✔ [3431/3449] Built Mathlib.CategoryTheory.GuitartExact.Opposite (20s)
✔ [3432/3449] Built Mathlib.Algebra.Homology.DerivedCategory.Ext.TStructure (14s)
✔ [3433/3449] Built Mathlib.Algebra.Homology.ModelCategory.Injective (23s)
✔ [3434/3449] Built Mathlib.Algebra.Homology.DerivedCategory.ExactFunctor (23s)
✔ [3435/3451] Built Mathlib.Algebra.Homology.HomotopyCategory.KProjective (15s)
✔ [3436/3451] Built Mathlib.CategoryTheory.GuitartExact.HorizontalComposition (17s)
✔ [3437/3451] Built Mathlib.CategoryTheory.Localization.DerivabilityStructure.Basic (15s)
✔ [3438/3451] Built Mathlib.CategoryTheory.GuitartExact.Quotient (17s)
✔ [3439/3453] Built Mathlib.Algebra.Homology.DerivedCategory.KProjective (15s)
✔ [3440/3453] Built Mathlib.Algebra.Homology.DerivedCategory.Ext.Map (28s)
✔ [3441/3454] Built Mathlib.CategoryTheory.Localization.DerivabilityStructure.OfLocalizedEquivalences (12s)
✔ [3442/3454] Built Mathlib.CategoryTheory.DifferentialObject (21s)
✔ [3443/3455] Built Mathlib.Algebra.Homology.HasNoLoop (4.0s)
✔ [3444/3455] Built Mathlib.CategoryTheory.Localization.DerivabilityStructure.PointwiseRightDerived (10s)
✔ [3445/3456] Built Mathlib.CategoryTheory.Localization.DerivabilityStructure.Constructor (13s)
✔ [3446/3456] Built Mathlib.Algebra.Homology.Embedding.Connect (20s)
✔ [3447/3457] Built Mathlib.Algebra.Homology.Double (16s)
✔ [3448/3457] Built Mathlib.Algebra.Homology.DifferentialObject (20s)
✔ [3449/3457] Built Mathlib.Algebra.Homology.DerivedCategory.Ext.MapBijective (26s)
✔ [3450/3457] Built Mathlib.Algebra.Homology.Embedding.StupidTrunc (11s)
✔ [3451/3458] Built Mathlib.AlgebraicTopology.ModelCategory.DerivabilityStructureFibrant (8.8s)
✔ [3452/3460] Built Mathlib.CategoryTheory.Localization.DerivabilityStructure.Derives (9.8s)
✔ [3453/3461] Built Mathlib.Algebra.Homology.EulerCharacteristic (10s)
✔ [3454/3461] Built Mathlib.Algebra.Homology.Functor (9.7s)
✔ [3455/3462] Built Mathlib.CategoryTheory.Generator.HomologicalComplex (8.4s)
✔ [3456/3465] Built Mathlib.Algebra.Homology.ExactSequenceFour (16s)
✔ [3457/3465] Built Mathlib.Algebra.Homology.GrothendieckAbelian (8.5s)
✔ [3458/3466] Built Mathlib.Algebra.Homology.DerivedCategory.DerivabilityStructureInjectives (21s)
✔ [3459/3468] Built Mathlib.CategoryTheory.ComposableArrows.One (9.1s)
✔ [3460/3468] Built Mathlib.Algebra.Homology.HomotopyCategory.HomComplexSingle (16s)
✔ [3461/3468] Built Mathlib.CategoryTheory.ComposableArrows.Two (7.5s)
✔ [3462/3473] Built Mathlib.Algebra.Homology.DerivedCategory.RightDerivedFunctorPlus (9.7s)
✔ [3463/3478] Built Mathlib.Algebra.Homology.LeftResolution.Transport (7.7s)
✔ [3464/3479] Built Mathlib.CategoryTheory.Idempotents.FunctorExtension (15s)
✔ [3465/3479] Built Mathlib.CategoryTheory.GradedObject.Single (10s)
✔ [3466/3480] Built Mathlib.CategoryTheory.Preadditive.Projective.Resolution (12s)
✔ [3467/3480] Built Mathlib.CategoryTheory.Triangulated.SpectralObject (24s)
✔ [3468/3481] Built Mathlib.Algebra.Homology.LeftResolution.Reduced (10s)
✔ [3469/3481] Built Mathlib.Algebra.Homology.ShortComplex.FunctorEquivalence (12s)
✔ [3470/3481] Built Mathlib.Algebra.Homology.ShortComplex.Linear (14s)
✔ [3471/3481] Built Mathlib.CategoryTheory.Abelian.Projective.Resolution (12s)
✔ [3472/3484] Built Mathlib.CategoryTheory.GradedObject.Unitor (14s)
✔ [3473/3484] Built Mathlib.Algebra.Homology.HomotopyCategory.SpectralObject (9.2s)
✔ [3474/3486] Built Mathlib.Algebra.Homology.SpectralObject.Basic (16s)
✔ [3475/3486] Built Mathlib.CategoryTheory.ComposableArrows.Three (6.7s)
✔ [3476/3487] Built Mathlib.CategoryTheory.Abelian.LeftDerived (12s)
✔ [3477/3489] Built Mathlib.CategoryTheory.ComposableArrows.Four (8.1s)
✔ [3478/3489] Built Mathlib.Algebra.Homology.SpectralSequence.ComplexShape (3.1s)
✔ [3479/3494] Built Mathlib.CategoryTheory.Abelian.Ext (7.1s)
✔ [3480/3494] Built Mathlib.Order.Fin.Clamp (4.8s)
✔ [3481/3494] Built Mathlib.Order.WithBotTop (5.0s)
✔ [3482/3497] Built Mathlib.CategoryTheory.GradedObject.Monoidal (28s)
✔ [3483/3497] Built Mathlib.Algebra.Homology.SpectralObject.Cycles (21s)
✔ [3484/3497] Built Mathlib.Algebra.Homology.LocalCohomology (16s)
✔ [3485/3497] Built Mathlib.Algebra.Homology.SpectralSequence.Basic (13s)
✔ [3486/3498] Built Mathlib.Algebra.Homology.Monoidal (23s)
✔ [3487/3503] Built Mathlib.Algebra.Homology.SpectralObject.HasSpectralSequence (30s)
✔ [3488/3506] Built Mathlib.CategoryTheory.Square (25s)
✔ [3489/3506] Built Mathlib.Order.Filter.Subsingleton (8.9s)
✔ [3490/3506] Built Mathlib.CategoryTheory.Limits.Shapes.Pullback.Square (10s)
✔ [3491/3509] Built Mathlib.RingTheory.Jacobson.Semiprimary (16s)
✔ [3492/3509] Built Mathlib.Order.Filter.EventuallyConst (9.0s)
✔ [3493/3511] Built Mathlib.Algebra.Homology.Square (9.6s)
✔ [3494/3511] Built Mathlib.Algebra.Homology.SpectralObject.Page (61s)
✔ [3495/3511] Built Mathlib.Algebra.Lie.Basic (46s)
✔ [3496/3514] Built Mathlib.FieldTheory.Minpoly.Basic (11s)
✔ [3497/3514] Built Mathlib.RingTheory.Ideal.Quotient.Noetherian (8.5s)
✔ [3498/3517] Built Mathlib.RingTheory.Artinian.Module (19s)
✔ [3499/3517] Built Mathlib.Algebra.Homology.SpectralObject.Differentials (13s)
✔ [3500/3521] Built Mathlib.FieldTheory.Minpoly.Field (13s)
✔ [3501/3521] Built Mathlib.LinearAlgebra.SModEq.Basic (13s)
✔ [3502/3524] Built Mathlib.RingTheory.Polynomial.Ideal (11s)
✔ [3503/3524] Built Mathlib.Algebra.Homology.SpectralObject.EpiMono (14s)
✔ [3504/3525] Built Mathlib.LinearAlgebra.Matrix.Dual (10s)
✔ [3505/3525] Built Mathlib.RingTheory.PowerBasis (22s)
✔ [3506/3528] Built Mathlib.Algebra.Lie.Subalgebra (29s)
✔ [3507/3528] Built Mathlib.Algebra.Squarefree.Basic (15s)
✔ [3508/3528] Built Mathlib.RingTheory.Polynomial.Quotient (30s)
✔ [3509/3528] Built Mathlib.LinearAlgebra.AnnihilatingPolynomial (16s)
✔ [3510/3528] Built Mathlib.Algebra.Homology.SpectralObject.Homology (25s)
✔ [3511/3528] Built Mathlib.RingTheory.Artinian.Instances (12s)
✔ [3512/3529] Built Mathlib.LinearAlgebra.Determinant (48s)
✔ [3513/3532] Built Mathlib.FieldTheory.Separable (26s)
✔ [3514/3532] Built Mathlib.RingTheory.Norm.Defs (16s)
✔ [3515/3532] Built Mathlib.Algebra.Lie.Submodule (54s)
✔ [3516/3532] Built Mathlib.Algebra.Lie.NonUnitalNonAssocAlgebra (10s)
✔ [3517/3532] Built Mathlib.Algebra.Homology.SpectralObject.SpectralSequence (44s)
✔ [3518/3535] Built Mathlib.RingTheory.Nilpotent.Exp (22s)
✔ [3519/3535] Built Mathlib.Algebra.Lie.OfAssociative (25s)
✔ [3520/3537] Built Mathlib.Algebra.Homology.SpectralObject.FirstPage (11s)
✔ [3521/3537] Built Mathlib.RingTheory.AdjoinRoot (82s)
✔ [3522/3537] Built Mathlib.Algebra.Lie.Ideal (21s)
✔ [3523/3537] Built Mathlib.Dynamics.Newton (11s)
✔ [3524/3537] Built Mathlib.FieldTheory.KummerPolynomial (11s)
✔ [3525/3539] Built Mathlib.Algebra.Lie.IdealOperations (13s)
✔ [3526/3539] Built Mathlib.Algebra.Jordan.Basic (17s)
✔ [3527/3546] Built Mathlib.Algebra.Lie.Derivation.Basic (25s)
✔ [3528/3550] Built Mathlib.Order.BooleanGenerators (9.2s)
✔ [3529/3550] Built Mathlib.FieldTheory.Perfect (16s)
✔ [3530/3551] Built Mathlib.LinearAlgebra.BilinearForm.Basic (14s)
✔ [3531/3552] Built Mathlib.Algebra.Lie.Abelian (21s)
✔ [3532/3552] Built Mathlib.Algebra.Lie.Quotient (15s)
✔ [3533/3552] Built Mathlib.Algebra.Ring.Divisibility.Lemmas (9.9s)
✔ [3534/3552] Built Mathlib.LinearAlgebra.BilinearForm.Hom (16s)
✔ [3535/3552] Built Mathlib.Algebra.Lie.AdjointAction.Derivation (6.9s)
✔ [3536/3552] Built Mathlib.LinearAlgebra.Semisimple (27s)
✔ [3537/3552] Built Mathlib.Algebra.Lie.Normalizer (8.5s)
✔ [3538/3552] Built Mathlib.Algebra.Lie.TensorProduct (16s)
✔ [3539/3554] Built Mathlib.Algebra.Lie.AdjointAction.Basic (9.1s)
✔ [3540/3555] Built Mathlib.LinearAlgebra.JordanChevalley (9.9s)
✔ [3541/3556] Built Mathlib.LinearAlgebra.BilinearForm.Properties (14s)
✔ [3542/3556] Built Mathlib.Algebra.Ring.Action.Field (3.1s)
✔ [3543/3556] Built Mathlib.Algebra.Polynomial.GroupRingAction (6.4s)
✔ [3544/3556] Built Mathlib.Algebra.Ring.Action.Invariant (4.4s)
✔ [3545/3559] Built Mathlib.Algebra.Lie.AdjointAction.JordanChevalley (6.7s)
✔ [3546/3559] Built Mathlib.Algebra.Lie.BaseChange (16s)
✔ [3547/3560] Built Mathlib.FieldTheory.Galois.Notation (4.5s)
✔ [3548/3560] Built Mathlib.FieldTheory.Finiteness (5.5s)
✔ [3549/3564] Built Mathlib.LinearAlgebra.BilinearForm.Orthogonal (10s)
✔ [3550/3566] Built Mathlib.Algebra.Lie.Solvable (11s)
✔ [3551/3575] Built Mathlib.FieldTheory.Tower (5.0s)
✔ [3552/3575] Built Mathlib.FieldTheory.Normal.Defs (10s)
✔ [3553/3575] Built Mathlib.Algebra.Lie.Semisimple.Defs (6.3s)
✔ [3554/3575] Built Mathlib.RingTheory.Adjoin.Singleton (8.2s)
✔ [3555/3576] Built Mathlib.FieldTheory.IntermediateField.Adjoin.Defs (22s)
✔ [3556/3576] Built Mathlib.Algebra.Lie.Nilpotent (17s)
✔ [3557/3576] Built Mathlib.RingTheory.Adjoin.Field (11s)
✔ [3558/3576] Built Mathlib.FieldTheory.IntermediateField.Algebraic (11s)
✔ [3559/3577] Built Mathlib.RingTheory.Adjoin.Dimension (5.8s)
✔ [3560/3577] Built Mathlib.Algebra.Lie.Semisimple.Basic (6.9s)
✔ [3561/3579] Built Mathlib.Algebra.Lie.InvariantForm (8.5s)
✔ [3562/3579] Built Mathlib.FieldTheory.Fixed (10s)
✔ [3563/3583] Built Mathlib.Algebra.Lie.Engel (10s)
✔ [3564/3583] Built Mathlib.Algebra.Lie.CartanSubalgebra (5.1s)
✔ [3565/3589] Built Mathlib.Data.Multiset.Fintype (5.8s)
✔ [3566/3590] Built Mathlib.LinearAlgebra.PID (5.6s)
✔ [3567/3591] Built Mathlib.RingTheory.Finiteness.Nilpotent (5.8s)
✔ [3568/3595] Built Mathlib.FieldTheory.IntermediateField.Adjoin.Algebra (13s)
✔ [3569/3595] Built Mathlib.LinearAlgebra.FiniteSpan (4.4s)
✔ [3570/3597] Built Mathlib.LinearAlgebra.BilinearForm.TensorProduct (15s)
✔ [3571/3597] Built Mathlib.FieldTheory.SplittingField.IsSplittingField (7.7s)
✔ [3572/3599] Built Mathlib.LinearAlgebra.PerfectPairing.Basic (13s)
✔ [3573/3599] Built Mathlib.Algebra.Polynomial.Sequence (7.4s)
✔ [3574/3599] Built Mathlib.LinearAlgebra.Matrix.BaseChange (6.3s)
✔ [3575/3599] Built Mathlib.Combinatorics.Matroid.Init (1.8s)
✔ [3576/3599] Built Mathlib.FieldTheory.SplittingField.Construction (9.9s)
✔ [3577/3602] Built Mathlib.LinearAlgebra.PerfectPairing.Restrict (16s)
✔ [3578/3604] Built Mathlib.LinearAlgebra.Span.TensorProduct (11s)
✔ [3579/3606] Built Mathlib.FieldTheory.IntermediateField.Adjoin.Basic (22s)
✔ [3580/3606] Built Mathlib.RingTheory.Localization.NumDen (5.2s)
✔ [3581/3606] Built Mathlib.RingTheory.Ideal.Quotient.PowTransition (7.6s)
✔ [3582/3606] Built Mathlib.RingTheory.FiniteLength (5.0s)
✔ [3583/3611] Built Mathlib.RingTheory.Polynomial.RationalRoot (6.4s)
✔ [3584/3611] Built Mathlib.FieldTheory.Extension (14s)
✔ [3585/3611] Built Mathlib.RingTheory.Polynomial.Chebyshev (38s)
✔ [3586/3611] Built Mathlib.Algebra.Order.GroupWithZero.WithZero (4.2s)
✔ [3587/3611] Built Mathlib.RingTheory.Length (8.4s)
✔ [3588/3611] Built Mathlib.Algebra.Ring.Torsion (2.6s)
✔ [3589/3611] Built Mathlib.RingTheory.DedekindDomain.Basic (5.7s)
✔ [3590/3612] Built Mathlib.Algebra.Order.GroupWithZero.Range (4.9s)
✔ [3591/3615] Built Mathlib.RingTheory.AdicCompletion.Basic (27s)
✔ [3592/3615] Built Mathlib.FieldTheory.IsAlgClosed.Basic (14s)
✔ [3593/3619] Built Mathlib.RingTheory.Bezout (4.9s)
✔ [3594/3621] Built Mathlib.FieldTheory.IsAlgClosed.Spectrum (7.0s)
✔ [3595/3621] Built Mathlib.FieldTheory.IsAlgClosed.AlgebraicClosure (12s)
✔ [3596/3622] Built Mathlib.LinearAlgebra.Reflection (25s)
✔ [3597/3622] Built Mathlib.RingTheory.Jacobson.Polynomial (4.0s)
✔ [3598/3626] Built Mathlib.LinearAlgebra.Eigenspace.Triangularizable (8.6s)
✔ [3599/3626] Built Mathlib.RingTheory.Valuation.Basic (28s)
✔ [3600/3626] Built Mathlib.RingTheory.LocalProperties.IntegrallyClosed (8.7s)
✔ [3601/3626] Built Mathlib.RingTheory.Flat.Tensor (7.8s)
✔ [3602/3626] Built Mathlib.LinearAlgebra.Eigenspace.Semisimple (7.0s)
✔ [3603/3627] Built Mathlib.LinearAlgebra.RootSystem.Defs (17s)
✔ [3604/3627] Built Mathlib.RingTheory.Jacobson.Ring (10s)
✔ [3605/3631] Built Mathlib.RingTheory.Ideal.IsPrincipal (6.8s)
✔ [3606/3631] Built Mathlib.RingTheory.Valuation.PrimeMultiplicity (4.7s)
✔ [3607/3633] Built Mathlib.LinearAlgebra.Eigenspace.Pi (9.1s)
✔ [3608/3635] Built Mathlib.Algebra.Ring.SumsOfSquares (5.4s)
✔ [3609/3635] Built Mathlib.RingTheory.Valuation.Integers (10s)
✔ [3610/3637] Built Mathlib.RingTheory.KrullDimension.Zero (6.4s)
✔ [3611/3637] Built Mathlib.RingTheory.Valuation.ValuationRing (10s)
✔ [3612/3637] Built Mathlib.Algebra.Module.Submodule.Union (13s)
✔ [3613/3643] Built Mathlib.LinearAlgebra.Dimension.OrzechProperty (13s)
✔ [3614/3643] Built Mathlib.Algebra.Lie.Weights.Basic (21s)
✔ [3615/3648] Built Mathlib.RingTheory.DiscreteValuationRing.Basic (9.0s)
✔ [3616/3648] Built Mathlib.LinearAlgebra.QuadraticForm.Prod (12s)
✔ [3617/3648] Built Mathlib.Algebra.Lie.Sl2 (10s)
✔ [3618/3648] Built Mathlib.Data.Int.ConditionallyCompleteOrder (3.4s)
✔ [3619/3649] Built Mathlib.Algebra.Lie.Weights.Cartan (15s)
✔ [3620/3650] Built Mathlib.RepresentationTheory.Basic (23s)
✔ [3621/3650] Built Mathlib.Algebra.Lie.Weights.Linear (14s)
✔ [3622/3650] Built Mathlib.RingTheory.DiscreteValuationRing.TFAE (8.8s)
✔ [3623/3650] Built Mathlib.Order.Interval.Set.OrdConnectedLinear (3.7s)
✔ [3624/3650] Built Mathlib.Data.Int.Star (3.2s)
✔ [3625/3651] Built Mathlib.RepresentationTheory.Submodule (7.8s)
✔ [3626/3651] Built Mathlib.Algebra.Lie.Weights.Chain (10s)
✔ [3627/3651] Built Mathlib.LinearAlgebra.QuadraticForm.Dual (15s)
✔ [3628/3655] Built Mathlib.Algebra.Order.Ring.Star (4.3s)
✔ [3629/3657] Built Mathlib.RingTheory.DedekindDomain.Dvr (7.3s)
✔ [3630/3657] Built Mathlib.LinearAlgebra.Matrix.BilinearForm (17s)
✔ [3631/3660] Built Mathlib.Algebra.Star.Pi (4.6s)
✔ [3632/3660] Built Mathlib.RingTheory.Flat.TorsionFree (8.8s)
✔ [3633/3662] Built Mathlib.LinearAlgebra.Matrix.Hadamard (7.5s)
✔ [3634/3662] Built Mathlib.Algebra.Order.CauSeq.Basic (14s)
✔ [3635/3662] Built Mathlib.Algebra.Lie.TraceForm (24s)
✔ [3636/3662] Built Mathlib.LinearAlgebra.Matrix.DotProduct (6.2s)
✔ [3637/3666] Built Mathlib.LinearAlgebra.Matrix.ZPow (6.7s)
✔ [3638/3666] Built Mathlib.LinearAlgebra.Matrix.Vec (6.7s)
✔ [3639/3666] Built Mathlib.Algebra.Order.CauSeq.Completion (9.5s)
✔ [3640/3667] Built Mathlib.Algebra.Lie.Killing (7.8s)
✔ [3641/3667] Built Mathlib.LinearAlgebra.RootSystem.IsValuedIn (13s)
✔ [3642/3667] Built Mathlib.LinearAlgebra.Matrix.Hermitian (8.3s)
✔ [3643/3668] Built Mathlib.LinearAlgebra.Eigenspace.Matrix (7.6s)
✔ [3644/3668] Built Mathlib.Data.Real.Basic (7.9s)
✔ [3645/3668] Built Mathlib.LinearAlgebra.Eigenspace.Minpoly (7.1s)
✔ [3646/3669] Built Mathlib.Algebra.Lie.Derivation.Killing (7.0s)
✔ [3647/3673] Built Mathlib.LinearAlgebra.RootSystem.Reduced (8.1s)
✔ [3648/3673] Built Mathlib.Data.Nat.Factorial.BigOperators (4.2s)
✔ [3649/3673] Built Mathlib.LinearAlgebra.RootSystem.BaseChange (9.6s)
✔ [3650/3673] Built Mathlib.LinearAlgebra.RootSystem.RootPositive (10s)
✔ [3651/3673] Built Mathlib.Data.Real.Star (3.2s)
✔ [3652/3674] Built Mathlib.Data.Nat.Factorial.SuperFactorial (3.7s)
✔ [3653/3674] Built Mathlib.RingTheory.Polynomial.Pochhammer (5.8s)
✔ [3654/3675] Built Mathlib.LinearAlgebra.Matrix.PosDef (12s)
✔ [3655/3675] Built Mathlib.Algebra.Lie.EngelSubalgebra (10s)
✔ [3656/3675] Built Mathlib.LinearAlgebra.RootSystem.Finite.CanonicalBilinear (19s)
✔ [3657/3677] Built Mathlib.Algebra.Lie.Weights.Killing (23s)
✔ [3658/3677] Built Mathlib.LinearAlgebra.Vandermonde (12s)
✔ [3659/3677] Built Mathlib.Algebra.MvPolynomial.Monad (8.8s)
✔ [3660/3677] Built Mathlib.LinearAlgebra.Charpoly.Basic (9.6s)
✔ [3661/3686] Built Mathlib.LinearAlgebra.RootSystem.Finite.Nondegenerate (16s)
✔ [3662/3686] Built Mathlib.LinearAlgebra.Matrix.ZMatrix (23s)
✔ [3663/3687] Built Mathlib.LinearAlgebra.Lagrange (12s)
✔ [3664/3687] Built Mathlib.LinearAlgebra.Charpoly.ToMatrix (7.6s)
✔ [3665/3687] Built Mathlib.RingTheory.GradedAlgebra.Homogeneous.Submodule (7.5s)
✔ [3666/3689] Built Mathlib.Algebra.Lie.Character (6.4s)
✔ [3667/3689] Built Mathlib.LinearAlgebra.RootSystem.Basic (15s)
✔ [3668/3689] Built Mathlib.RingTheory.GradedAlgebra.Homogeneous.Ideal (17s)
✔ [3669/3689] Built Mathlib.LinearAlgebra.Eigenspace.Zero (19s)
✔ [3670/3689] Built Mathlib.Algebra.Lie.Matrix (15s)
✔ [3671/3694] Built Mathlib.RingTheory.MvPolynomial.WeightedHomogeneous (24s)
✔ [3672/3694] Built Mathlib.Algebra.Lie.CartanCriterion (50s)
✔ [3673/3695] Built Mathlib.Algebra.Lie.SkewAdjoint (25s)
✔ [3674/3695] Built Mathlib.RingTheory.MvPolynomial.Homogeneous (30s)
✔ [3675/3695] Built Mathlib.Algebra.Lie.Weights.RootSystem (62s)
✔ [3676/3698] Built Mathlib.LinearAlgebra.Dimension.LinearMap (18s)
✔ [3677/3699] Built Mathlib.LinearAlgebra.RootSystem.Hom (74s)
✔ [3678/3699] Built Mathlib.LinearAlgebra.Matrix.Charpoly.Univ (16s)
✔ [3679/3700] Built Mathlib.LinearAlgebra.Matrix.Diagonal (16s)
✔ [3680/3700] Built Mathlib.Algebra.Lie.Prod (18s)
✔ [3681/3700] Built Mathlib.LinearAlgebra.RootSystem.WeylGroup (18s)
✔ [3682/3702] Built Mathlib.Algebra.Lie.DirectSum (22s)
✔ [3683/3702] Built Mathlib.Algebra.Lie.Cochain (61s)
✔ [3684/3703] Built Mathlib.Algebra.Module.LinearMap.Polynomial (37s)
✔ [3685/3703] Built Mathlib.LinearAlgebra.Matrix.Rank (37s)
✔ [3686/3704] Built Mathlib.RingTheory.Derivation.Lie (22s)
✔ [3687/3704] Built Mathlib.LinearAlgebra.RootSystem.Irreducible (23s)
✔ [3688/3704] Built Mathlib.Algebra.Lie.UniversalEnveloping (17s)
✔ [3689/3705] Built Mathlib.Algebra.Lie.Rank (23s)
✔ [3690/3705] Built Mathlib.Algebra.Lie.Graded (26s)
✔ [3691/3706] Built Mathlib.LinearAlgebra.SymplecticGroup (26s)
✔ [3692/3706] Built Mathlib.Algebra.Lie.Derivation.BaseChange (28s)
✔ [3693/3706] Built Mathlib.Algebra.Lie.Extension (69s)
✔ [3694/3706] Built Mathlib.Algebra.Lie.Free (18s)
✔ [3695/3707] Built Mathlib.LinearAlgebra.RootSystem.Finite.Lemmas (34s)
✔ [3696/3707] Built Mathlib.Algebra.Lie.LieTheorem (42s)
✔ [3697/3707] Built Mathlib.Algebra.Lie.Classical (17s)
✔ [3698/3710] Built Mathlib.Algebra.Lie.SemiDirect (18s)
✔ [3699/3711] Built Mathlib.Algebra.Lie.CartanExists (32s)
✔ [3700/3712] Built Mathlib.Algebra.Lie.Loop (35s)
✔ [3701/3713] Built Mathlib.GroupTheory.Perm.Cycle.Concrete (13s)
✔ [3702/3713] Built Mathlib.Algebra.Lie.Semisimple.Lemmas (17s)
✔ [3703/3714] Built Mathlib.LinearAlgebra.RootSystem.Chain (27s)
✔ [3704/3715] Built Mathlib.Algebra.LieRinehartAlgebra.Defs (33s)
✔ [3705/3715] Built Mathlib.LinearAlgebra.RootSystem.Base (36s)
✔ [3706/3716] Built Mathlib.LinearAlgebra.Matrix.Cartan (45s)
✔ [3707/3716] Built Mathlib.Algebra.Lie.Weights.IsSimple (57s)
✔ [3708/3717] Built Mathlib.Algebra.LinearRecurrence (20s)
✔ [3709/3717] Built Mathlib.Algebra.ModEq (7.0s)
✔ [3710/3717] Built Mathlib.Algebra.LieRinehartAlgebra.Subalgebra (19s)
✔ [3711/3717] Built Mathlib.Algebra.Lie.SerreConstruction (13s)
✔ [3712/3718] Built Mathlib.Algebra.Module.Card (9.2s)
✔ [3713/3725] Built Mathlib.Algebra.Module.Bimodule (15s)
✔ [3714/3726] Built Mathlib.LinearAlgebra.RootSystem.CartanMatrix (31s)
✔ [3715/3727] Built Mathlib.RingTheory.ChainOfDivisors (9.5s)
✔ [3716/3727] Built Mathlib.LinearAlgebra.RootSystem.BaseExists (32s)
✔ [3717/3729] Built Mathlib.RingTheory.FractionalIdeal.Basic (15s)
✔ [3718/3729] Built Mathlib.Algebra.Module.Lattice (12s)
✔ [3719/3730] Built Mathlib.Algebra.Module.GradedModule (16s)
✔ [3720/3731] Built Mathlib.RingTheory.Finiteness.Cofinite (11s)
✔ [3721/3732] Built Mathlib.Algebra.Module.FinitePresentation (37s)
✔ [3722/3732] Built Mathlib.Algebra.Module.LinearMap.Index (16s)
✔ [3723/3733] Built Mathlib.RingTheory.FractionalIdeal.Operations (33s)
✔ [3724/3734] Built Mathlib.Algebra.Module.LinearMap.Prod (4.4s)
✔ [3725/3734] Built Mathlib.Algebra.Module.LinearMap.FiniteRange (15s)
✔ [3726/3735] Built Mathlib.Algebra.Module.LocalizedModule.Away (5.7s)
✔ [3727/3737] Built Mathlib.Algebra.Lie.Basis (45s)
✔ [3728/3737] Built Mathlib.Algebra.Module.LocalizedModule.Int (6.2s)
✔ [3729/3742] Built Mathlib.Algebra.Module.MinimalAxioms (3.3s)
✔ [3730/3742] Built Mathlib.RingTheory.FractionalIdeal.Inverse (8.5s)
✔ [3731/3742] Built Mathlib.Algebra.Module.PointwisePi (3.8s)
✔ [3732/3742] Built Mathlib.Algebra.MvPolynomial.Supported (5.5s)
✔ [3733/3748] Built Mathlib.Algebra.Module.Presentation.Cokernel (6.0s)
✔ [3734/3749] Built Mathlib.Algebra.Polynomial.Derivation (8.7s)
✔ [3735/3750] Built Mathlib.Algebra.MvPolynomial.Derivation (7.6s)
✔ [3736/3751] Built Mathlib.RingTheory.DedekindDomain.Ideal.Basic (16s)
✔ [3737/3751] Built Mathlib.RingTheory.MvPolynomial.Localization (8.8s)
✔ [3738/3751] Built Mathlib.Algebra.Module.Presentation.DirectSum (5.0s)
✔ [3739/3752] Built Mathlib.Algebra.Module.Presentation.Finite (5.0s)
✔ [3740/3753] Built Mathlib.Algebra.MvPolynomial.PDeriv (7.0s)
✔ [3741/3754] Built Mathlib.Algebra.Module.Presentation.Free (5.9s)
✔ [3742/3754] Built Mathlib.Algebra.Module.Presentation.RestrictScalars (6.6s)
✔ [3743/3754] Built Mathlib.Algebra.Module.Presentation.Tautological (4.9s)
✔ [3744/3754] Built Mathlib.RingTheory.Extension.Basic (28s)
✔ [3745/3757] Built Mathlib.Algebra.Module.Presentation.Tensor (6.5s)
✔ [3746/3757] Built Mathlib.RingTheory.Kaehler.Polynomial (12s)
✔ [3747/3758] Built Mathlib.RingTheory.DedekindDomain.Ideal.Lemmas (31s)
✔ [3748/3762] Built Mathlib.LinearAlgebra.TensorProduct.Vanishing (9.5s)
✔ [3749/3762] Built Mathlib.RingTheory.Ideal.Quotient.ChineseRemainder (9.6s)
✔ [3750/3763] Built Mathlib.Algebra.Module.DedekindDomain (7.0s)
✔ [3751/3763] Built Mathlib.RingTheory.Localization.Finiteness (10s)
✔ [3752/3763] Built Mathlib.RingTheory.Extension.Generators (27s)
✔ [3753/3763] Built Mathlib.Algebra.Module.StablyFree.Basic (6.5s)
✔ [3754/3765] Built Mathlib.RingTheory.QuotSMulTop (13s)
✔ [3755/3771] Built Mathlib.Algebra.Module.PID (11s)
✔ [3756/3771] Built Mathlib.RingTheory.Flat.EquationalCriterion (18s)
✔ [3757/3772] Built Mathlib.Data.Fin.Parity (4.1s)
✔ [3758/3772] Built Mathlib.LinearAlgebra.Multilinear.TensorProduct (7.3s)
✔ [3759/3772] Built Mathlib.RingTheory.Extension.Presentation.Basic (13s)
✔ [3760/3774] Built Mathlib.RingTheory.Support (11s)
✔ [3761/3774] Built Mathlib.LinearAlgebra.Alternating.Uncurry.Fin (9.0s)
✔ [3762/3774] Built Mathlib.CategoryTheory.Monoidal.Skeleton (5.1s)
✔ [3763/3774] Built Mathlib.LinearAlgebra.TensorProduct.Submodule (10s)
✔ [3764/3778] Built Mathlib.LinearAlgebra.LinearDisjoint (12s)
✔ [3765/3781] Built Mathlib.LinearAlgebra.PiTensorProduct.Basic (29s)
✔ [3766/3781] Built Mathlib.RingTheory.Ideal.MinimalPrime.Noetherian (5.7s)
✔ [3767/3781] Built Mathlib.RingTheory.LocalRing.Module (33s)
✔ [3768/3782] Built Mathlib.RingTheory.Extension.Cotangent.Basic (44s)
✔ [3769/3782] Built Mathlib.RingTheory.Ideal.MinimalPrime.Colon (18s)
✔ [3770/3782] Built Mathlib.LinearAlgebra.TensorPower.Basic (27s)
✔ [3771/3784] Built Mathlib.RingTheory.ClassGroup.Basic (28s)
✔ [3772/3785] Built Mathlib.Algebra.Module.SpanRankOperations (13s)
✔ [3773/3785] Built Mathlib.LinearAlgebra.TensorPower.Pairing (8.9s)
✔ [3774/3785] Built Mathlib.RingTheory.Ideal.AssociatedPrime.Basic (12s)
✔ [3775/3786] Built Mathlib.Algebra.Module.Presentation.Differentials (14s)
✔ [3776/3786] Built Mathlib.RingTheory.LocalProperties.Projective (18s)
✔ [3777/3789] Built Mathlib.RingTheory.UniqueFactorizationDomain.ClassGroup (8.7s)
✔ [3778/3789] Built Mathlib.RingTheory.Spectrum.Prime.TensorProduct (7.3s)
✔ [3779/3790] Built Mathlib.RingTheory.Localization.Free (8.0s)
✔ [3780/3790] Built Mathlib.LinearAlgebra.ExteriorPower.Pairing (9.0s)
✔ [3781/3790] Built Mathlib.Topology.LocallyConstant.Basic (7.0s)
✔ [3782/3790] Built Mathlib.RingTheory.Ideal.AssociatedPrime.Finiteness (11s)
✔ [3783/3790] Built Mathlib.RingTheory.TensorProduct.IsBaseChangePi (7.5s)
✔ [3784/3791] Built Mathlib.Algebra.Module.Submodule.Order (4.1s)
✔ [3785/3796] Built Mathlib.FieldTheory.Minpoly.Finite (6.3s)
✔ [3786/3796] Built Mathlib.LinearAlgebra.ExteriorPower.Basis (8.3s)
✔ [3787/3796] Built Mathlib.GroupTheory.Perm.ViaEmbedding (4.2s)
✔ [3788/3796] Built Mathlib.GroupTheory.Solvable (7.1s)
✔ [3789/3798] Built Mathlib.FieldTheory.PrimitiveElement (16s)
✔ [3790/3798] Built Mathlib.RingTheory.AlgebraicIndependent.Defs (7.9s)
✔ [3791/3800] Built Mathlib.FieldTheory.Normal.Basic (15s)
✔ [3792/3800] Built Mathlib.Combinatorics.Matroid.Basic (9.4s)
✔ [3793/3800] Built Mathlib.RingTheory.LocalRing.ResidueField.Fiber (50s)
✔ [3794/3800] Built Mathlib.RingTheory.PicardGroup (44s)
✔ [3795/3814] Built Mathlib.RingTheory.AlgebraicIndependent.Adjoin (12s)
✔ [3796/3816] Built Mathlib.RingTheory.Algebraic.MvPolynomial (9.4s)
✔ [3797/3816] Built Mathlib.FieldTheory.Normal.Closure (14s)
✔ [3798/3819] Built Mathlib.RingTheory.Spectrum.Prime.FreeLocus (16s)
✔ [3799/3819] Built Mathlib.RingTheory.AlgebraicIndependent.Basic (10s)
✔ [3800/3822] Built Mathlib.RingTheory.Polynomial.SeparableDegree (6.9s)
✔ [3801/3823] Built Mathlib.Combinatorics.Matroid.IndepAxioms (21s)
✔ [3802/3823] Built Mathlib.FieldTheory.AlgebraicClosure (9.2s)
✔ [3803/3825] Built Mathlib.GroupTheory.GroupAction.FixedPoints (8.0s)
✔ [3804/3826] Built Mathlib.RingTheory.AlgebraicIndependent.Transcendental (10s)
✔ [3805/3826] Built Mathlib.Algebra.Module.StablyFree.FreeOfInvertible (10s)
✔ [3806/3828] Built Mathlib.Combinatorics.Matroid.Dual (7.7s)
✔ [3807/3828] Built Mathlib.GroupTheory.GroupAction.FixingSubgroup (6.2s)
✔ [3808/3828] Built Mathlib.Topology.Algebra.FilterBasis (11s)
✔ [3809/3829] Built Mathlib.Topology.Algebra.OpenSubgroup (11s)
✔ [3810/3832] Built Mathlib.Topology.Algebra.Group.ClosedSubgroup (5.0s)
✔ [3811/3839] Built Mathlib.RingTheory.AlgebraicIndependent.AlgebraicClosure (9.7s)
✔ [3812/3839] Built Mathlib.LinearAlgebra.Matrix.Charpoly.Minpoly (8.7s)
✔ [3813/3841] Built Mathlib.Combinatorics.Matroid.Minor.Restrict (11s)
✔ [3814/3844] Built Mathlib.RingTheory.Polynomial.GaussLemma (9.0s)
✔ [3815/3844] Built Mathlib.LinearAlgebra.BilinearForm.DualLattice (11s)
✔ [3816/3844] Built Mathlib.RingTheory.Invariant.Defs (3.7s)
✔ [3817/3845] Built Mathlib.Combinatorics.Matroid.Constructions (5.2s)
✔ [3818/3845] Built Mathlib.RingTheory.Trace.Defs (8.1s)
✔ [3819/3845] Built Mathlib.RingTheory.IsGaloisGroup.Defs (7.3s)
✔ [3820/3846] Built Mathlib.FieldTheory.Minpoly.IsIntegrallyClosed (12s)
✔ [3821/3848] Built Mathlib.RingTheory.Finiteness.Quotient (7.1s)
✔ [3822/3849] Built Mathlib.Combinatorics.Matroid.Map (8.5s)
✔ [3823/3849] Built Mathlib.Data.Nat.Prime.Int (5.5s)
✔ [3824/3849] Built Mathlib.RingTheory.Invariant.Basic (18s)
✔ [3825/3849] Built Mathlib.FieldTheory.Minpoly.MinpolyDiv (9.7s)
✔ [3826/3850] Built Mathlib.Data.ZMod.ValMinAbs (6.3s)
✔ [3827/3851] Built Mathlib.LinearAlgebra.FreeModule.Determinant (5.9s)
✔ [3828/3851] Built Mathlib.Data.Int.Associated (4.9s)
✔ [3829/3854] Built Mathlib.Data.Int.NatAbs (4.3s)
✔ [3830/3858] Built Mathlib.Combinatorics.Matroid.Closure (19s)
✔ [3831/3858] Built Mathlib.RingTheory.IsGaloisGroup.Basic (15s)
✔ [3832/3858] Built Mathlib.FieldTheory.Finite.Basic (13s)
✔ [3833/3858] Built Mathlib.RingTheory.Int.Basic (4.0s)
✔ [3834/3859] Built Mathlib.RingTheory.ZMod (5.8s)
✔ [3835/3862] Built Mathlib.LinearAlgebra.Quotient.Pi (7.9s)
✔ [3836/3862] Built Mathlib.Combinatorics.Matroid.Rank.Finite (5.9s)
✔ [3837/3862] Built Mathlib.Combinatorics.Matroid.Circuit (9.2s)
✔ [3838/3863] Built Mathlib.RingTheory.Ideal.Basis (6.1s)
✔ [3839/3864] Built Mathlib.Data.ZMod.QuotientRing (6.1s)
✔ [3840/3864] Built Mathlib.RingTheory.UniqueFactorizationDomain.Multiplicative (5.3s)
✔ [3841/3864] Built Mathlib.RingTheory.Norm.Basic (8.2s)
✔ [3842/3869] Built Mathlib.Combinatorics.Matroid.Loop (8.5s)
✔ [3843/3869] Built Mathlib.RingTheory.Artinian.Ring (6.4s)
✔ [3844/3869] Built Mathlib.LinearAlgebra.FreeModule.Finite.Quotient (8.3s)
✔ [3845/3871] Built Mathlib.RingTheory.Noetherian.Nilpotent (5.2s)
✔ [3846/3871] Built Mathlib.Combinatorics.Matroid.Rank.ENat (6.8s)
✔ [3847/3871] Built Mathlib.RingTheory.FiniteStability (10s)
✔ [3848/3871] Built Mathlib.RingTheory.Spectrum.Prime.Noetherian (6.6s)
✔ [3849/3875] Built Mathlib.LinearAlgebra.FreeModule.Finite.CardQuotient (6.0s)
✔ [3850/3875] Built Mathlib.GroupTheory.Submonoid.Inverses (6.3s)
✔ [3851/3875] Built Mathlib.Combinatorics.Matroid.Rank.Cardinal (5.9s)
✔ [3852/3876] Built Mathlib.RingTheory.Finiteness.NilpotentKer (10s)
✔ [3853/3877] Built Mathlib.Topology.JacobsonSpace (4.7s)
✔ [3854/3877] Built Mathlib.RingTheory.HopkinsLevitzki (9.5s)
✔ [3855/3878] Built Mathlib.RingTheory.Localization.InvSubmonoid (6.4s)
✔ [3856/3878] Built Mathlib.RingTheory.Ideal.Norm.AbsNorm (11s)
✔ [3857/3878] Built Mathlib.RingTheory.Spectrum.Prime.Jacobson (6.8s)
✔ [3858/3878] Built Mathlib.RingTheory.LocalRing.Length (11s)
✔ [3859/3878] Built Mathlib.RingTheory.Jacobson.Artinian (8.4s)
✔ [3860/3878] Built Mathlib.NumberTheory.RamificationInertia.Ramification (17s)
✔ [3861/3879] Built Mathlib.RingTheory.AlgebraicIndependent.TranscendenceBasis (19s)
✔ [3862/3879] Built Mathlib.RingTheory.Ideal.IdempotentFG (5.2s)
✔ [3863/3882] Built Mathlib.RingTheory.LocalRing.ResidueField.Instances (12s)
✔ [3864/3892] Built Mathlib.NumberTheory.RamificationInertia.Inertia (12s)
✔ [3865/3895] Built Mathlib.RingTheory.Localization.Away.AdjoinRoot (7.6s)
✔ [3866/3895] Built Mathlib.RingTheory.QuasiFinite.Basic (40s)
✔ [3867/3895] Built Mathlib.FieldTheory.SeparableDegree (36s)
✔ [3868/3895] Built Mathlib.RingTheory.Kaehler.JacobiZariski (28s)
✔ [3869/3895] Built Mathlib.RingTheory.UniqueFactorizationDomain.Finsupp (4.4s)
✔ [3870/3898] Built Mathlib.RingTheory.Unramified.Basic (10s)
✔ [3871/3898] Built Mathlib.RingTheory.Smooth.Kaehler (45s)
✔ [3872/3898] Built Mathlib.Data.DFinsupp.Encodable (3.9s)
✔ [3873/3898] Built Mathlib.RingTheory.Unramified.Finite (13s)
✔ [3874/3899] Built Mathlib.RingTheory.RamificationInertia.Inertia (19s)
✔ [3875/3899] Built Mathlib.Data.Finsupp.Encodable (3.9s)
✔ [3876/3905] Built Mathlib.LinearAlgebra.Countable (4.7s)
✔ [3877/3905] Built Mathlib.Combinatorics.Enumerative.InclusionExclusion (8.9s)
✔ [3878/3905] Built Mathlib.Algebra.Order.Group.Pointwise.Bounds (5.3s)
✔ [3879/3905] Built Mathlib.FieldTheory.SeparableClosure (32s)
✔ [3880/3910] Built Mathlib.Order.ConditionallyCompleteLattice.Group (4.1s)
✔ [3881/3914] Built Mathlib.RingTheory.Smooth.Basic (22s)
✔ [3882/3914] Built Mathlib.Tactic.Finiteness (5.3s)
✔ [3883/3914] Built Mathlib.Order.Interval.Set.OrdConnectedComponent (4.9s)
✔ [3884/3914] Built Mathlib.Algebra.Order.Group.Pointwise.CompleteLattice (13s)
✔ [3885/3914] Built Mathlib.RingTheory.Etale.Basic (11s)
✔ [3886/3915] Built Mathlib.Algebra.Order.Module.Field (7.6s)
✔ [3887/3920] Built Mathlib.Topology.Order.T5 (5.8s)
✔ [3888/3921] Built Mathlib.FieldTheory.Galois.Basic (20s)
✔ [3889/3921] Built Mathlib.Topology.UniformSpace.OfFun (4.0s)
✔ [3890/3921] Built Mathlib.Algebra.Order.Archimedean.Real.Basic (7.3s)
✔ [3891/3921] Built Mathlib.FieldTheory.IsSepClosed (9.8s)
✔ [3892/3924] Built Mathlib.FieldTheory.Galois.GaloisClosure (10s)
✔ [3893/3924] Built Mathlib.Algebra.Order.Nonneg.Floor (4.7s)
✔ [3894/3924] Built Mathlib.FieldTheory.KrullTopology (12s)
✔ [3895/3924] Built Mathlib.Algebra.Order.Module.Pointwise (6.2s)
✔ [3896/3925] Built Mathlib.Data.NNReal.Defs (13s)
✔ [3897/3927] Built Mathlib.FieldTheory.PurelyInseparable.Basic (17s)
✔ [3898/3927] Built Mathlib.Data.Real.Pointwise (6.2s)
✔ [3899/3927] Built Mathlib.FieldTheory.Galois.Infinite (14s)
✔ [3900/3927] Built Mathlib.Data.ENNReal.Basic (9.8s)
✔ [3901/3927] Built Mathlib.RingTheory.Etale.Kaehler (49s)
✔ [3902/3929] Built Mathlib.Topology.Metrizable.Basic (5.3s)
✔ [3903/3929] Built Mathlib.Analysis.Normed.Group.Seminorm (15s)
✔ [3904/3929] Built Mathlib.RingTheory.Trace.Basic (15s)
✔ [3905/3932] Built Mathlib.Data.NNReal.Basic (6.1s)
✔ [3906/3932] Built Mathlib.Data.ENNReal.Real (6.4s)
✔ [3907/3933] Built Mathlib.Topology.Bornology.Constructions (4.5s)
✔ [3908/3938] Built Mathlib.RingTheory.Unramified.Locus (11s)
✔ [3909/3938] Built Mathlib.RingTheory.DedekindDomain.IntegralClosure (8.5s)
✔ [3910/3938] Built Mathlib.Topology.Order.IsLUB (9.6s)
✔ [3911/3938] Built Mathlib.Data.ENNReal.Operations (9.3s)
✔ [3912/3939] Built Mathlib.Data.ENNReal.Lemmas (5.9s)
✔ [3913/3939] Built Mathlib.Topology.Order.DenselyOrdered (9.1s)
✔ [3914/3939] Built Mathlib.RingTheory.Unramified.Field (14s)
✔ [3915/3940] Built Mathlib.Data.ENNReal.Inv (11s)
✔ [3916/3940] Built Mathlib.NumberTheory.NumberField.Basic (16s)
✔ [3917/3941] Built Mathlib.Topology.Instances.Discrete (5.4s)
✔ [3918/3941] Built Mathlib.Data.EReal.Basic (11s)
✔ [3919/3941] Built Mathlib.RingTheory.Unramified.LocalRing (18s)
✔ [3920/3944] Built Mathlib.Topology.Order.Bornology (6.0s)
✔ [3921/3945] Built Mathlib.Topology.EMetricSpace.Defs (14s)
✔ [3922/3945] Built Mathlib.Topology.Order.Real (6.0s)
✔ [3923/3946] Built Mathlib.Topology.Order.Monotone (9.9s)
✔ [3924/3948] Built Mathlib.Topology.MetricSpace.Pseudo.Defs (15s)
✔ [3925/3951] Built Mathlib.FieldTheory.Galois.IsGaloisGroup (33s)
✔ [3926/3951] Built Mathlib.Topology.EMetricSpace.Basic (12s)
✔ [3927/3951] Built Mathlib.RingTheory.RamificationInertia.Ramification (29s)
✔ [3928/3951] Built Mathlib.Topology.MetricSpace.Defs (6.6s)
✔ [3929/3951] Built Mathlib.Topology.MetricSpace.Pseudo.Constructions (8.0s)
✔ [3930/3951] Built Mathlib.Topology.Order.IntermediateValue (14s)
✔ [3931/3953] Built Mathlib.Topology.EMetricSpace.Pi (6.1s)
✔ [3932/3953] Built Mathlib.Order.Filter.AtTopBot.Archimedean (7.4s)
✔ [3933/3953] Built Mathlib.Topology.MetricSpace.Pseudo.Basic (8.3s)
✔ [3934/3953] Built Mathlib.Topology.MetricSpace.Pseudo.Lemmas (5.9s)
✔ [3935/3953] Built Mathlib.Analysis.Normed.Group.Defs (9.4s)
✔ [3936/3953] Built Mathlib.Topology.Order.Compact (7.6s)
✔ [3937/3953] Built Mathlib.Topology.EMetricSpace.Diam (6.5s)
✔ [3938/3954] Built Mathlib.Topology.MetricSpace.Pseudo.Pi (5.3s)
✔ [3939/3955] Built Mathlib.GroupTheory.Archimedean (5.9s)
✔ [3940/3955] Built Mathlib.Topology.MetricSpace.Cauchy (4.8s)
✔ [3941/3956] Built Mathlib.Topology.MetricSpace.ProperSpace (4.7s)
✔ [3942/3958] Built Mathlib.RingTheory.RamificationInertia.Basic (24s)
✔ [3943/3958] Built Mathlib.Topology.MetricSpace.Basic (7.3s)
✔ [3944/3961] Built Mathlib.Topology.Algebra.Order.Archimedean (6.8s)
✔ [3945/3961] Built Mathlib.Topology.Order.MonotoneContinuity (8.2s)
✔ [3946/3961] Built Mathlib.Data.EReal.Operations (14s)
✔ [3947/3961] Built Mathlib.Topology.MetricSpace.Bounded (11s)
✔ [3948/3962] Built Mathlib.Topology.UniformSpace.Real (6.0s)
✔ [3949/3962] Built Mathlib.Topology.Bornology.Real (7.3s)
✔ [3950/3964] Built Mathlib.Topology.Instances.Int (6.9s)
✔ [3951/3966] Built Mathlib.Data.ENNReal.BigOperators (6.0s)
✔ [3952/3966] Built Mathlib.Topology.Algebra.Ring.Real (6.4s)
✔ [3953/3967] Built Mathlib.Topology.Instances.Nat (6.3s)
✔ [3954/3967] Built Mathlib.RingTheory.DedekindDomain.Factorization (33s)
✔ [3955/3967] Built Mathlib.Order.Filter.IsBounded (8.0s)
✔ [3956/3967] Built Mathlib.Topology.Order.MonotoneConvergence (6.4s)
✔ [3957/3967] Built Mathlib.Analysis.Normed.Group.Basic (31s)
✔ [3958/3967] Built Mathlib.Topology.Instances.Rat (9.6s)
✔ [3959/3968] Built Mathlib.Topology.EMetricSpace.Lipschitz (9.0s)
✔ [3960/3969] Built Mathlib.Order.LiminfLimsup (11s)
✔ [3961/3969] Built Mathlib.Analysis.Normed.Group.Real (8.6s)
✔ [3962/3969] Built Mathlib.Logic.Encodable.Lattice (6.7s)
✔ [3963/3969] Built Mathlib.Analysis.Normed.Group.Constructions (13s)
✔ [3964/3969] Built Mathlib.Order.Filter.AtTopBot.Finset (6.4s)
✔ [3965/3976] Built Mathlib.Topology.Order.LiminfLimsup (12s)
✔ [3966/3980] Built Mathlib.Analysis.Normed.Group.Int (7.9s)
✔ [3967/3981] Built Mathlib.Order.Filter.AtTopBot.BigOperators (5.4s)
✔ [3968/3981] Built Mathlib.Analysis.Normed.Group.Rat (5.8s)
✔ [3969/3982] Built Mathlib.Algebra.Module.Torsion.PrimaryComponent (34s)
✔ [3970/3987] Built Mathlib.Topology.Algebra.InfiniteSum.SummationFilter (12s)
✔ [3971/3987] Built Mathlib.Topology.Algebra.Star (5.2s)
✔ [3972/3989] Built Mathlib.Topology.MetricSpace.Pseudo.Real (5.8s)
✔ [3973/3989] Built Mathlib.Data.Rat.Encodable (4.5s)
✔ [3974/3990] Built Mathlib.Topology.MetricSpace.Antilipschitz (7.0s)
✔ [3975/3990] Built Mathlib.Topology.Sequences (7.2s)
✔ [3976/3993] Built Mathlib.Topology.Metrizable.Uniformity (9.1s)
✔ [3977/3997] Built Mathlib.Topology.Algebra.InfiniteSum.Defs (11s)
✔ [3978/3997] Built Mathlib.Topology.MetricSpace.Isometry (12s)
✔ [3979/3999] Built Mathlib.Order.Interval.Set.ProjIcc (7.0s)
✔ [3980/3999] Built Mathlib.Topology.UniformSpace.AbstractCompletion (8.7s)
✔ [3981/4001] Built Mathlib.Topology.Bornology.Hom (4.8s)
✔ [3982/4001] Built Mathlib.Topology.Algebra.SeparationQuotient.Basic (14s)
✔ [3983/4001] Built Mathlib.Topology.MetricSpace.ProperSpace.Real (5.2s)
✔ [3984/4005] Built Mathlib.Topology.Order.Lattice (6.6s)
✔ [3985/4005] Built Mathlib.Topology.UniformSpace.Completion (7.4s)
✔ [3986/4005] Built Mathlib.Topology.MetricSpace.Lipschitz (7.4s)
✔ [3987/4007] Built Mathlib.Topology.Algebra.InfiniteSum.Basic (16s)
✔ [3988/4007] Built Mathlib.Analysis.Normed.Group.Submodule (5.6s)
✔ [3989/4007] Built Mathlib.Analysis.Normed.Group.Subgroup (5.0s)
✔ [3990/4010] Built Mathlib.Topology.Algebra.UniformMulAction (7.1s)
✔ [3991/4010] Built Mathlib.Algebra.Order.GroupWithZero.Finset (4.4s)
✔ [3992/4010] Built Mathlib.Topology.Algebra.InfiniteSum.Group (10s)
✔ [3993/4010] Built Mathlib.Topology.MetricSpace.Dilation (7.6s)
✔ [3994/4010] Built Mathlib.Topology.MetricSpace.IsometricSMul (17s)
✔ [3995/4010] Built Mathlib.Topology.MetricSpace.Algebra (12s)
✔ [3996/4015] Built Mathlib.Analysis.Normed.Ring.Basic (22s)
✔ [3997/4015] Built Mathlib.Topology.Algebra.InfiniteSum.NatInt (11s)
✔ [3998/4015] Built Mathlib.Topology.MetricSpace.DilationEquiv (6.7s)
✔ [3999/4015] Built Mathlib.Algebra.Order.AddTorsor (3.0s)
✔ [4000/4017] Built Mathlib.Analysis.Normed.Field.Basic (11s)
✔ [4001/4017] Built Mathlib.Data.ENNReal.Action (5.7s)
✔ [4002/4017] Built Mathlib.Topology.Algebra.InfiniteSum.Order (10s)
✔ [4003/4021] Built Mathlib.Data.Prod.TProd (4.4s)
✔ [4004/4024] Built Mathlib.Data.Finset.Update (5.2s)
✔ [4005/4024] Built Mathlib.Tactic.Measurability.Init (1.9s)
✔ [4006/4025] Built Mathlib.GroupTheory.GroupAction.IterateAct (2.5s)
✔ [4007/4026] Built Mathlib.Topology.Algebra.InfiniteSum.Constructions (34s)
✔ [4008/4030] Built Mathlib.Tactic.Measurability (2.9s)
✔ [4009/4030] Built Mathlib.Analysis.Normed.MulAction (9.3s)
✔ [4010/4030] Built Mathlib.MeasureTheory.OuterMeasure.Defs (4.8s)
✔ [4011/4033] Built Mathlib.Data.Real.ENatENNReal (4.0s)
✔ [4012/4033] Built Mathlib.Topology.Algebra.InfiniteSum.Ring (6.8s)
✔ [4013/4033] Built Mathlib.MeasureTheory.MeasurableSpace.Defs (6.5s)
✔ [4014/4035] Built Mathlib.Tactic.Bound (7.1s)
✔ [4015/4037] Built Mathlib.Algebra.Order.Interval.Set.Instances (6.5s)
✔ [4016/4037] Built Mathlib.Topology.Instances.NNReal.Lemmas (8.1s)
✔ [4017/4037] Built Mathlib.MeasureTheory.MeasurableSpace.Instances (5.9s)
✔ [4018/4042] Built Mathlib.MeasureTheory.MeasurableSpace.Basic (7.9s)
✔ [4019/4042] Built Mathlib.Data.Sign.Defs (10s)
✔ [4020/4042] Built Mathlib.Data.Nat.Cast.Order.Field (7.3s)
✔ [4021/4046] Built Mathlib.Topology.Instances.ENNReal.Lemmas (22s)
✔ [4022/4049] Built Mathlib.MeasureTheory.MeasurableSpace.Constructions (19s)
✔ [4023/4049] Built Mathlib.Topology.Algebra.Algebra (28s)
✔ [4024/4049] Built Mathlib.Topology.Semicontinuity.Defs (21s)
✔ [4025/4049] Built Mathlib.Data.Sign.Basic (8.3s)
✔ [4026/4049] Built Mathlib.Order.SetDissipate (5.6s)
✔ [4027/4049] Built Mathlib.MeasureTheory.PiSystem (9.4s)
✔ [4028/4051] Built Mathlib.Analysis.Normed.Group.Continuity (15s)
✔ [4029/4051] Built Mathlib.Data.EReal.Inv (10s)
✔ [4030/4051] Built Mathlib.Analysis.Normed.Group.Bounded (8.6s)
✔ [4031/4054] Built Mathlib.Topology.Algebra.InfiniteSum.ENNReal (28s)
✔ [4032/4054] Built Mathlib.MeasureTheory.MeasurableSpace.Embedding (13s)
✔ [4033/4055] Built Mathlib.MeasureTheory.MeasurableSpace.EventuallyMeasurable (4.6s)
✔ [4034/4055] Built Mathlib.MeasureTheory.MeasurableSpace.MeasurablyGenerated (7.1s)
✔ [4035/4055] Built Mathlib.Analysis.Normed.Group.Uniform (17s)
✔ [4036/4059] Built Mathlib.Topology.Algebra.InfiniteSum.Real (9.8s)
✔ [4037/4066] Built Mathlib.Order.Interval.Set.Monotone (7.3s)
✔ [4038/4066] Built Mathlib.MeasureTheory.OuterMeasure.Basic (10s)
✔ [4039/4066] Built Mathlib.Topology.Semicontinuity.Basic (19s)
✔ [4040/4067] Built Mathlib.Analysis.Normed.Order.Lattice (11s)
✔ [4041/4067] Built Mathlib.Analysis.Normed.Ring.Lemmas (15s)
✔ [4042/4071] Built Mathlib.MeasureTheory.OuterMeasure.AE (11s)
✔ [4043/4071] Built Mathlib.MeasureTheory.OuterMeasure.Operations (10s)
✔ [4044/4071] Built Mathlib.Topology.Instances.EReal.Lemmas (12s)
✔ [4045/4071] Built Mathlib.Data.Set.MemPartition (8.7s)
✔ [4046/4072] Built Mathlib.Topology.Order.AtTopBotIxx (31s)
✔ [4047/4077] Built Mathlib.Order.Filter.CountableSeparatingOn (6.1s)
✔ [4048/4077] Built Mathlib.MeasureTheory.OuterMeasure.BorelCantelli (7.5s)
✔ [4049/4077] Built Mathlib.Analysis.Normed.Field.Lemmas (18s)
✔ [4050/4080] Built Mathlib.Topology.Separation.GDelta (6.9s)
✔ [4051/4082] Built Mathlib.MeasureTheory.MeasurableSpace.CountablyGenerated (10s)
✔ [4052/4082] Built Mathlib.Analysis.SpecificLimits.Basic (14s)
✔ [4053/4085] Built Mathlib.Topology.GDelta.MetrizableSpace (6.6s)
✔ [4054/4086] Built Mathlib.MeasureTheory.MeasurableSpace.Prod (5.7s)
✔ [4055/4091] Built Mathlib.MeasureTheory.OuterMeasure.OfFunction (11s)
✔ [4056/4091] Built Mathlib.Topology.MetricSpace.HausdorffDistance (14s)
✔ [4057/4091] Built Mathlib.Algebra.Order.Monoid.Canonical.Basic (15s)
✔ [4058/4091] Built Mathlib.Topology.Metrizable.Real (8.7s)
✔ [4059/4091] Built Mathlib.Analysis.Normed.Module.Basic (28s)
✔ [4060/4094] Built Mathlib.MeasureTheory.OuterMeasure.Caratheodory (10s)
✔ [4061/4100] Built Mathlib.Topology.IndicatorConstPointwise (7.2s)
✔ [4062/4103] Built Mathlib.Topology.Instances.Real.Lemmas (9.0s)
✔ [4063/4104] Built Mathlib.Topology.MetricSpace.Thickening (13s)
✔ [4064/4106] Built Mathlib.Topology.Perfect (7.0s)
✔ [4065/4106] Built Mathlib.MeasureTheory.OuterMeasure.Induced (11s)
✔ [4066/4106] Built Mathlib.Analysis.Normed.Group.InfiniteSum (7.3s)
✔ [4067/4111] Built Mathlib.Topology.Order.ProjIcc (5.4s)
✔ [4068/4111] Built Mathlib.Topology.Algebra.MetricSpace.Lipschitz (8.7s)
✔ [4069/4113] Built Mathlib.Analysis.Normed.Group.FunctionSeries (9.6s)
✔ [4070/4113] Built Mathlib.MeasureTheory.Measure.MeasureSpaceDef (11s)
✔ [4071/4115] Built Mathlib.Topology.UnitInterval (14s)
✔ [4072/4115] Built Mathlib.Topology.MetricSpace.Gluing (9.5s)
✔ [4073/4115] Built Mathlib.Topology.Separation.CountableSeparatingOn (4.6s)
✔ [4074/4126] Built Mathlib.MeasureTheory.Function.AEMeasurableSequence (5.0s)
✔ [4075/4126] Built Mathlib.MeasureTheory.Measure.AEDisjoint (6.4s)
✔ [4076/4126] Built Mathlib.Topology.Metrizable.CompletelyMetrizable (7.1s)
✔ [4077/4127] Built Mathlib.SetTheory.Cardinal.ENNReal (5.4s)
✔ [4078/4128] Built Mathlib.MeasureTheory.Measure.NullMeasurable (8.2s)
✔ [4079/4128] Built Mathlib.Topology.MetricSpace.PiNat (13s)
✔ [4080/4128] Built Mathlib.MeasureTheory.Measure.Doubling (7.2s)
✔ [4081/4131] Built Mathlib.Dynamics.Minimal (5.3s)
✔ [4082/4139] Built Mathlib.Topology.MetricSpace.CantorScheme (7.1s)
✔ [4083/4139] Built Mathlib.Topology.MetricSpace.Polish (9.0s)
✔ [4084/4140] Built Mathlib.MeasureTheory.Measure.MeasureSpace (15s)
✔ [4085/4141] Built Mathlib.GroupTheory.Complement (18s)
✔ [4086/4145] Built Mathlib.Topology.ContinuousMap.CocompactMap (5.3s)
✔ [4087/4145] Built Mathlib.Topology.MetricSpace.Perfect (6.9s)
✔ [4088/4147] Built Mathlib.MeasureTheory.Measure.Map (7.7s)
✔ [4089/4147] Built Mathlib.Algebra.QuadraticDiscriminant (7.2s)
✔ [4090/4147] Built Mathlib.Analysis.Real.Sqrt (9.9s)
✔ [4091/4149] Built Mathlib.MeasureTheory.Group.Defs (7.9s)
✔ [4092/4149] Built Mathlib.MeasureTheory.Measure.AbsolutelyContinuous (8.0s)
✔ [4093/4149] Built Mathlib.Algebra.Order.Module.Rat (6.3s)
✔ [4094/4151] Built Mathlib.Data.Complex.Basic (13s)
✔ [4095/4153] Built Mathlib.MeasureTheory.Measure.QuasiMeasurePreserving (8.8s)
✔ [4096/4153] Built Mathlib.Algebra.Order.BigOperators.Expect (11s)
✔ [4097/4154] Built Mathlib.Analysis.Normed.Group.Hom (16s)
✔ [4098/4154] Built Mathlib.Analysis.Complex.Norm (9.6s)
✔ [4099/4156] Built Mathlib.Algebra.Star.MonoidHom (7.9s)
✔ [4100/4156] Built Mathlib.MeasureTheory.Measure.Comap (8.3s)
✔ [4101/4157] Built Mathlib.Topology.Algebra.Module.Star (10s)
✔ [4102/4157] Built Mathlib.Analysis.Complex.Order (7.2s)
✔ [4103/4158] Built Mathlib.Analysis.Normed.Operator.ContinuousLinearMap (11s)
✔ [4104/4158] Built Mathlib.Analysis.Normed.Ring.Finite (5.7s)
✔ [4105/4160] Built Mathlib.Data.Complex.BigOperators (6.0s)
✔ [4106/4160] Built Mathlib.Algebra.Star.Unitary (19s)
✔ [4107/4163] Built Mathlib.MeasureTheory.Measure.Restrict (15s)
✔ [4108/4163] Built Mathlib.Topology.Algebra.Algebra.Equiv (9.0s)
✔ [4109/4163] Built Mathlib.Topology.Algebra.InfiniteSum.Module (7.5s)
✔ [4110/4163] Built Mathlib.Topology.Algebra.Module.ContinuousLinearMap.RestrictScalars (7.2s)
✔ [4111/4163] Built Mathlib.MeasureTheory.Measure.MutuallySingular (6.8s)
✔ [4112/4163] Built Mathlib.MeasureTheory.Measure.Typeclasses.NullSingletonClass (5.9s)
✔ [4113/4164] Built Mathlib.LinearAlgebra.Complex.Module (18s)
✔ [4114/4169] Built Mathlib.Topology.Instances.RealVectorSpace (6.2s)
✔ [4115/4170] Built Mathlib.MeasureTheory.Measure.Typeclasses.Finite (8.9s)
✔ [4116/4171] Built Mathlib.Analysis.Normed.Operator.LinearIsometry (73s)
✔ [4117/4171] Built Mathlib.Topology.OpenPartialHomeomorph.Basic (4.8s)
✔ [4118/4174] Built Mathlib.MeasureTheory.Measure.Typeclasses.Probability (6.5s)
✔ [4119/4174] Built Mathlib.MeasureTheory.Measure.Typeclasses.SFinite (11s)
✔ [4120/4174] Built Mathlib.Algebra.Order.CauSeq.BigOperators (13s)
✔ [4121/4174] Built Mathlib.Analysis.CStarAlgebra.Basic (14s)
✔ [4122/4174] Built Mathlib.Analysis.Asymptotics.Defs (24s)
✔ [4123/4175] Built Mathlib.Topology.OpenPartialHomeomorph.Continuity (5.4s)
✔ [4124/4175] Built Mathlib.Tactic.NormNum.BigOperators (11s)
✔ [4125/4175] Built Mathlib.Tactic.NormNum.NatFactorial (5.5s)
✔ [4126/4176] Built Mathlib.MeasureTheory.Measure.Dirac (8.2s)
✔ [4127/4176] Built Mathlib.MeasureTheory.Measure.Decomposition.Exhaustion (7.1s)
✔ [4128/4176] Built Mathlib.MeasureTheory.Measure.Trim (6.6s)
✔ [4129/4180] Built Mathlib.Algebra.Order.Field.Power (7.4s)
✔ [4130/4180] Built Mathlib.Analysis.Complex.Exponential (12s)
✔ [4131/4180] Built Mathlib.MeasureTheory.Measure.Count (8.8s)
✔ [4132/4180] Built Mathlib.Analysis.Normed.Ring.InfiniteSum (10s)
✔ [4133/4180] Built Mathlib.MeasureTheory.Measure.AEMeasurable (8.3s)
✔ [4134/4181] Built Mathlib.Analysis.Asymptotics.Lemmas (25s)
✔ [4135/4181] Built Mathlib.Analysis.RCLike.Basic (29s)
✔ [4136/4181] Built Mathlib.Order.Filter.AtTopBot.ModEq (3.0s)
✔ [4137/4181] Built Mathlib.Dynamics.Ergodic.MeasurePreserving (7.1s)
✔ [4138/4181] Built Mathlib.MeasureTheory.Order.Lattice (7.7s)
✔ [4139/4182] Built Mathlib.Analysis.Complex.Trigonometric (12s)
✔ [4140/4184] Built Mathlib.Analysis.Asymptotics.Theta (8.6s)
✔ [4141/4184] Built Mathlib.MeasureTheory.Group.Arithmetic (19s)
✔ [4142/4184] Built Mathlib.Analysis.Normed.Group.Quotient (16s)
✔ [4143/4184] Built Mathlib.Analysis.Complex.Basic (18s)
✔ [4144/4184] Built Mathlib.Analysis.Normed.Group.Pointwise (12s)
✔ [4145/4184] Built Mathlib.Analysis.Normed.Module.RCLike.Real (8.6s)
✔ [4146/4184] Built Mathlib.MeasureTheory.Group.Pointwise (7.4s)
✔ [4147/4184] Built Mathlib.Analysis.SpecificLimits.Normed (20s)
✔ [4148/4184] Built Mathlib.Analysis.Complex.Asymptotics (6.7s)
✔ [4149/4192] Built Mathlib.MeasureTheory.Constructions.BorelSpace.Basic (13s)
✔ [4150/4192] Built Mathlib.MeasureTheory.Group.MeasurableEquiv (16s)
✔ [4151/4192] Built Mathlib.Topology.Hom.ContinuousEvalConst (4.7s)
✔ [4152/4192] Built Mathlib.Analysis.Normed.Module.Ball.Pointwise (13s)
✔ [4153/4193] Built Mathlib.Analysis.SpecialFunctions.Exp (8.9s)
✔ [4154/4193] Built Mathlib.MeasureTheory.Measure.OpenPos (7.3s)
✔ [4155/4195] Built Mathlib.MeasureTheory.Constructions.BorelSpace.Metric (7.6s)
✔ [4156/4195] Built Mathlib.Topology.Instances.ZMultiples (6.4s)
✔ [4157/4195] Built Mathlib.MeasureTheory.Constructions.BorelSpace.Order (15s)
✔ [4158/4197] Built Mathlib.Topology.Hom.ContinuousEval (5.5s)
✔ [4159/4200] Built Mathlib.MeasureTheory.Measure.Regular (13s)
✔ [4160/4200] Built Mathlib.Topology.Instances.Sign (7.4s)
✔ [4161/4200] Built Mathlib.Algebra.Order.Ring.Interval (7.6s)
✔ [4162/4202] Built Mathlib.Analysis.SpecialFunctions.Trigonometric.Basic (18s)
✔ [4163/4202] Built Mathlib.Topology.CompactOpen (9.9s)
✔ [4164/4202] Built Mathlib.MeasureTheory.Constructions.BorelSpace.Real (12s)
✔ [4165/4202] Built Mathlib.Analysis.SpecialFunctions.Trigonometric.Inverse (13s)
✔ [4166/4207] Built Mathlib.Analysis.SpecialFunctions.Log.Basic (15s)
✔ [4167/4207] Built Mathlib.MeasureTheory.Group.Action (20s)
✔ [4168/4207] Built Mathlib.MeasureTheory.Function.SimpleFunc (26s)
✔ [4169/4207] Built Mathlib.Data.Nat.NthRoot.Defs (2.3s)
✔ [4170/4207] Built Mathlib.Tactic.Qify (5.3s)
✔ [4171/4207] Built Mathlib.MeasureTheory.Constructions.BorelSpace.Metrizable (7.8s)
✔ [4172/4207] Built Mathlib.Tactic.Rify (5.4s)
✔ [4173/4208] Built Mathlib.MeasureTheory.Integral.Lebesgue.Basic (13s)
✔ [4174/4208] Built Mathlib.Topology.Path (16s)
✔ [4175/4208] Built Mathlib.MeasureTheory.Function.SimpleFuncDense (8.9s)
✔ [4176/4208] Built Mathlib.MeasureTheory.Integral.Lebesgue.Norm (6.6s)
✔ [4177/4208] Built Mathlib.GroupTheory.GroupAction.Pointwise (6.4s)
✔ [4178/4209] Built Mathlib.MeasureTheory.Constructions.Polish.Basic (13s)
✔ [4179/4209] Built Mathlib.MeasureTheory.Integral.Lebesgue.Add (11s)
✔ [4180/4209] Built Mathlib.Algebra.Order.Module.Synonym (3.9s)
✔ [4181/4209] Built Mathlib.Topology.Connected.PathConnected (8.8s)
✔ [4182/4213] Built Mathlib.MeasureTheory.Integral.Lebesgue.Map (6.8s)
✔ [4183/4213] Built Mathlib.MeasureTheory.Integral.Lebesgue.Sub (7.6s)
✔ [4184/4213] Built Mathlib.MeasureTheory.Integral.Lebesgue.Markov (7.4s)
✔ [4185/4220] Built Mathlib.LinearAlgebra.AffineSpace.Defs (3.5s)
✔ [4186/4220] Built Mathlib.Topology.Instances.AddCircle.Real (7.4s)
✔ [4187/4222] Built Mathlib.MeasureTheory.Function.StronglyMeasurable.Basic (18s)
✔ [4188/4222] Built Mathlib.MeasureTheory.Integral.Lebesgue.DominatedConvergence (6.9s)
✔ [4189/4222] Built Mathlib.MeasureTheory.Integral.Lebesgue.Countable (8.7s)
✔ [4190/4223] Built Mathlib.Algebra.Order.Algebra (6.9s)
✔ [4191/4223] Built Mathlib.MeasureTheory.Function.Egorov (7.4s)
✔ [4192/4223] Built Mathlib.Analysis.Normed.Group.AddCircle (10s)
✔ [4193/4223] Built Mathlib.LinearAlgebra.AffineSpace.AffineSubspace.Defs (12s)
✔ [4194/4223] Built Mathlib.Topology.Bornology.Absorbs (6.1s)
✔ [4195/4226] Built Mathlib.MeasureTheory.Measure.GiryMonad (7.4s)
✔ [4196/4228] Built Mathlib.LinearAlgebra.AffineSpace.AffineMap (29s)
✔ [4197/4228] Built Mathlib.MeasureTheory.Function.StronglyMeasurable.AEStronglyMeasurable (16s)
✔ [4198/4229] Built Mathlib.LinearAlgebra.Ray (20s)
✔ [4199/4229] Built Mathlib.MeasureTheory.Measure.Prod (18s)
✔ [4200/4229] Built Mathlib.Analysis.SpecialFunctions.Trigonometric.Angle (25s)
✔ [4201/4229] Built Mathlib.Topology.MetricSpace.Equicontinuity (5.3s)
✔ [4202/4230] Built Mathlib.Topology.Algebra.UniformConvergence (13s)
✔ [4203/4230] Built Mathlib.LinearAlgebra.AffineSpace.AffineEquiv (31s)
✔ [4204/4230] Built Mathlib.MeasureTheory.Group.Convolution (8.8s)
✔ [4205/4230] Built Mathlib.Analysis.SpecialFunctions.Complex.Arg (9.4s)
✔ [4206/4234] Built Mathlib.Topology.Algebra.Equicontinuity (5.8s)
✔ [4207/4236] Built Mathlib.LinearAlgebra.AffineSpace.Midpoint (7.5s)
✔ [4208/4239] Built Mathlib.MeasureTheory.Group.Measure (20s)
✔ [4209/4240] Built Mathlib.Analysis.SpecialFunctions.Complex.Log (6.6s)
✔ [4210/4242] Built Mathlib.MeasureTheory.Group.LIntegral (6.7s)
✔ [4211/4242] Built Mathlib.Analysis.Convex.Segment (12s)
✔ [4212/4245] Built Mathlib.LinearAlgebra.AffineSpace.AffineSubspace.Basic (16s)
✔ [4213/4245] Built Mathlib.Analysis.SpecialFunctions.Pow.Complex (7.8s)
✔ [4214/4245] Built Mathlib.MeasureTheory.Group.Prod (13s)
✔ [4215/4245] Built Mathlib.Topology.Algebra.Monoid.FunOnFinite (4.0s)
✔ [4216/4245] Built Mathlib.LinearAlgebra.AffineSpace.Restrict (5.2s)
✔ [4217/4245] Built Mathlib.LinearAlgebra.AffineSpace.Pointwise (6.4s)
✔ [4218/4245] Built Mathlib.Analysis.Convex.Star (7.7s)
✔ [4219/4245] Built Mathlib.Topology.Algebra.Group.Torsor (6.0s)
✔ [4220/4251] Built Mathlib.LinearAlgebra.AffineSpace.Combination (11s)
✔ [4221/4251] Built Mathlib.Analysis.LConvolution (8.5s)
✔ [4222/4251] Built Mathlib.Analysis.SpecialFunctions.Pow.Real (12s)
✔ [4223/4251] Built Mathlib.Topology.Algebra.Affine (6.0s)
✔ [4224/4253] Built Mathlib.Topology.NhdsKer (4.7s)
✔ [4225/4253] Built Mathlib.Analysis.Convex.Basic (12s)
✔ [4226/4253] Built Mathlib.LinearAlgebra.AffineSpace.Centroid (5.4s)
✔ [4227/4253] Built Mathlib.Topology.Compactness.NhdsKer (4.9s)
✔ [4228/4253] Built Mathlib.MeasureTheory.Measure.WithDensity (16s)
✔ [4229/4253] Built Mathlib.LinearAlgebra.AffineSpace.Independent (18s)
✔ [4230/4253] Built Mathlib.Analysis.Convex.PathConnected (9.7s)
✔ [4231/4254] Built Mathlib.Analysis.SpecialFunctions.Pow.NNReal (16s)
✔ [4232/4254] Built Mathlib.Topology.AlexandrovDiscrete (5.5s)
✔ [4233/4260] Built Mathlib.Analysis.Convex.Hull (6.6s)
✔ [4234/4260] Built Mathlib.Analysis.Convex.Strict (10s)
✔ [4235/4260] Built Mathlib.MeasureTheory.Function.L1Space.HasFiniteIntegral (10s)
✔ [4236/4260] Built Mathlib.Analysis.Convex.Function (19s)
✔ [4237/4260] Built Mathlib.LinearAlgebra.AffineSpace.Basis (12s)
✔ [4238/4260] Built Mathlib.LinearAlgebra.AffineSpace.Simplex.Basic (14s)
✔ [4239/4260] Built Mathlib.Topology.Algebra.SeparationQuotient.Section (6.7s)
✔ [4240/4261] Built Mathlib.Topology.Connected.LocallyPathConnected (6.3s)
✔ [4241/4261] Built Mathlib.Analysis.SpecialFunctions.Pow.Asymptotics (7.9s)
✔ [4242/4265] Built Mathlib.Analysis.LocallyConvex.Basic (11s)
✔ [4243/4265] Built Mathlib.Order.Filter.Germ.Basic (11s)
✔ [4244/4265] Built Mathlib.Analysis.SpecialFunctions.Pow.Continuity (13s)
✔ [4245/4265] Built Mathlib.Topology.Compactness.CompactlyCoherentSpace (4.6s)
✔ [4246/4266] Built Mathlib.Analysis.LocallyConvex.BalancedCoreHull (8.9s)
✔ [4247/4267] Built Mathlib.Analysis.Convex.Combination (23s)
✔ [4248/4267] Built Mathlib.Topology.UniformSpace.CompactConvergence (7.5s)
✔ [4249/4272] Built Mathlib.Order.Filter.ENNReal (6.3s)
✔ [4250/4272] Built Mathlib.Probability.ConditionalProbability (8.1s)
✔ [4251/4272] Built Mathlib.Analysis.Convex.StdSimplex (10s)
✔ [4252/4276] Built Mathlib.Analysis.Convex.Jensen (15s)
✔ [4253/4276] Built Mathlib.MeasureTheory.MeasurableSpace.Pi (4.7s)
✔ [4254/4276] Built Mathlib.MeasureTheory.Constructions.BorelSpace.Complex (5.1s)
✔ [4255/4278] Built Mathlib.Analysis.Seminorm (39s)
✔ [4256/4278] Built Mathlib.Topology.ContinuousMap.Algebra (19s)
✔ [4257/4278] Built Mathlib.Analysis.Convex.Topology (10s)
✔ [4258/4280] Built Mathlib.MeasureTheory.Function.SpecialFunctions.Basic (6.3s)
✔ [4259/4280] Built Mathlib.Analysis.Normed.Group.Indicator (4.6s)
✔ [4260/4280] Built Mathlib.MeasureTheory.Constructions.Pi (12s)
✔ [4261/4280] Built Mathlib.Analysis.LocallyConvex.Bounded (12s)
✔ [4262/4280] Built Mathlib.Analysis.Normed.Module.Convex (10s)
✔ [4263/4282] Built Mathlib.Topology.Algebra.Module.LocallyConvex (7.9s)
✔ [4264/4282] Built Mathlib.MeasureTheory.Function.AEEqFun (13s)
✔ [4265/4285] Built Mathlib.Probability.UniformOn (6.1s)
✔ [4266/4285] Built Mathlib.Topology.Algebra.Module.UniformConvergence (7.1s)
✔ [4267/4285] Built Mathlib.Analysis.Convex.Slope (9.4s)
✔ [4268/4285] Built Mathlib.Data.ENNReal.Holder (6.6s)
✔ [4269/4285] Built Mathlib.MeasureTheory.Function.EssSup (9.8s)
✔ [4270/4291] Built Mathlib.Data.Real.ConjExponents (7.1s)
✔ [4271/4296] Built Mathlib.Analysis.Convex.SpecificFunctions.Basic (7.6s)
✔ [4272/4296] Built Mathlib.Order.Monotone.Monovary (3.5s)
✔ [4273/4296] Built Mathlib.MeasureTheory.Function.LpSeminorm.Defs (6.2s)
✔ [4274/4296] Built Mathlib.Analysis.LocallyConvex.WithSeminorms (27s)
✔ [4275/4298] Built Mathlib.Algebra.Order.Monovary (11s)
✔ [4276/4298] Built Mathlib.Topology.Algebra.Module.Spaces.UniformConvergenceCLM (29s)
✔ [4277/4298] Built Mathlib.Analysis.MeanInequalities (16s)
✔ [4278/4302] Built Mathlib.Logic.Equiv.Embedding (3.0s)
✔ [4279/4302] Built Mathlib.MeasureTheory.Function.LpSeminorm.Basic (15s)
✔ [4280/4304] Built Mathlib.Data.Fintype.CardEmbedding (4.2s)
✔ [4281/4304] Built Mathlib.Analysis.Convex.Mul (16s)
✔ [4282/4304] Built Mathlib.MeasureTheory.Function.LpSeminorm.Monotonicity (7.4s)
✔ [4283/4304] Built Mathlib.MeasureTheory.Function.LpSeminorm.ChebyshevMarkov (6.3s)
✔ [4284/4304] Built Mathlib.Topology.Algebra.Module.Multilinear.Basic (17s)
✔ [4285/4304] Built Mathlib.MeasureTheory.Function.LpSeminorm.Indicator (7.6s)
✔ [4286/4308] Built Mathlib.Topology.Algebra.Ring.Ideal (4.6s)
✔ [4287/4308] Built Mathlib.Analysis.MeanInequalitiesPow (9.3s)
✔ [4288/4308] Built Mathlib.MeasureTheory.Function.LpSeminorm.SMul (8.7s)
✔ [4289/4308] Built Mathlib.Topology.Algebra.Module.Multilinear.Bounded (7.0s)
✔ [4290/4310] Built Mathlib.Topology.Algebra.Module.Spaces.ContinuousLinearMap (36s)
✔ [4291/4310] Built Mathlib.Analysis.Normed.Ring.Units (6.9s)
✔ [4292/4310] Built Mathlib.Analysis.Normed.Module.Span (7.0s)
✔ [4293/4310] Built Mathlib.MeasureTheory.Integral.MeanInequalities (8.6s)
✔ [4294/4311] Built Mathlib.Topology.Algebra.Module.Determinant (6.2s)
✔ [4295/4313] Built Mathlib.Topology.Algebra.Module.Simple (4.7s)
✔ [4296/4313] Built Mathlib.MeasureTheory.Function.LpSeminorm.CompareExp (9.5s)
✔ [4297/4314] Built Mathlib.MeasureTheory.Function.LpSeminorm.TriangleInequality (7.1s)
✔ [4298/4314] Built Mathlib.Topology.Algebra.Module.ContinuousLinearMap.Quotient (4.9s)
✔ [4299/4319] Built Mathlib.Analysis.Normed.Operator.Basic (21s)
✔ [4300/4319] Built Mathlib.Topology.Algebra.SeparationQuotient.FiniteDimensional (4.0s)
✔ [4301/4324] Built Mathlib.Topology.Algebra.Module.Multilinear.Topology (25s)
✔ [4302/4324] Built Mathlib.Topology.Algebra.Module.ContinuousLinearMap.Idempotent (12s)
✔ [4303/4324] Built Mathlib.Topology.Homeomorph.Quotient (3.6s)
✔ [4304/4324] Built Mathlib.Order.Filter.IndicatorFunction (4.0s)
✔ [4305/4324] Built Mathlib.Analysis.Normed.Operator.NNNorm (10s)
✔ [4306/4325] Built Mathlib.MeasureTheory.Measure.Real (7.6s)
✔ [4307/4332] Built Mathlib.Topology.Maps.Strict.Basic (4.3s)
✔ [4308/4334] Built Mathlib.MeasureTheory.Constructions.Polish.StronglyMeasurable (7.4s)
✔ [4309/4334] Built Mathlib.Topology.Algebra.Module.Complement (12s)
✔ [4310/4334] Built Mathlib.Analysis.Normed.Group.Lemmas (4.9s)
✔ [4311/4335] Built Mathlib.Analysis.Asymptotics.AsymptoticEquivalent (8.6s)
✔ [4312/4339] Built Mathlib.Analysis.Normed.Group.AddTorsor (8.2s)
✔ [4313/4344] Built Mathlib.Analysis.Normed.Operator.Extend (23s)
✔ [4314/4348] Built Mathlib.Topology.Instances.Matrix (9.6s)
✔ [4315/4351] Built Mathlib.Topology.Algebra.Indicator (4.8s)
✔ [4316/4354] Built Mathlib.Topology.Bornology.BoundedOperation (7.8s)
✔ [4317/4354] Built Mathlib.Analysis.Normed.Operator.Bilinear (48s)
✔ [4318/4354] Built Mathlib.Topology.Algebra.Module.FiniteDimension (36s)
✔ [4319/4354] Built Mathlib.Topology.Algebra.ContinuousAffineMap (26s)
✔ [4320/4354] Built Mathlib.Topology.ContinuousMap.Star (7.0s)
✔ [4321/4355] Built Mathlib.Topology.ContinuousMap.Bounded.Basic (18s)
✔ [4322/4355] Built Mathlib.Analysis.Normed.Operator.NormedSpace (19s)
✔ [4323/4355] Built Mathlib.MeasureTheory.Integral.Marginal (9.8s)
✔ [4324/4357] Built Mathlib.Topology.Algebra.ContinuousAffineEquiv (16s)
✔ [4325/4357] Built Mathlib.Topology.MetricSpace.ThickenedIndicator (8.2s)
✔ [4326/4357] Built Mathlib.Analysis.Normed.Module.RCLike.Basic (8.3s)
✔ [4327/4357] Built Mathlib.MeasureTheory.Function.LpSpace.Basic (43s)
✔ [4328/4357] Built Mathlib.Topology.ContinuousMap.Bounded.Normed (20s)
✔ [4329/4358] Built Mathlib.Topology.Order.LeftRightLim (6.3s)
✔ [4330/4358] Built Mathlib.Topology.Algebra.AffineSubspace (5.7s)
✔ [4331/4358] Built Mathlib.Analysis.Normed.Module.RieszLemma (6.5s)
✔ [4332/4358] Built Mathlib.Analysis.Normed.Module.Multilinear.Basic (63s)
✔ [4333/4358] Built Mathlib.Analysis.Normed.Operator.Mul (20s)
✔ [4334/4360] Built Mathlib.MeasureTheory.Function.LpSpace.Complete (7.8s)
✔ [4335/4360] Built Mathlib.MeasureTheory.Function.LpSpace.Indicator (10s)
✔ [4336/4360] Built Mathlib.Topology.ContinuousMap.Bounded.Star (7.1s)
✔ [4337/4360] Built Mathlib.MeasureTheory.Measure.Content (9.4s)
✔ [4338/4360] Built Mathlib.MeasureTheory.Measure.Stieltjes (11s)
✔ [4339/4360] Built Mathlib.Topology.Algebra.Group.Compact (4.7s)
✔ [4340/4360] Built Mathlib.MeasureTheory.Function.ConvergenceInMeasure (8.4s)
✔ [4341/4360] Built Mathlib.Analysis.Normed.Operator.BoundedLinearMaps (22s)
✔ [4342/4363] Built Mathlib.Analysis.Normed.Affine.Isometry (28s)
✔ [4343/4363] Built Mathlib.Topology.ContinuousMap.Compact (14s)
✔ [4344/4363] Built Mathlib.MeasureTheory.Function.LpOrder (8.1s)
✔ [4345/4369] Built Mathlib.MeasureTheory.Measure.Haar.Basic (14s)
✔ [4346/4374] Built Mathlib.MeasureTheory.Function.StronglyMeasurable.Lemmas (7.0s)
✔ [4347/4374] Built Mathlib.Topology.Baire.CompleteMetrizable (5.8s)
✔ [4348/4375] Built Mathlib.Analysis.InnerProductSpace.Defs (14s)
✔ [4349/4377] Built Mathlib.Topology.Algebra.Module.ClosedSubmodule (12s)
✔ [4350/4377] Built Mathlib.Analysis.Normed.Module.FiniteDimension (22s)
✔ [4351/4381] Built Mathlib.Analysis.RCLike.Lemmas (8.2s)
✔ [4352/4381] Built Mathlib.MeasureTheory.Function.L1Space.Integrable (25s)
✔ [4353/4388] Built Mathlib.Analysis.Normed.Lp.WithLp (8.6s)
✔ [4354/4388] Built Mathlib.Analysis.InnerProductSpace.Basic (21s)
✔ [4355/4388] Built Mathlib.MeasureTheory.Function.L1Space.AEEqFun (9.2s)
✔ [4356/4388] Built Mathlib.Data.Matrix.Reflection (5.5s)
✔ [4357/4388] Built Mathlib.Analysis.Normed.Operator.Banach (32s)
✔ [4358/4388] Built Mathlib.MeasureTheory.Integral.IntegrableOn (11s)
✔ [4359/4388] Built Mathlib.Analysis.InnerProductSpace.Continuous (7.1s)
✔ [4360/4388] Built Mathlib.Analysis.InnerProductSpace.Projection.Minimal (12s)
✔ [4361/4388] Built Mathlib.Analysis.Normed.Lp.ProdLp (25s)
✔ [4362/4388] Built Mathlib.LinearAlgebra.UnitaryGroup (10s)
✔ [4363/4388] Built Mathlib.MeasureTheory.Function.SimpleFuncDenseLp (23s)
✔ [4364/4390] Built Mathlib.MeasureTheory.Function.LocallyIntegrable (14s)
✔ [4365/4393] Built Mathlib.Analysis.BoxIntegral.Box.Basic (7.4s)
✔ [4366/4395] Built Mathlib.Analysis.BoxIntegral.Box.SubboxInduction (7.4s)
✔ [4367/4395] Built Mathlib.MeasureTheory.Integral.FinMeasAdditive (16s)
✔ [4368/4397] Built Mathlib.Analysis.InnerProductSpace.LinearMap (29s)
✔ [4369/4401] Built Mathlib.Analysis.BoxIntegral.Partition.Basic (7.8s)
✔ [4370/4401] Built Mathlib.Analysis.Normed.Lp.PiLp (35s)
✔ [4371/4401] Built Mathlib.Analysis.BoxIntegral.Partition.Split (6.6s)
✔ [4372/4402] Built Mathlib.Analysis.InnerProductSpace.Orthonormal (13s)
✔ [4373/4402] Built Mathlib.Analysis.BoxIntegral.Partition.Tagged (8.3s)
✔ [4374/4402] Built Mathlib.Analysis.Oscillation (7.2s)
✔ [4375/4404] Built Mathlib.Analysis.Normed.Lp.Matrix (9.9s)
✔ [4376/4405] Built Mathlib.Analysis.BoxIntegral.Partition.Additive (9.5s)
✔ [4377/4408] Built Mathlib.Analysis.InnerProductSpace.Subspace (11s)
✔ [4378/4408] Built Mathlib.Analysis.BoxIntegral.Partition.SubboxInduction (6.2s)
✔ [4379/4409] Built Mathlib.Analysis.Normed.Lp.MeasurableSpace (7.0s)
✔ [4380/4412] Built Mathlib.LinearAlgebra.Orientation (11s)
✔ [4381/4413] Built Mathlib.Analysis.SumOverResidueClass (6.4s)
✔ [4382/4414] Built Mathlib.Analysis.BoxIntegral.Partition.Filter (8.9s)
✔ [4383/4414] Built Mathlib.Analysis.Asymptotics.SpecificAsymptotics (9.3s)
✔ [4384/4414] Built Mathlib.Analysis.InnerProductSpace.Orthogonal (21s)
✔ [4385/4418] Built Mathlib.Algebra.MonoidAlgebra.Grading (9.2s)
✔ [4386/4418] Built Mathlib.Algebra.MonoidAlgebra.Ideal (5.8s)
✔ [4387/4419] Built Mathlib.Analysis.PSeries (11s)
✔ [4388/4419] Built Mathlib.Data.Set.SMulAntidiagonal (5.0s)
✔ [4389/4419] Built Mathlib.MeasureTheory.Integral.SetToL1 (71s)
✔ [4390/4419] Built Mathlib.Analysis.InnerProductSpace.Symmetric (13s)
✔ [4391/4421] Built Mathlib.Algebra.MvPolynomial.Cardinal (5.6s)
✔ [4392/4424] Built Mathlib.Algebra.MonoidAlgebra.ToDirectSum (6.0s)
✔ [4393/4425] Built Mathlib.Data.List.GetD (2.6s)
✔ [4394/4425] Built Mathlib.Data.Finset.SMulAntidiagonal (5.9s)
✔ [4395/4426] Built Mathlib.Data.List.ToFinsupp (5.1s)
✔ [4396/4426] Built Mathlib.Data.Nat.Factorial.DoubleFactorial (5.5s)
✔ [4397/4427] Built Mathlib.Algebra.MvPolynomial.Comap (5.3s)
✔ [4398/4427] Built Mathlib.Algebra.MvPolynomial.Counit (4.9s)
✔ [4399/4427] Built Mathlib.MeasureTheory.Integral.Bochner.L1 (27s)
✔ [4400/4428] Built Mathlib.Data.Nat.Choose.Multinomial (8.1s)
✔ [4401/4430] Built Mathlib.Analysis.InnerProductSpace.Projection.Basic (29s)
✔ [4402/4430] Built Mathlib.Algebra.MonoidAlgebra.PointwiseSMul (21s)
✔ [4403/4430] Built Mathlib.Algebra.MvPolynomial.Division (8.1s)
✔ [4404/4430] Built Mathlib.Algebra.MvPolynomial.Coeff (7.4s)
✔ [4405/4430] Built Mathlib.Algebra.MvPolynomial.Nilpotent (8.3s)
✔ [4406/4432] Built Mathlib.Algebra.Order.Ring.Finset (4.9s)
✔ [4407/4433] Built Mathlib.Analysis.InnerProductSpace.Projection.Submodule (14s)
✔ [4408/4433] Built Mathlib.Analysis.InnerProductSpace.Projection.Reflection (14s)
✔ [4409/4433] Built Mathlib.Algebra.MvPolynomial.Expand (9.4s)
✔ [4410/4433] Built Mathlib.MeasureTheory.Integral.Bochner.Basic (26s)
✔ [4411/4433] Built Mathlib.Algebra.MvPolynomial.Polynomial (5.6s)
✔ [4412/4441] Built Mathlib.Algebra.MvPolynomial.Invertible (4.3s)
✔ [4413/4443] Built Mathlib.Algebra.MvPolynomial.Funext (5.8s)
✔ [4414/4445] Built Mathlib.Order.GameAdd (4.1s)
✔ [4415/4445] Built Mathlib.MeasureTheory.Integral.Bochner.SumMeasure (8.4s)
✔ [4416/4445] Built Mathlib.Algebra.NoZeroSMulDivisors.Pi (4.3s)
✔ [4417/4445] Built Mathlib.Data.Fin.Tuple.Finset (5.0s)
✔ [4418/4448] Built Mathlib.Data.DFinsupp.WellFounded (5.5s)
✔ [4419/4448] Built Mathlib.Algebra.NoZeroSMulDivisors.Prod (3.4s)
✔ [4420/4448] Built Mathlib.Analysis.InnerProductSpace.Projection.FiniteDimensional (15s)
✔ [4421/4448] Built Mathlib.Data.Finsupp.WellFounded (4.7s)
✔ [4422/4448] Built Mathlib.Algebra.NonAssoc.PreLie.Basic (7.0s)
✔ [4423/4450] Built Mathlib.Algebra.Order.AbsoluteValue.Euclidean (4.2s)
✔ [4424/4450] Built Mathlib.Data.Finsupp.MonomialOrder (7.5s)
✔ [4425/4450] Built Mathlib.Algebra.MvPolynomial.SchwartzZippel (21s)
✔ [4426/4450] Built Mathlib.MeasureTheory.Integral.Bochner.Set (24s)
✔ [4427/4450] Built Mathlib.Algebra.NonAssoc.LieAdmissible.Defs (6.3s)
✔ [4428/4450] Built Mathlib.Data.Sym.Card (6.6s)
✔ [4429/4450] Built Mathlib.Data.Finsupp.MonomialOrder.DegLex (9.0s)
✔ [4430/4452] Built Mathlib.Algebra.Order.Antidiag.FinsuppEquiv (6.6s)
✔ [4431/4456] Built Mathlib.RingTheory.MvPolynomial.MonomialOrder (16s)
✔ [4432/4459] Built Mathlib.RingTheory.UniqueFactorizationDomain.Nat (4.2s)
✔ [4433/4459] Built Mathlib.Tactic.ArithMult.Init (1.0s)
✔ [4434/4460] Built Mathlib.RingTheory.MvPolynomial.MonomialOrder.DegLex (5.1s)
✔ [4435/4460] Built Mathlib.Data.Nat.Factorization.PrimePow (4.3s)
✔ [4436/4461] Built Mathlib.Data.Nat.Squarefree (6.2s)
✔ [4437/4461] Built Mathlib.Tactic.ArithMult (2.3s)
✔ [4438/4462] Built Mathlib.Algebra.Order.Antidiag.Tendsto (4.5s)
✔ [4439/4462] Built Mathlib.Algebra.MvPolynomial.NoZeroDivisors (6.9s)
✔ [4440/4463] Built Mathlib.Analysis.InnerProductSpace.PiL2 (54s)
✔ [4441/4463] Built Mathlib.Algebra.Order.Archimedean.Hom (5.2s)
✔ [4442/4463] Built Mathlib.NumberTheory.ArithmeticFunction.Defs (11s)
✔ [4443/4463] Built Mathlib.Algebra.Order.Archimedean.Class (24s)
✔ [4444/4463] Built Mathlib.Analysis.InnerProductSpace.GramSchmidtOrtho (13s)
✔ [4445/4465] Built Mathlib.MeasureTheory.Group.FundamentalDomain (55s)
✔ [4446/4465] Built Mathlib.Algebra.Order.Archimedean.IndicatorCard (5.2s)
✔ [4447/4466] Built Mathlib.Analysis.InnerProductSpace.ProdL2 (21s)
✔ [4448/4466] Built Mathlib.NumberTheory.ArithmeticFunction.Zeta (6.6s)
✔ [4449/4469] Built Mathlib.Algebra.Order.Archimedean.Submonoid (4.9s)
✔ [4450/4469] Built Mathlib.Algebra.Order.CompleteField (8.3s)
✔ [4451/4470] Built Mathlib.Analysis.InnerProductSpace.Orientation (11s)
✔ [4452/4470] Built Mathlib.MeasureTheory.Measure.Haar.OfBasis (19s)
✔ [4453/4471] Built Mathlib.NumberTheory.ArithmeticFunction.Misc (7.9s)
✔ [4454/4471] Built Mathlib.Algebra.Order.Disjointed (5.0s)
✔ [4455/4472] Built Mathlib.Algebra.Order.Field.Defs (2.0s)
✔ [4456/4472] Built Mathlib.Algebra.Order.Rearrangement (9.1s)
✔ [4457/4473] Built Mathlib.Algebra.Order.Archimedean.Real.Hom (5.2s)
✔ [4458/4473] Built Mathlib.Algebra.Order.Field.Pi (3.8s)
✔ [4459/4474] Built Mathlib.Algebra.Order.Field.GeomSum (4.7s)
✔ [4460/4475] Built Mathlib.Algebra.Order.Antidiag.Nat (6.1s)
✔ [4461/4476] Built Mathlib.Algebra.Order.Field.Pointwise (3.5s)
✔ [4462/4477] Built Mathlib.MeasureTheory.Measure.Lebesgue.Basic (10s)
✔ [4463/4477] Built Mathlib.Algebra.Order.Field.Subfield (3.7s)
✔ [4464/4477] Built Mathlib.Algebra.Order.Chebyshev (6.7s)
✔ [4465/4477] Built Mathlib.Algebra.Order.Floor.Extended (7.1s)
✔ [4466/4480] Built Mathlib.Algebra.Order.Floor.Div (8.4s)
✔ [4467/4482] Built Mathlib.Analysis.BoxIntegral.Partition.Measure (7.8s)
✔ [4468/4482] Built Mathlib.Algebra.Order.Group.End (3.9s)
✔ [4469/4483] Built Mathlib.Algebra.Order.Group.Bounds (3.9s)
✔ [4470/4483] Built Mathlib.Algebra.Order.Floor.Semifield (7.5s)
✔ [4471/4484] Built Mathlib.Algebra.Order.Group.CompleteLattice (3.9s)
✔ [4472/4485] Built Mathlib.Algebra.Order.Group.Action.End (3.3s)
✔ [4473/4485] Built Mathlib.Algebra.Order.Group.Cone (5.4s)
✔ [4474/4486] Built Mathlib.Algebra.Order.Group.Cyclic (6.6s)
✔ [4475/4487] Built Mathlib.MeasureTheory.Measure.Lebesgue.EqHaar (22s)
✔ [4476/4487] Built Mathlib.Algebra.Order.Group.Action.Flag (3.3s)
✔ [4477/4487] Built Mathlib.Algebra.Order.Group.Equiv (2.8s)
✔ [4478/4488] Built Mathlib.Algebra.Order.Group.DenselyOrdered (4.5s)
✔ [4479/4489] Built Mathlib.Algebra.Order.Group.Ideal (4.6s)
✔ [4480/4490] Built Mathlib.Algebra.Order.Group.Int.Sum (5.0s)
✔ [4481/4490] Built Mathlib.MeasureTheory.Measure.Haar.InnerProductSpace (16s)
✔ [4482/4490] Built Mathlib.Analysis.BoxIntegral.Basic (29s)
✔ [4483/4494] Built Mathlib.Algebra.Order.Group.PartialSups (4.0s)
✔ [4484/4495] Built Mathlib.Algebra.Order.GroupWithZero.Bounds (2.0s)
✔ [4485/4496] Built Mathlib.Order.Prod.Lex.Hom (2.8s)
✔ [4486/4497] Built Mathlib.Algebra.Order.GroupWithZero.Unbundled.Basic (2.8s)
✔ [4487/4497] Built Mathlib.Algebra.Order.GroupWithZero.Unbundled.Defs (3.0s)
✔ [4488/4498] Built Mathlib.Algebra.Order.GroupWithZero.Unbundled.OrderIso (2.8s)
✔ [4489/4499] Built Mathlib.Analysis.BoxIntegral.Integrability (9.8s)
✔ [4490/4499] Built Mathlib.Algebra.Order.Monoid.Lex (4.8s)
✔ [4491/4499] Built Mathlib.Algebra.Module.ZLattice.Basic (25s)
✔ [4492/4501] Built Mathlib.Algebra.Order.Hom.Submonoid (2.8s)
✔ [4493/4502] Built Mathlib.Algebra.Order.Hom.Lattice (3.4s)
✔ [4494/4502] Built Mathlib.Algebra.Order.Hom.Units (2.9s)
✔ [4495/4503] Built Mathlib.Algebra.Order.GroupWithZero.Lex (5.3s)
✔ [4496/4503] Built Mathlib.Order.Interval.Basic (6.0s)
✔ [4497/4503] Built Mathlib.Algebra.Order.Interval.Multiset (4.1s)
✔ [4498/4505] Built Mathlib.Analysis.BoxIntegral.UnitPartition (13s)
✔ [4499/4506] Built Mathlib.Algebra.Order.Interval.Set.SuccPred (7.2s)
✔ [4500/4506] Built Mathlib.Algebra.Order.Module.Basic (4.8s)
✔ [4501/4506] Built Mathlib.Algebra.Order.Interval.Basic (13s)
✔ [4502/4508] Built Mathlib.Algebra.Module.ZLattice.Summable (23s)
✔ [4503/4514] Built Mathlib.Algebra.Order.Module.Equiv (4.2s)
✔ [4504/4515] Built Mathlib.Data.Set.MulAntidiagonal (4.0s)
✔ [4505/4516] Built Mathlib.RingTheory.HahnSeries.Basic (7.0s)
✔ [4506/4516] Built Mathlib.Algebra.Order.Module.Archimedean (8.0s)
✔ [4507/4516] Built Mathlib.Algebra.Module.ZLattice.Covolume (20s)
✔ [4508/4517] Built Mathlib.Algebra.Order.Module.PositiveLinearMap (6.4s)
✔ [4509/4518] Built Mathlib.Algebra.Order.Monoid.Associated (3.0s)
✔ [4510/4519] Built Mathlib.Data.Finset.MulAntidiagonal (5.2s)
✔ [4511/4520] Built Mathlib.Algebra.Order.Monoid.PNat (4.1s)
✔ [4512/4521] Built Mathlib.Algebra.Order.Monoid.Prod (3.8s)
✔ [4513/4522] Built Mathlib.Algebra.Order.Monoid.ToMulBot (4.1s)
✔ [4514/4523] Built Mathlib.Algebra.Order.Monoid.Unbundled.Units (3.7s)
✔ [4515/4524] Built Mathlib.RingTheory.HahnSeries.Addition (10s)
✔ [4516/4524] Built Mathlib.Algebra.Order.PUnit (3.1s)
✔ [4517/4525] Built Mathlib.Algebra.Order.Positive.Field (3.4s)
✔ [4518/4526] Built Mathlib.Algebra.Order.Monoid.LocallyFiniteOrder (12s)
✔ [4519/4527] Built Mathlib.Algebra.Order.Quantale (4.7s)
✔ [4520/4527] Built Mathlib.Algebra.Order.Ring.Cone (4.0s)
✔ [4521/4530] Built Mathlib.Algebra.Order.Ring.Opposite (3.7s)
✔ [4522/4530] Built Mathlib.Algebra.Order.Ring.IsNonarchimedean (7.4s)
✔ [4523/4532] Built Mathlib.Algebra.Order.Ring.Archimedean (12s)
✔ [4524/4534] Built Mathlib.Algebra.Order.Ring.Prod (4.3s)
✔ [4525/4535] Built Mathlib.Algebra.Order.Ring.Ordering.Defs (7.1s)
✔ [4526/4535] Built Mathlib.Algebra.Ring.Subring.Order (4.4s)
✔ [4527/4535] Built Mathlib.Order.Quotient (4.3s)
✔ [4528/4538] Built Mathlib.Algebra.Order.Ring.Units (4.7s)
✔ [4529/4539] Built Mathlib.Algebra.Star.Conjneg (5.4s)
✔ [4530/4539] Built Mathlib.Algebra.Order.Ring.Ordering.Basic (13s)
✔ [4531/4539] Built Mathlib.Algebra.Order.Star.Pi (4.6s)
✔ [4532/4542] Built Mathlib.RingTheory.HahnSeries.Multiplication (35s)
✔ [4533/4542] Built Mathlib.Algebra.Order.Star.Conjneg (4.6s)
✔ [4534/4543] Built Mathlib.RingTheory.Valuation.ValuationSubring (20s)
✔ [4535/4544] Built Mathlib.Algebra.Order.Star.Prod (4.6s)
✔ [4536/4544] Built Mathlib.Data.NNReal.Star (4.1s)
✔ [4537/4545] Built Mathlib.Algebra.Order.Sub.Prod (2.9s)
✔ [4538/4545] Built Mathlib.Algebra.Order.Sub.Unbundled.Hom (3.2s)
✔ [4539/4546] Built Mathlib.Algebra.Order.SuccPred.TypeTags (4.0s)
✔ [4540/4547] Built Mathlib.Algebra.Order.Sum (2.4s)
✔ [4541/4548] Built Mathlib.Algebra.Order.Star.Real (5.2s)
✔ [4542/4549] Built Mathlib.Algebra.Order.WithTop.Untop0 (4.6s)
✔ [4543/4549] Built Mathlib.Algebra.Order.UpperLower (6.7s)
✔ [4544/4549] Built Mathlib.RingTheory.HahnSeries.Lex (17s)
✔ [4545/4553] Built Mathlib.Algebra.Polynomial.Basis (4.9s)
✔ [4546/4554] Built Mathlib.Algebra.Pointwise.Stabilizer (7.8s)
✔ [4547/4555] Built Mathlib.Algebra.Order.Ring.StandardPart (26s)
✔ [4548/4556] Built Mathlib.RingTheory.Derivation.DifferentialRing (6.1s)
✔ [4549/4556] Built Mathlib.Algebra.Polynomial.CoeffList (6.1s)
✔ [4550/4557] Built Mathlib.Algebra.Polynomial.Degree.CardPowDegree (6.4s)
✔ [4551/4558] Built Mathlib.Algebra.Polynomial.CoeffMem (8.4s)
✔ [4552/4559] Built Mathlib.Algebra.Polynomial.Degree.Definitions (4.4s)
✔ [4553/4559] Built Mathlib.Algebra.Polynomial.Degree.IsMonicOfDegree (6.7s)
✔ [4554/4562] Built Mathlib.RingTheory.Derivation.MapCoeffs (14s)
✔ [4555/4562] Built Mathlib.Algebra.Polynomial.DenomsClearable (6.9s)
✔ [4556/4563] Built Mathlib.Algebra.Polynomial.Eval.Irreducible (4.3s)
✔ [4557/4564] Built Mathlib.Algebra.Order.Module.HahnEmbedding (30s)
✔ [4558/4565] Built Mathlib.Data.Finsupp.Notation (3.9s)
✔ [4559/4566] Built Mathlib.Algebra.Polynomial.Mirror (4.8s)
✔ [4560/4566] Built Mathlib.Algebra.Polynomial.Module.FiniteDimensional (5.5s)
✔ [4561/4566] Built Mathlib.Algebra.Polynomial.Module.TensorProduct (6.8s)
✔ [4562/4569] Built Mathlib.Algebra.Polynomial.Bivariate (10s)
✔ [4563/4570] Built Mathlib.Algebra.Polynomial.OfFn (5.2s)
✔ [4564/4571] Built Mathlib.Data.List.Destutter (5.0s)
✔ [4565/4571] Built Mathlib.Algebra.Polynomial.PartialFractions (7.8s)
✔ [4566/4572] Built Mathlib.Algebra.Polynomial.Homogenize (12s)
✔ [4567/4573] Built Mathlib.Algebra.Polynomial.Smeval (7.7s)
✔ [4568/4573] Built Mathlib.Algebra.Polynomial.SpecificDegree (4.0s)
✔ [4569/4576] Built Mathlib.Algebra.Polynomial.SumIteratedDerivative (7.7s)
✔ [4570/4578] Built Mathlib.Algebra.Polynomial.UnitTrinomial (7.5s)
✔ [4571/4579] Built Mathlib.Algebra.PresentedMonoid.Basic (6.7s)
✔ [4572/4580] Built Mathlib.Algebra.Quandle (8.3s)
✔ [4573/4581] Built Mathlib.Algebra.Regular.Pi (3.3s)
✔ [4574/4582] Built Mathlib.Algebra.QuadraticAlgebra.Defs (13s)
✔ [4575/4583] Built Mathlib.Algebra.QuaternionBasis (11s)
✔ [4576/4583] Built Mathlib.Algebra.Regular.Prod (3.1s)
✔ [4577/4584] Built Mathlib.Algebra.Regular.ULift (3.1s)
✔ [4578/4585] Built Mathlib.Algebra.Polynomial.RuleOfSigns (27s)
✔ [4579/4586] Built Mathlib.Algebra.Ring.Action.Pointwise.Finset (4.8s)
✔ [4580/4586] Built Mathlib.Algebra.Ring.Ext (4.9s)
✔ [4581/4589] Built Mathlib.Algebra.Ring.Identities (7.5s)
✔ [4582/4589] Built Mathlib.Algebra.QuadraticAlgebra.Basic (14s)
✔ [4583/4591] Built Mathlib.Algebra.Ring.Pointwise.Set (2.8s)
✔ [4584/4591] Built Mathlib.Algebra.Ring.Semireal.Defs (3.7s)
✔ [4585/4591] Built Mathlib.Algebra.Ring.Subgroup (3.0s)
✔ [4586/4592] Built Mathlib.Algebra.Ring.CentroidHom (20s)
✔ [4587/4593] Built Mathlib.Algebra.QuadraticAlgebra.NormDeterminant (6.0s)
✔ [4588/4594] Built Mathlib.Algebra.Ring.IsFormallyReal (15s)
✔ [4589/4595] Built Mathlib.Algebra.Ring.Pointwise.Finset (3.7s)
✔ [4590/4599] Built Mathlib.Algebra.Ring.WithZero (3.5s)
✔ [4591/4603] Built Mathlib.Algebra.Ring.Subring.IntPolynomial (4.8s)
✔ [4592/4604] Built Mathlib.Algebra.Star.NonUnitalSubsemiring (3.9s)
✔ [4593/4605] Built Mathlib.Algebra.RingQuot (8.2s)
✔ [4594/4605] Built Mathlib.Algebra.Star.CHSH (7.4s)
✔ [4595/4606] Built Mathlib.Algebra.Star.Free (4.0s)
✔ [4596/4607] Built Mathlib.Algebra.Star.Subsemiring (4.0s)
✔ [4597/4607] Built Mathlib.Algebra.Star.RingQuot (4.3s)
✔ [4598/4608] Built Mathlib.Algebra.Star.TransferInstance (3.5s)
✔ [4599/4609] Built Mathlib.Algebra.Star.CentroidHom (5.5s)
✔ [4600/4610] Built Mathlib.Algebra.SkewMonoidAlgebra.Basic (20s)
✔ [4601/4610] Built Mathlib.Algebra.Star.UnitaryStarAlgAut (7.4s)
✔ [4602/4611] Built Mathlib.Algebra.TrivSqZeroExt (3.6s)
✔ [4603/4611] Built Mathlib.Algebra.Star.LinearMap (17s)
✔ [4604/4611] Built Mathlib.Algebra.SkewMonoidAlgebra.Support (4.9s)
✔ [4605/4612] Built Mathlib.Algebra.Symmetrized (7.9s)
✔ [4606/4614] Built Mathlib.Algebra.SkewMonoidAlgebra.Single (5.2s)
✔ [4607/4615] Built Mathlib.Algebra.Tropical.Basic (4.7s)
✔ [4608/4615] Built Mathlib.Algebra.TrivSqZeroExt.Ideal (5.2s)
✔ [4609/4615] Built Mathlib.Algebra.SkewMonoidAlgebra.Lift (7.3s)
✔ [4610/4618] Built Mathlib.Algebra.Tropical.BigOperators (4.4s)
✔ [4611/4619] Built Mathlib.Algebra.SkewPolynomial.Basic (9.7s)
✔ [4612/4625] Built Mathlib.Algebra.Tropical.Lattice (7.0s)
✔ [4613/4625] Built Mathlib.Algebra.Vertex.HVertexOperator (8.0s)
✔ [4614/4633] Built Mathlib.Topology.Sheaves.Limits (4.9s)
✔ [4615/4637] Built Mathlib.Algebra.Vertex.VertexOperator (5.7s)
✔ [4616/4637] Built Mathlib.CategoryTheory.Sites.Pullback (7.6s)
✔ [4617/4637] Built Mathlib.Topology.Sheaves.PresheafOfFunctions (4.1s)
✔ [4618/4637] Built Mathlib.CategoryTheory.Sites.JointlySurjective (4.3s)
✔ [4619/4641] Built Mathlib.CategoryTheory.Sites.MorphismProperty (4.5s)
✔ [4620/4644] Built Mathlib.Geometry.RingedSpace.PresheafedSpace (17s)
✔ [4621/4644] Built Mathlib.Topology.Sheaves.SheafOfFunctions (4.3s)
✔ [4622/4644] Built Mathlib.CategoryTheory.Comma.Over.OverClass (4.8s)
✔ [4623/4644] Built Mathlib.Topology.Sheaves.Functors (9.5s)
✔ [4624/4644] Built Mathlib.Topology.Category.TopCommRingCat (4.9s)
✔ [4625/4644] Built Mathlib.Topology.Sheaves.LocalPredicate (6.4s)
✔ [4626/4645] Built Mathlib.Geometry.RingedSpace.Stalks (9.2s)
✔ [4627/4647] Built Mathlib.CategoryTheory.LocallyDirected (5.6s)
✔ [4628/4648] Built Mathlib.Topology.Sheaves.CommRingCat (13s)
✔ [4629/4654] Built Mathlib.Geometry.RingedSpace.PresheafedSpace.HasColimits (17s)
✔ [4630/4654] Built Mathlib.CategoryTheory.Limits.Shapes.Pullback.Equalizer (5.8s)
✔ [4631/4656] Built Mathlib.Logic.Function.Coequalizer (1.9s)
✔ [4632/4661] Built Mathlib.CategoryTheory.MorphismProperty.Local (5.9s)
✔ [4633/4661] Built Mathlib.Geometry.RingedSpace.SheafedSpace (8.2s)
✔ [4634/4661] Built Mathlib.CategoryTheory.GlueData (12s)
✔ [4635/4661] Built Mathlib.CategoryTheory.Limits.Types.Coequalizers (5.0s)
✔ [4636/4661] Built Mathlib.CategoryTheory.Limits.Constructions.ZeroObjects (5.4s)
✔ [4637/4661] Built Mathlib.Geometry.RingedSpace.Basic (7.2s)
✔ [4638/4667] Built Mathlib.Topology.Gluing (12s)
✔ [4639/4667] Built Mathlib.CategoryTheory.Monoidal.Cartesian.Over (21s)
✔ [4640/4667] Built Mathlib.Geometry.RingedSpace.LocallyRingedSpace (14s)
✔ [4641/4667] Built Mathlib.RingTheory.Localization.Away.Lemmas (7.2s)
✔ [4642/4670] Built Mathlib.RingTheory.RingHom.Surjective (7.3s)
✔ [4643/4674] Built Mathlib.RingTheory.LocalProperties.Reduced (7.2s)
✔ [4644/4682] Built Mathlib.RingTheory.RingHom.Locally (16s)
✔ [4645/4683] Built Mathlib.AlgebraicGeometry.StructureSheaf (65s)
✔ [4646/4683] Built Mathlib.RingTheory.Ideal.Height (10s)
✔ [4647/4689] Built Mathlib.RingTheory.RingHom.EssFiniteType (5.8s)
✔ [4648/4691] Built Mathlib.Geometry.RingedSpace.LocallyRingedSpace.ResidueField (8.2s)
✔ [4649/4694] Built Mathlib.RingTheory.RingHom.Finite (7.7s)
✔ [4650/4701] Built Mathlib.RingTheory.Finiteness.FiniteTypeLocal (9.3s)
✔ [4651/4701] Built Mathlib.AlgebraicGeometry.Spec (19s)
✔ [4652/4701] Built Mathlib.Geometry.RingedSpace.OpenImmersion (42s)
✔ [4653/4701] Built Mathlib.RingTheory.Spectrum.Prime.ConstructibleSet (8.4s)
✔ [4654/4703] Built Mathlib.RingTheory.RingHom.FiniteType (5.8s)
✔ [4655/4706] Built Mathlib.LinearAlgebra.Charpoly.BaseChange (6.2s)
✔ [4656/4706] Built Mathlib.RingTheory.Finiteness.FinitePresentationLocal (14s)
✔ [4657/4714] Built Mathlib.RingTheory.RingHom.FinitePresentation (5.2s)
✔ [4658/4716] Built Mathlib.Geometry.RingedSpace.LocallyRingedSpace.HasColimits (11s)
✔ [4659/4718] Built Mathlib.RingTheory.Spectrum.Prime.Polynomial (12s)
✔ [4660/4718] Built Mathlib.RingTheory.RingHom.Integral (7.5s)
✔ [4661/4719] Built Mathlib.CategoryTheory.Limits.Shapes.Pullback.Connected (4.7s)
✔ [4662/4719] Built Mathlib.AlgebraicGeometry.Scheme (24s)
✔ [4663/4719] Built Mathlib.CategoryTheory.Limits.Types.ColimitTypeFiltered (4.5s)
✔ [4664/4722] Built Mathlib.AlgebraicGeometry.Over (5.9s)
✔ [4665/4734] Built Mathlib.Geometry.RingedSpace.PresheafedSpace.Gluing (27s)
✔ [4666/4734] Built Mathlib.AlgebraicGeometry.OpenImmersion (18s)
✔ [4667/4737] Built Mathlib.Topology.LocallyFinsupp (12s)
✔ [4668/4737] Built Mathlib.RingTheory.RingHom.PurelyInseparable (6.9s)
✔ [4669/4738] Built Mathlib.AlgebraicGeometry.Sites.MorphismProperty (8.3s)
✔ [4670/4738] Built Mathlib.Topology.LocallyFinsupp.Pushforward (6.4s)
✔ [4671/4741] Built Mathlib.AlgebraicGeometry.Cover.MorphismProperty (8.3s)
✔ [4672/4741] Built Mathlib.Topology.Category.TopCat.EffectiveEpi (4.6s)
✔ [4673/4741] Built Mathlib.RingTheory.Spectrum.Prime.ChevalleyComplexity (42s)
✔ [4674/4741] Built Mathlib.CategoryTheory.EffectiveEpi.Comp (4.3s)
✔ [4675/4745] Built Mathlib.Topology.Sets.CompactOpenCovered (22s)
✔ [4676/4750] Built Mathlib.CategoryTheory.EffectiveEpi.Preserves (5.9s)
✔ [4677/4750] Built Mathlib.AlgebraicGeometry.Cover.Open (14s)
✔ [4678/4750] Built Mathlib.RingTheory.Spectrum.Prime.Chevalley (12s)
✔ [4679/4754] Built Mathlib.AlgebraicGeometry.EllipticCurve.Weierstrass (8.5s)
✔ [4680/4754] Built Mathlib.LinearAlgebra.FreeModule.IdealQuotient (7.1s)
✔ [4681/4754] Built Mathlib.Tactic.Ring.NamePolyVars (4.4s)
✔ [4682/4756] Built Mathlib.Data.Nat.EvenOddRec (3.5s)
✔ [4683/4761] Built Mathlib.LinearAlgebra.FreeModule.Norm (7.6s)
✔ [4684/4761] Built Mathlib.Data.Int.WithZero (5.2s)
✔ [4685/4761] Built Mathlib.AlgebraicGeometry.EllipticCurve.VariableChange (15s)
✔ [4686/4762] Built Mathlib.NumberTheory.EllipticDivisibilitySequence (14s)
✔ [4687/4762] Built Mathlib.AlgebraicGeometry.Restrict (19s)
✔ [4688/4762] Built Mathlib.RingTheory.Valuation.ExtendToLocalization (5.6s)
✔ [4689/4762] Built Mathlib.AlgebraicGeometry.EllipticCurve.Affine.Basic (8.7s)
✔ [4690/4764] Built Mathlib.AlgebraicGeometry.EllipticCurve.NormalForms (10s)
✔ [4691/4766] Built Mathlib.AlgebraicGeometry.EllipticCurve.Jacobian.Basic (16s)
✔ [4692/4766] Built Mathlib.AlgebraicGeometry.Gluing (23s)
✔ [4693/4766] Built Mathlib.RingTheory.Valuation.ValuativeRel.Basic (30s)
✔ [4694/4768] Built Mathlib.AlgebraicGeometry.GammaSpecAdjunction (28s)
✔ [4695/4768] Built Mathlib.Topology.Algebra.Nonarchimedean.Basic (7.7s)
✔ [4696/4768] Built Mathlib.AlgebraicGeometry.EllipticCurve.IsomOfJ (12s)
✔ [4697/4768] Built Mathlib.AlgebraicGeometry.EllipticCurve.Affine.Formula (15s)
✔ [4698/4768] Built Mathlib.Topology.Algebra.UniformFilterBasis (5.4s)
✔ [4699/4768] Built Mathlib.Topology.Algebra.WithZeroTopology (5.9s)
✔ [4700/4773] Built Mathlib.Topology.Algebra.Nonarchimedean.Bases (6.7s)
✔ [4701/4773] Built Mathlib.Topology.Algebra.GroupCompletion (12s)
✔ [4702/4778] Built Mathlib.AlgebraicGeometry.EllipticCurve.Affine.Point (26s)
✔ [4703/4778] Built Mathlib.AlgebraicGeometry.EllipticCurve.Jacobian.Formula (29s)
✔ [4704/4778] Built Mathlib.AlgebraicGeometry.AffineScheme (34s)
✔ [4705/4778] Built Mathlib.Topology.Algebra.Valued.ValuationTopology (22s)
✔ [4706/4781] Built Mathlib.Topology.Algebra.UniformRing (12s)
✔ [4707/4781] Built Mathlib.AlgebraicGeometry.EllipticCurve.DivisionPolynomial.Basic (13s)
✔ [4708/4781] Built Mathlib.RingTheory.Ideal.Oka (5.9s)
✔ [4709/4781] Built Mathlib.AlgebraicGeometry.EllipticCurve.Jacobian.Point (18s)
✔ [4710/4781] Built Mathlib.Topology.Algebra.ValuativeRel.ValuativeTopology (18s)
✔ [4711/4781] Built Mathlib.Topology.Algebra.UniformField (9.0s)
✔ [4712/4782] Built Mathlib.Order.Interval.Finset.DenselyOrdered (5.4s)
✔ [4713/4782] Built Mathlib.RingTheory.PrincipalIdealDomainOfPrime (6.5s)
✔ [4714/4782] Built Mathlib.AlgebraicGeometry.EllipticCurve.Affine.AddSubMap (47s)
✔ [4715/4782] Built Mathlib.AlgebraicGeometry.EllipticCurve.DivisionPolynomial.Degree (11s)
✔ [4716/4782] Built Mathlib.AlgebraicGeometry.Pullbacks (38s)
✔ [4717/4785] Built Mathlib.Order.Northcott (6.2s)
✔ [4718/4785] Built Mathlib.RingTheory.Valuation.Discrete.Basic (19s)
✔ [4719/4785] Built Mathlib.GroupTheory.ArchimedeanDensely (27s)
✔ [4720/4790] Built Mathlib.Tactic.MoveAdd (5.8s)
✔ [4721/4790] Built Mathlib.Data.Finset.Finsupp (5.8s)
✔ [4722/4790] Built Mathlib.RingTheory.MvPowerSeries.Basic (22s)
✔ [4723/4794] Built Mathlib.AlgebraicGeometry.Limits (36s)
✔ [4724/4794] Built Mathlib.Topology.Instances.ENat (7.1s)
✔ [4725/4794] Built Mathlib.Topology.Algebra.Valued.ValuedField (48s)
✔ [4726/4794] Built Mathlib.Data.Finsupp.Interval (5.4s)
✔ [4727/4796] Built Mathlib.RingTheory.MvPowerSeries.Order (9.7s)
✔ [4728/4796] Built Mathlib.Topology.Algebra.LinearTopology (10s)
✔ [4729/4796] Built Mathlib.RingTheory.PowerSeries.Basic (13s)
✔ [4730/4796] Built Mathlib.AlgebraicGeometry.Properties (16s)
✔ [4731/4797] Built Mathlib.AlgebraicGeometry.Morphisms.Basic (12s)
✔ [4732/4797] Built Mathlib.Topology.Algebra.TopologicallyNilpotent (6.4s)
✔ [4733/4797] Built Mathlib.RingTheory.MvPowerSeries.Trunc (14s)
✔ [4734/4797] Built Mathlib.RingTheory.PowerSeries.Trunc (9.5s)
✔ [4735/4799] Built Mathlib.RingTheory.PowerSeries.Order (10s)
✔ [4736/4800] Built Mathlib.AlgebraicGeometry.Cover.Sigma (11s)
✔ [4737/4803] Built Mathlib.AlgebraicGeometry.FunctionField (15s)
✔ [4738/4803] Built Mathlib.Topology.Algebra.Valued.WithVal (32s)
✔ [4739/4809] Built Mathlib.Tactic.Ring.NamePowerVars (7.5s)
✔ [4740/4809] Built Mathlib.RingTheory.MvPowerSeries.PiTopology (10s)
✔ [4741/4809] Built Mathlib.AlgebraicGeometry.Morphisms.Constructors (18s)
✔ [4742/4809] Built Mathlib.SetTheory.Cardinal.Continuum (7.4s)
✔ [4743/4809] Built Mathlib.SetTheory.Cardinal.Rat (7.7s)
✔ [4744/4809] Built Mathlib.RingTheory.MvPowerSeries.LinearTopology (10s)
✔ [4745/4809] Built Mathlib.RingTheory.MvPowerSeries.Evaluation (12s)
✔ [4746/4809] Built Mathlib.RingTheory.PowerSeries.PiTopology (10s)
✔ [4747/4809] Built Mathlib.Analysis.Real.Cardinality (8.9s)
✔ [4748/4809] Built Mathlib.AlgebraicGeometry.Morphisms.UnderlyingMap (12s)
✔ [4749/4809] Built Mathlib.AlgebraicGeometry.Morphisms.RingHomProperties (24s)
✔ [4750/4809] Built Mathlib.RingTheory.PowerSeries.Evaluation (11s)
✔ [4751/4809] Built Mathlib.Analysis.Complex.Cardinality (8.5s)
✔ [4752/4809] Built Mathlib.RingTheory.MvPowerSeries.Substitution (21s)
✔ [4753/4809] Built Mathlib.AlgebraicGeometry.Morphisms.OpenImmersion (11s)
✔ [4754/4809] Built Mathlib.RingTheory.DedekindDomain.AdicValuation (66s)
✔ [4755/4809] Built Mathlib.AlgebraicGeometry.Cover.Over (18s)
✔ [4756/4809] Built Mathlib.AlgebraicGeometry.Morphisms.QuasiCompact (13s)
✔ [4757/4809] Built Mathlib.LinearAlgebra.Complex.FiniteDimensional (6.0s)
✔ [4758/4809] Built Mathlib.AlgebraicGeometry.Morphisms.FiniteType (8.0s)
✔ [4759/4809] Built Mathlib.AlgebraicGeometry.Morphisms.IsIso (9.8s)
✔ [4760/4809] Built Mathlib.RingTheory.Valuation.Discrete.IsDiscreteValuationRing (14s)
✔ [4761/4809] Built Mathlib.AlgebraicGeometry.Morphisms.SurjectiveOnStalks (27s)
✔ [4762/4809] Built Mathlib.RingTheory.PowerSeries.Substitution (28s)
✔ [4763/4809] Built Mathlib.NumberTheory.LSeries.Basic (13s)
✔ [4764/4809] Built Mathlib.AlgebraicGeometry.Morphisms.QuasiSeparated (27s)
✔ [4765/4812] Built Mathlib.AlgebraicGeometry.Morphisms.Preimmersion (10s)
✔ [4766/4813] Built Mathlib.AlgebraicGeometry.IdealSheaf.Basic (35s)
✔ [4767/4813] Built Mathlib.AlgebraicGeometry.EllipticCurve.Reduction (25s)
✔ [4768/4813] Built Mathlib.NumberTheory.ArithmeticFunction.LFunction (16s)
✔ [4769/4813] Built Mathlib.AlgebraicGeometry.Morphisms.FinitePresentation (12s)
✔ [4770/4819] Built Mathlib.Analysis.Normed.Operator.Asymptotics (11s)
✔ [4771/4822] Built Mathlib.Analysis.Convex.EGauge (15s)
✔ [4772/4822] Built Mathlib.AlgebraicGeometry.Stalk (19s)
✔ [4773/4822] Built Mathlib.Analysis.Calculus.TangentCone.Defs (7.2s)
✔ [4774/4822] Built Mathlib.Analysis.Calculus.TangentCone.Basic (10s)
✔ [4775/4826] Built Mathlib.AlgebraicGeometry.ResidueField (17s)
✔ [4776/4826] Built Mathlib.AlgebraicGeometry.IdealSheaf.Subscheme (32s)
✔ [4777/4826] Built Mathlib.Analysis.Calculus.TangentCone.DimOne (7.2s)
✔ [4778/4829] Built Mathlib.Analysis.Calculus.TangentCone.Real (9.1s)
✔ [4779/4846] Built Mathlib.AlgebraicGeometry.AlgebraicCycle.Basic (10s)
✔ [4780/4852] Built Mathlib.Analysis.Asymptotics.TVS (52s)
✔ [4781/4852] Built Mathlib.AlgebraicGeometry.PullbackCarrier (22s)
✔ [4782/4854] Built Mathlib.Topology.MetricSpace.Completion (10s)
✔ [4783/4854] Built Mathlib.Topology.Algebra.Module.Alternating.Basic (31s)
✔ [4784/4854] Built Mathlib.Analysis.Calculus.FDeriv.Defs (14s)
✔ [4785/4854] Built Mathlib.AlgebraicGeometry.Morphisms.Affine (19s)
✔ [4786/4856] Built Mathlib.AlgebraicGeometry.Morphisms.UniversallyInjective (18s)
✔ [4787/4856] Built Mathlib.AlgebraicGeometry.Cover.Directed (23s)
✔ [4788/4856] Built Mathlib.Analysis.Normed.Group.Completion (8.4s)
✔ [4789/4856] Built Mathlib.Analysis.Normed.Module.Multilinear.Curry (72s)
✔ [4790/4856] Built Mathlib.AlgebraicGeometry.Fiber (15s)
✔ [4791/4856] Built Mathlib.AlgebraicGeometry.Cover.QuasiCompact (24s)
✔ [4792/4857] Built Mathlib.Topology.Algebra.Module.Alternating.Topology (38s)
✔ [4793/4857] Built Mathlib.AlgebraicGeometry.Morphisms.AffineAnd (15s)
✔ [4794/4857] Built Mathlib.Analysis.Calculus.FDeriv.Basic (47s)
✔ [4795/4857] Built Mathlib.AlgebraicGeometry.RelativeGluing (16s)
✔ [4796/4857] Built Mathlib.Analysis.Normed.Module.Completion (9.7s)
✔ [4797/4858] Built Mathlib.AlgebraicGeometry.Geometrically.Basic (8.3s)
✔ [4798/4858] Built Mathlib.AlgebraicGeometry.Morphisms.Flat (42s)
✔ [4799/4858] Built Mathlib.AlgebraicGeometry.Morphisms.ClosedImmersion (14s)
✔ [4800/4858] Built Mathlib.Analysis.Calculus.FDeriv.Comp (15s)
✔ [4801/4858] Built Mathlib.Analysis.Calculus.FormalMultilinearSeries (27s)
✔ [4802/4858] Built Mathlib.Analysis.Calculus.FDeriv.Linear (7.5s)
✔ [4803/4859] Built Mathlib.Analysis.Calculus.FDeriv.Congr (9.8s)
✔ [4804/4859] Built Mathlib.AlgebraicGeometry.Morphisms.UniversallyOpen (7.6s)
✔ [4805/4859] Built Mathlib.Analysis.Normed.Module.Alternating.Basic (33s)
✔ [4806/4859] Built Mathlib.AlgebraicGeometry.EffectiveEpi (6.9s)
✔ [4807/4859] Built Mathlib.AlgebraicGeometry.IdealSheaf.Functorial (6.7s)
✔ [4808/4861] Built Mathlib.AlgebraicGeometry.Morphisms.UniversallyClosed (9.0s)
✔ [4809/4861] Built Mathlib.AlgebraicGeometry.ColimitsOver (23s)
✔ [4810/4861] Built Mathlib.AlgebraicGeometry.Morphisms.Separated (9.6s)
✔ [4811/4861] Built Mathlib.LinearAlgebra.AffineSpace.Slope (5.3s)
✔ [4812/4861] Built Mathlib.AlgebraicGeometry.Geometrically.Irreducible (6.3s)
✔ [4813/4861] Built Mathlib.Analysis.Calculus.FDeriv.Const (9.2s)
✔ [4814/4864] Built Mathlib.AlgebraicGeometry.Morphisms.SchemeTheoreticallyDominant (6.9s)
✔ [4815/4864] Built Mathlib.Topology.Algebra.Module.PerfectSpace (4.6s)
✔ [4816/4864] Built Mathlib.AlgebraicGeometry.Morphisms.Integral (6.2s)
✔ [4817/4864] Built Mathlib.Analysis.Analytic.ConvergenceRadius (21s)
✔ [4818/4864] Built Mathlib.AlgebraicGeometry.Morphisms.Immersion (8.2s)
✔ [4819/4866] Built Mathlib.Analysis.Calculus.FDeriv.RestrictScalars (9.1s)
✔ [4820/4866] Built Mathlib.AlgebraicGeometry.Morphisms.Finite (7.4s)
✔ [4821/4866] Built Mathlib.Analysis.Calculus.Deriv.Basic (19s)
✔ [4822/4866] Built Mathlib.Analysis.Analytic.OfScalars (9.3s)
✔ [4823/4866] Built Mathlib.Analysis.Calculus.FDeriv.Add (33s)
✔ [4824/4866] Built Mathlib.AlgebraicGeometry.QuasiAffine (7.4s)
✔ [4825/4867] Built Mathlib.AlgebraicGeometry.Noetherian (7.3s)
✔ [4826/4868] Built Mathlib.Topology.FiberBundle.IsHomeomorphicTrivialBundle (3.2s)
✔ [4827/4868] Built Mathlib.Analysis.Calculus.FDeriv.Prod (41s)
✔ [4828/4868] Built Mathlib.AlgebraicGeometry.AlgClosed.Basic (6.4s)
✔ [4829/4868] Built Mathlib.Analysis.Calculus.Deriv.Support (5.0s)
✔ [4830/4868] Built Mathlib.Analysis.Calculus.Deriv.Add (15s)
✔ [4831/4868] Built Mathlib.Analysis.Calculus.Deriv.Comp (22s)
✔ [4832/4868] Built Mathlib.Analysis.Analytic.Basic (46s)
✔ [4833/4868] Built Mathlib.AlgebraicGeometry.SpreadingOut (14s)
✔ [4834/4868] Built Mathlib.AlgebraicGeometry.Artinian (10s)
✔ [4835/4868] Built Mathlib.Analysis.Calculus.FDeriv.Equiv (32s)
✔ [4836/4868] Built Mathlib.Analysis.Complex.ReImTopology (7.7s)
✔ [4837/4868] Built Mathlib.Analysis.SpecialFunctions.Complex.CircleMap (7.6s)
✔ [4838/4868] Built Mathlib.Analysis.Calculus.Deriv.Slope (9.8s)
✔ [4839/4868] Built Mathlib.Analysis.Calculus.FDeriv.Bilinear (15s)
✔ [4840/4868] Built Mathlib.AlgebraicGeometry.Geometrically.Reduced (9.3s)
✔ [4841/4869] Built Mathlib.Analysis.Analytic.ChangeOrigin (21s)
✔ [4842/4872] Built Mathlib.AlgebraicGeometry.Birational.RationalMap (16s)
✔ [4843/4872] Built Mathlib.AlgebraicGeometry.Geometrically.Integral (8.7s)
✔ [4844/4872] Built Mathlib.AlgebraicGeometry.Birational.Dominant (6.5s)
✔ [4845/4872] Built Mathlib.Analysis.Analytic.CPolynomialDef (28s)
✔ [4846/4876] Built Mathlib.AlgebraicGeometry.AffineSpace (20s)
✔ [4847/4876] Built Mathlib.AlgebraicGeometry.AffineTransitionLimit (81s)
✔ [4848/4876] Built Mathlib.AlgebraicGeometry.Birational.Composition (8.3s)
✔ [4849/4876] Built Mathlib.AlgebraicGeometry.Birational.Birational (7.0s)
✔ [4850/4883] Built Mathlib.Analysis.Analytic.Linear (12s)
✔ [4851/4883] Built Mathlib.Analysis.Calculus.FDeriv.CompCLM (51s)
✔ [4852/4885] Built Mathlib.Analysis.Calculus.Deriv.Linear (7.3s)
✔ [4853/4885] Built Mathlib.Analysis.Calculus.FDeriv.Affine (7.6s)
✔ [4854/4889] Built Mathlib.Analysis.Calculus.Deriv.AffineMap (7.5s)
✔ [4855/4890] Built Mathlib.Analysis.Calculus.FDeriv.OfCompLeft (10s)
✔ [4856/4894] Built Mathlib.Topology.OpenPartialHomeomorph.IsImage (6.4s)
✔ [4857/4894] Built Mathlib.Analysis.Analytic.Composition (40s)
✔ [4858/4894] Built Mathlib.Analysis.Calculus.Deriv.Inverse (9.5s)
✔ [4859/4895] Built Mathlib.Topology.MetricSpace.CauSeqFilter (6.8s)
✔ [4860/4895] Built Mathlib.Analysis.Normed.Algebra.Exponential (17s)
✔ [4861/4901] Built Mathlib.Analysis.Calculus.LocalExtr.Basic (10s)
✔ [4862/4903] Built Mathlib.Topology.ExtendFrom (6.3s)
✔ [4863/4904] Built Mathlib.Analysis.Analytic.Inverse (29s)
✔ [4864/4905] Built Mathlib.Topology.Order.ExtendFrom (5.0s)
✔ [4865/4905] Built Mathlib.Analysis.Calculus.ContDiff.FTaylorSeries (62s)
✔ [4866/4905] Built Mathlib.MeasureTheory.Constructions.BorelSpace.ContinuousLinearMap (8.1s)
✔ [4867/4905] Built Mathlib.MeasureTheory.Integral.Bochner.FundThmCalculus (7.1s)
✔ [4868/4905] Built Mathlib.Topology.Order.Rolle (4.6s)
✔ [4869/4909] Built Mathlib.MeasureTheory.Integral.Bochner.VitaliCaratheodory (9.3s)
✔ [4870/4913] Built Mathlib.Analysis.Calculus.LocalExtr.Rolle (6.6s)
✔ [4871/4915] Built Mathlib.Analysis.Calculus.FDeriv.Measurable (19s)
✔ [4872/4917] Built Mathlib.Geometry.Convex.Cone.Basic (17s)
✔ [4873/4917] Built Mathlib.Analysis.Convex.Gauge (18s)
✔ [4874/4919] Built Mathlib.Analysis.RCLike.Extend (16s)
✔ [4875/4922] Built Mathlib.Geometry.Convex.Cone.Pointed (12s)
✔ [4876/4922] Built Mathlib.Analysis.Analytic.Constructions (73s)
✔ [4877/4922] Built Mathlib.MeasureTheory.Topology (6.2s)
✔ [4878/4922] Built Mathlib.Topology.Algebra.IsUniformGroup.Order (5.6s)
✔ [4879/4923] Built Mathlib.Topology.ContinuousMap.ContinuousMapZero (22s)
✔ [4880/4923] Built Mathlib.Analysis.Calculus.TangentCone.Prod (7.0s)
✔ [4881/4923] Built Mathlib.Analysis.Convex.Cone.Extension (9.2s)
✔ [4882/4927] Built Mathlib.Analysis.Analytic.Within (7.5s)
✔ [4883/4928] Built Mathlib.Analysis.Analytic.Uniqueness (10s)
✔ [4884/4931] Built Mathlib.Order.Filter.AtTopBot.Floor (4.8s)
✔ [4885/4934] Built Mathlib.Analysis.LocallyConvex.Separation (14s)
✔ [4886/4935] Built Mathlib.Topology.Algebra.Order.Floor (6.0s)
✔ [4887/4935] Built Mathlib.Analysis.BoxIntegral.DivergenceTheorem (11s)
✔ [4888/4935] Built Mathlib.MeasureTheory.Function.LpSeminorm.Prod (5.3s)
✔ [4889/4941] Built Mathlib.MeasureTheory.Measure.Lebesgue.Complex (6.6s)
✔ [4890/4942] Built Mathlib.Analysis.Analytic.CPolynomial (29s)
✔ [4891/4942] Built Mathlib.FieldTheory.PolynomialGaloisGroup (10s)
✔ [4892/4942] Built Mathlib.RingTheory.MvPolynomial.Symmetric.Defs (6.6s)
✔ [4893/4945] Built Mathlib.Analysis.LocallyConvex.SeparatingDual (16s)
✔ [4894/4945] Built Mathlib.Topology.Maps.Proper.CompactlyGenerated (6.4s)
✔ [4895/4945] Built Mathlib.RingTheory.Valuation.Archimedean (7.9s)
✔ [4896/4945] Built Mathlib.RingTheory.Polynomial.Vieta (5.9s)
✔ [4897/4949] Built Mathlib.Analysis.Normed.Operator.CompleteCodomain (8.0s)
✔ [4898/4949] Built Mathlib.Topology.Algebra.Polynomial (9.2s)
✔ [4899/4949] Built Mathlib.Topology.MetricSpace.Ultra.Basic (7.1s)
✔ [4900/4952] Built Mathlib.Data.Real.Embedding (11s)
✔ [4901/4955] Built Mathlib.Analysis.Normed.Group.Ultra (12s)
✔ [4902/4956] Built Mathlib.RingTheory.Valuation.RankOne (13s)
✔ [4903/4957] Built Mathlib.MeasureTheory.Integral.Bochner.ContinuousLinearMap (18s)
✔ [4904/4957] Built Mathlib.RingTheory.MvPowerSeries.LexOrder (7.4s)
✔ [4905/4957] Built Mathlib.RingTheory.PowerSeries.NoZeroDivisors (6.8s)
✔ [4906/4957] Built Mathlib.AlgebraicGeometry.EllipticCurve.ModelsWithJ (10s)
✔ [4907/4958] Built Mathlib.RingTheory.Valuation.Discrete.RankOne (13s)
✔ [4908/4958] Built Mathlib.Topology.Algebra.Valued.NormedValued (17s)
✔ [4909/4960] Built Mathlib.Analysis.Calculus.FDeriv.Analytic (54s)
✔ [4910/4960] Built Mathlib.RingTheory.MvPowerSeries.NoZeroDivisors (8.2s)
✔ [4911/4960] Built Mathlib.AlgebraicGeometry.EllipticCurve.Projective.Basic (18s)
✔ [4912/4960] Built Mathlib.MeasureTheory.Integral.IntervalIntegral.Basic (29s)
✔ [4913/4960] Built Mathlib.Analysis.SpecialFunctions.Exponential (13s)
✔ [4914/4960] Built Mathlib.AlgebraicGeometry.Geometrically.Connected (9.2s)
✔ [4915/4961] Built Mathlib.RingTheory.MvPowerSeries.Inverse (6.7s)
✔ [4916/4961] Built Mathlib.Analysis.Calculus.ContDiff.Defs (58s)
✔ [4917/4961] Built Mathlib.Analysis.Calculus.ContDiff.FaaDiBruno (57s)
✔ [4918/4961] Built Mathlib.MeasureTheory.Integral.DominatedConvergence (13s)
✔ [4919/4961] Built Mathlib.RingTheory.PowerSeries.Inverse (8.7s)
✔ [4920/4964] Built Mathlib.AlgebraicGeometry.Sites.Pretopology (7.2s)
✔ [4921/4964] Built Mathlib.MeasureTheory.Integral.Prod (15s)
✔ [4922/4964] Built Mathlib.Analysis.Calculus.FDeriv.Mul (87s)
✔ [4923/4965] Built Mathlib.Analysis.Calculus.ContDiff.Basic (29s)
✔ [4924/4965] Built Mathlib.CategoryTheory.Limits.Types.Multiequalizer (3.9s)
✔ [4925/4965] Built Mathlib.MeasureTheory.Measure.Haar.Quotient (20s)
✔ [4926/4965] Built Mathlib.AlgebraicGeometry.EllipticCurve.Projective.Formula (70s)
✔ [4927/4965] Built Mathlib.Analysis.Calculus.DSlope (10s)
✔ [4928/4965] Built Mathlib.MeasureTheory.Integral.IntervalIntegral.FundThmCalculus (22s)
✔ [4929/4965] Built Mathlib.MeasureTheory.Integral.DivergenceTheorem (20s)
✔ [4930/4965] Built Mathlib.Analysis.Calculus.DiffContOnCl (8.2s)
✔ [4931/4969] Built Mathlib.CategoryTheory.Sites.Preserves (5.3s)
✔ [4932/4969] Built Mathlib.Analysis.Calculus.FDeriv.Pow (18s)
✔ [4933/4969] Built Mathlib.CategoryTheory.Sites.Hypercover.SheafOfTypes (5.7s)
✔ [4934/4969] Built Mathlib.Analysis.Calculus.ContDiff.Comp (23s)
✔ [4935/4969] Built Mathlib.AlgebraicGeometry.EllipticCurve.Projective.Point (11s)
✔ [4936/4969] Built Mathlib.MeasureTheory.Integral.IntervalIntegral.Periodic (14s)
✔ [4937/4969] Built Mathlib.Topology.Category.TopCat.ULift (5.8s)
✔ [4938/4969] Built Mathlib.Analysis.Calculus.Deriv.Mul (40s)
✔ [4939/4969] Built Mathlib.Analysis.Analytic.IsolatedZeros (16s)
✔ [4940/4969] Built Mathlib.Analysis.Calculus.Deriv.Pow (9.4s)
✔ [4941/4969] Built Mathlib.CategoryTheory.Sites.CoproductSheafCondition (6.1s)
✔ [4942/4969] Built Mathlib.Topology.Category.TopCat.GrothendieckTopology (6.5s)
✔ [4943/4969] Built Mathlib.Analysis.Calculus.ContDiff.Deriv (8.1s)
✔ [4944/4969] Built Mathlib.Analysis.Calculus.Deriv.MeanValue (8.9s)
✔ [4945/4969] Built Mathlib.Analysis.Calculus.Deriv.CompMul (5.5s)
✔ [4946/4969] Built Mathlib.Analysis.Calculus.Deriv.Inv (9.0s)
✔ [4947/4969] Built Mathlib.Analysis.Calculus.Deriv.Polynomial (8.4s)
✔ [4948/4969] Built Mathlib.Analysis.Calculus.MeanValue (16s)
✔ [4949/4971] Built Mathlib.AlgebraicGeometry.Sites.BigZariski (7.2s)
✔ [4950/4971] Built Mathlib.Analysis.Calculus.Deriv.Shift (6.1s)
✔ [4951/4971] Built Mathlib.Analysis.Calculus.IteratedDeriv.Defs (8.7s)
✔ [4952/4972] Built Mathlib.Analysis.Calculus.ContDiff.RCLike (9.4s)
✔ [4953/4972] Built Mathlib.AlgebraicGeometry.GluingOneHypercover (5.9s)
✔ [4954/4972] Built Mathlib.RingTheory.Smooth.Locus (8.1s)
✔ [4955/4976] Built Mathlib.RingTheory.RingHom.Unramified (6.3s)
✔ [4956/4977] Built Mathlib.Analysis.Calculus.Deriv.ZPow (8.4s)
✔ [4957/4978] Built Mathlib.RingTheory.RingHom.Smooth (6.1s)
✔ [4958/4980] Built Mathlib.RingTheory.Smooth.Pi (9.0s)
✔ [4959/4980] Built Mathlib.RingTheory.Unramified.Pi (9.3s)
✔ [4960/4980] Built Mathlib.Analysis.Calculus.LogDeriv (9.5s)
✔ [4961/4980] Built Mathlib.Analysis.Calculus.ContDiff.Operations (57s)
✔ [4962/4980] Built Mathlib.RingTheory.Etale.Pi (4.7s)
✔ [4963/4980] Built Mathlib.RingTheory.Etale.Locus (6.5s)
✔ [4964/4980] Built Mathlib.RingTheory.Smooth.Local (9.0s)
✔ [4965/4985] Built Mathlib.Analysis.Complex.RealDeriv (7.0s)
✔ [4966/4986] Built Mathlib.LinearAlgebra.SModEq.Pointwise (3.7s)
✔ [4967/4988] Built Mathlib.RingTheory.Etale.Field (14s)
✔ [4968/4988] Built Mathlib.RingTheory.Kaehler.TensorProduct (25s)
✔ [4969/4989] Built Mathlib.RingTheory.Extension.Presentation.Submersive (9.7s)
✔ [4970/4991] Built Mathlib.RingTheory.AdicCompletion.Algebra (19s)
✔ [4971/4991] Built Mathlib.LinearAlgebra.Basis.Exact (6.6s)
✔ [4972/4993] Built Mathlib.RingTheory.Extension.Presentation.Core (16s)
✔ [4973/4993] Built Mathlib.Analysis.Calculus.IteratedDeriv.Lemmas (45s)
✔ [4974/5000] Built Mathlib.RingTheory.Smooth.AdicCompletion (6.8s)
✔ [4975/5000] Built Mathlib.RingTheory.Smooth.StandardSmooth (5.6s)
✔ [4976/5003] Built Mathlib.RingTheory.Smooth.Fiber (31s)
✔ [4977/5003] Built Mathlib.Analysis.SpecialFunctions.ExpDeriv (9.5s)
✔ [4978/5003] Built Mathlib.RingTheory.Extension.Cotangent.Free (6.9s)
✔ [4979/5006] Built Mathlib.RingTheory.AdicCompletion.Functoriality (17s)
✔ [4980/5006] Built Mathlib.RingTheory.Smooth.StandardSmoothCotangent (9.9s)
✔ [4981/5006] Built Mathlib.AlgebraicGeometry.Morphisms.Proper (9.7s)
✔ [4982/5006] Built Mathlib.FieldTheory.SeparablyGenerated (16s)
✔ [4983/5008] Built Mathlib.RingTheory.AdicCompletion.Exactness (15s)
✔ [4984/5010] Built Mathlib.Analysis.SpecialFunctions.Log.Deriv (19s)
✔ [4985/5010] Built Mathlib.RingTheory.Smooth.Field (8.9s)
✔ [4986/5010] Built Mathlib.AlgebraicGeometry.Morphisms.FormallyUnramified (13s)
✔ [4987/5010] Built Mathlib.RingTheory.Extension.Cotangent.LocalizationAway (20s)
✔ [4988/5013] Built Mathlib.AlgebraicGeometry.Morphisms.LocalClosure (11s)
✔ [4989/5013] Built Mathlib.RingTheory.AdicCompletion.AsTensorProduct (20s)
✔ [4990/5013] Built Mathlib.Analysis.SpecialFunctions.NonIntegrable (13s)
✔ [4991/5013] Built Mathlib.CategoryTheory.MorphismProperty.Descent (10s)
✔ [4992/5015] Built Mathlib.RingTheory.RingHom.Injective (5.0s)
✔ [4993/5015] Built Mathlib.AlgebraicGeometry.Morphisms.LocalIso (7.6s)
✔ [4994/5016] Built Mathlib.RingTheory.RingHom.OpenImmersion (6.6s)
✔ [4995/5017] Built Mathlib.RingTheory.Flat.FaithfullyFlat.Descent (7.9s)
✔ [4996/5017] Built Mathlib.MeasureTheory.Integral.CircleIntegral (17s)
✔ [4997/5017] Built Mathlib.AlgebraicGeometry.Morphisms.Descent (9.1s)
✔ [4998/5019] Built Mathlib.RingTheory.Algebraic.StronglyTranscendental (11s)
✔ [4999/5019] Built Mathlib.RingTheory.Conductor (10s)
✔ [5000/5019] Built Mathlib.RingTheory.RingHom.QuasiFinite (19s)
✔ [5001/5021] Built Mathlib.RingTheory.Extension.Cotangent.Basis (37s)
✔ [5002/5021] Built Mathlib.AlgebraicGeometry.Morphisms.FlatDescent (9.4s)
✔ [5003/5021] Built Mathlib.RingTheory.IntegralClosure.Algebra.Ideal (7.0s)
✔ [5004/5023] Built Mathlib.Analysis.Complex.CauchyIntegral (11s)
✔ [5005/5026] Built Mathlib.RingTheory.Smooth.StandardSmoothOfFree (10s)
✔ [5006/5030] Built Mathlib.RingTheory.IntegralClosure.IsIntegral.AlmostIntegral (6.8s)
✔ [5007/5030] Built Mathlib.Analysis.Complex.Liouville (6.6s)
✔ [5008/5030] Built Mathlib.RingTheory.IntegralClosure.GoingDown (7.5s)
✔ [5009/5030] Built Mathlib.FieldTheory.RatFunc.Defs (4.6s)
✔ [5010/5030] Built Mathlib.RingTheory.Valuation.IsTrivialOn (4.8s)
✔ [5011/5031] Built Mathlib.Analysis.Complex.Polynomial.Basic (9.0s)
✔ [5012/5031] Built Mathlib.RingTheory.QuasiFinite.Weakly (17s)
✔ [5013/5031] Built Mathlib.RingTheory.Polynomial.IsIntegral (19s)
✔ [5014/5035] Built Mathlib.RingTheory.Smooth.NoetherianDescent (28s)
✔ [5015/5035] Built Mathlib.NumberTheory.NumberField.InfinitePlace.Embeddings (8.4s)
✔ [5016/5035] Built Mathlib.RingTheory.Smooth.Flat (5.5s)
✔ [5017/5035] Built Mathlib.AlgebraicGeometry.Sites.SmallAffineZariski (12s)
✔ [5018/5038] Built Mathlib.RingTheory.RingHom.Etale (6.8s)
✔ [5019/5041] Built Mathlib.FieldTheory.RatFunc.Basic (29s)
✔ [5020/5043] Built Mathlib.RingTheory.Polynomial.DegreeLT (7.1s)
✔ [5021/5043] Built Mathlib.RingTheory.Etale.StandardEtale (23s)
✔ [5022/5043] Built Mathlib.NumberTheory.NumberField.Completion.FinitePlace (18s)
✔ [5023/5043] Built Mathlib.RingTheory.Ideal.Quotient.Over (4.6s)
✔ [5024/5043] Built Mathlib.RingTheory.RingHom.StandardSmooth (10s)
✔ [5025/5043] Built Mathlib.FieldTheory.RatFunc.AsPolynomial (12s)
✔ [5026/5043] Built Mathlib.AlgebraicGeometry.EllipticCurve.LFunction (12s)
✔ [5027/5044] Built Mathlib.RingTheory.RingHom.LocallyStandardSmooth (8.7s)
✔ [5028/5044] Built Mathlib.RingTheory.Polynomial.Resultant.Basic (27s)
✔ [5029/5050] Built Mathlib.CategoryTheory.Monoidal.Cartesian.Grp (29s)
✔ [5030/5050] Built Mathlib.RingTheory.Finiteness.Descent (9.0s)
✔ [5031/5051] Built Mathlib.RingTheory.Ideal.CotangentBaseChange (12s)
✔ [5032/5051] Built Mathlib.RingTheory.LocalRing.ResidueField.Polynomial (29s)
✔ [5033/5052] Built Mathlib.AlgebraicGeometry.Morphisms.Smooth (18s)
✔ [5034/5052] Built Mathlib.AlgebraicGeometry.IdealSheaf.IrreducibleComponent (7.7s)
✔ [5035/5052] Built Mathlib.AlgebraicGeometry.LimitsOver (10s)
✔ [5036/5052] Built Mathlib.RingTheory.QuasiFinite.Polynomial (10s)
✔ [5037/5052] Built Mathlib.AlgebraicGeometry.Morphisms.Etale (7.7s)
✔ [5038/5052] Built Mathlib.AlgebraicGeometry.Modules.Presheaf (4.8s)
✔ [5039/5054] Built Mathlib.RingTheory.Extension.Cotangent.BaseChange (23s)
✔ [5040/5054] Built Mathlib.RingTheory.Etale.Descent (6.3s)
✔ [5041/5057] Built Mathlib.CategoryTheory.Bicategory.Functor.StrictlyUnitary (9.7s)
✔ [5042/5062] Built Mathlib.AlgebraicGeometry.Morphisms.LocalFlatDescent (5.7s)
✔ [5043/5063] Built Mathlib.CategoryTheory.Bicategory.Functor.StrictPseudofunctor (6.0s)
✔ [5044/5063] Built Mathlib.Tactic.CategoryTheory.BicategoricalComp (3.8s)
✔ [5045/5067] Built Mathlib.AlgebraicGeometry.Group.Smooth (6.8s)
✔ [5046/5068] Built Mathlib.Tactic.CategoryTheory.Bicategory.Datatypes (7.6s)
✔ [5047/5068] Built Mathlib.RingTheory.Polynomial.UniversalFactorizationRing (61s)
✔ [5048/5068] Built Mathlib.Topology.Sheaves.Over (7.3s)
✔ [5049/5069] Built Mathlib.Tactic.CategoryTheory.Bicategory.PureCoherence (7.6s)
✔ [5050/5071] Built Mathlib.Tactic.CategoryTheory.Bicategory.Normalize (8.8s)
✔ [5051/5072] Built Mathlib.AlgebraicGeometry.Morphisms.FlatMono (6.1s)
✔ [5052/5072] Built Mathlib.Topology.Sheaves.Module (6.7s)
✔ [5053/5073] Built Mathlib.RingTheory.Finiteness.ModuleFinitePresentation (5.6s)
✔ [5054/5073] Built Mathlib.Tactic.CategoryTheory.Bicategory.Basic (9.5s)
✔ [5055/5073] Built Mathlib.AlgebraicGeometry.Morphisms.SmoothFiber (9.7s)
✔ [5056/5073] Built Mathlib.RingTheory.Flat.Rank (11s)
✔ [5057/5077] Built Mathlib.AlgebraicGeometry.Morphisms.WeaklyEtale (8.4s)
✔ [5058/5078] Built Mathlib.AlgebraicGeometry.Morphisms.FlatRank (8.4s)
✔ [5059/5078] Built Mathlib.RingTheory.KrullDimension.NonZeroDivisors (6.3s)
✔ [5060/5079] Built Mathlib.CategoryTheory.Bicategory.Adjunction.Basic (11s)
✔ [5061/5079] Built Mathlib.RingTheory.ZariskisMainTheorem (66s)
✔ [5062/5080] Built Mathlib.AlgebraicGeometry.PointsPi (11s)
✔ [5063/5080] Built Mathlib.RingTheory.OrderOfVanishing.Basic (11s)
✔ [5064/5080] Built Mathlib.AlgebraicGeometry.ProjectiveSpectrum.Topology (11s)
✔ [5065/5080] Built Mathlib.CategoryTheory.Bicategory.Adjunction.Mate (22s)
✔ [5066/5080] Built Mathlib.RingTheory.GradedAlgebra.FiniteType (9.0s)
✔ [5067/5084] Built Mathlib.AlgebraicGeometry.Morphisms.QuasiFinite (23s)
✔ [5068/5087] Built Mathlib.RingTheory.OrderOfVanishing.Noetherian (11s)
✔ [5069/5087] Built Mathlib.Data.FunLike.Graded (3.7s)
✔ [5070/5087] Built Mathlib.CategoryTheory.Bicategory.Adjunction.Adj (11s)
✔ [5071/5087] Built Mathlib.RingTheory.Unramified.LocalStructure (43s)
✔ [5072/5089] Built Mathlib.AlgebraicGeometry.OrderOfVanishing (8.8s)
✔ [5073/5089] Built Mathlib.RingTheory.GradedAlgebra.Radical (7.6s)
✔ [5074/5089] Built Mathlib.RingTheory.GradedAlgebra.RingHom (7.7s)
✔ [5075/5089] Built Mathlib.CategoryTheory.Bicategory.Adjunction.Cat (6.9s)
✔ [5076/5090] Built Mathlib.RingTheory.GradedAlgebra.Homogeneous.Maps (7.2s)
✔ [5077/5094] Built Mathlib.RingTheory.Etale.QuasiFinite (76s)
✔ [5078/5095] Built Mathlib.RingTheory.Smooth.IntegralClosure (32s)
✔ [5079/5095] Built Mathlib.RingTheory.LocalRing.LocalSubring (9.5s)
✔ [5080/5095] Built Mathlib.RingTheory.Valuation.Integral (5.9s)
✔ [5081/5098] Built Mathlib.RingTheory.GradedAlgebra.HomogeneousLocalization (32s)
✔ [5082/5098] Built Mathlib.AlgebraicGeometry.RationalMap (4.8s)
✔ [5083/5098] Built Mathlib.RingTheory.Valuation.LocalSubring (12s)
✔ [5084/5098] Built Mathlib.AlgebraicGeometry.Sites.Small (9.7s)
✔ [5085/5098] Built Mathlib.AlgebraicGeometry.ProjectiveSpectrum.StructureSheaf (14s)
✔ [5086/5098] Built Mathlib.CategoryTheory.Sites.DenseSubsite.OneHypercoverDense (16s)
✔ [5087/5099] Built Mathlib.AlgebraicGeometry.ValuativeCriterion (11s)
✔ [5088/5099] Built Mathlib.AlgebraicGeometry.Sites.Affine (8.7s)
✔ [5089/5102] Built Mathlib.CategoryTheory.Limits.Elements (4.3s)
✔ [5090/5103] Built Mathlib.AlgebraicGeometry.Modules.Sheaf (81s)
✔ [5091/5103] Built Mathlib.CategoryTheory.Abelian.GrothendieckAxioms.Types (3.7s)
✔ [5092/5105] Built Mathlib.CategoryTheory.Abelian.GrothendieckAxioms.FunctorCategory (3.6s)
✔ [5093/5105] Built Mathlib.AlgebraicGeometry.ProjectiveSpectrum.Scheme (27s)
✔ [5094/5109] Built Mathlib.CategoryTheory.Generator.Presheaf (5.4s)
✔ [5095/5109] Built Mathlib.AlgebraicGeometry.Normalization (64s)
✔ [5096/5109] Built Mathlib.CategoryTheory.Sites.Point.Basic (10s)
✔ [5097/5109] Built Mathlib.CategoryTheory.Generator.Sheaf (4.6s)
✔ [5098/5109] Built Mathlib.CategoryTheory.Sites.ConstantSheaf (6.5s)
✔ [5099/5109] Built Mathlib.AlgebraicGeometry.Sites.Etale (10s)
✔ [5100/5112] Built Mathlib.AlgebraicGeometry.ProjectiveSpectrum.Basic (23s)
✔ [5101/5115] Built Mathlib.CategoryTheory.Sites.Abelian (5.0s)
✔ [5102/5115] Built Mathlib.AlgebraicGeometry.ZariskisMainTheorem (22s)
✔ [5103/5115] Built Mathlib.CategoryTheory.Sites.Hypercover.ZeroFamily (5.9s)
✔ [5104/5115] Built Mathlib.CategoryTheory.Abelian.GrothendieckAxioms.Sheaf (5.2s)
✔ [5105/5115] Built Mathlib.CategoryTheory.Sites.EffectiveEpimorphic (6.5s)
✔ [5106/5115] Built Mathlib.AlgebraicGeometry.ProjectiveSpectrum.Functor (29s)
✔ [5107/5115] Built Mathlib.AlgebraicGeometry.ProjectiveSpectrum.Proper (33s)
✔ [5108/5117] Built Mathlib.AlgebraicGeometry.Sites.QuasiCompact (7.8s)
✔ [5109/5117] Built Mathlib.AlgebraicGeometry.Sites.AffineEtale (10s)
✔ [5110/5118] Built Mathlib.CategoryTheory.Comma.Over.StrictInitial (4.6s)
✔ [5111/5120] Built Mathlib.CategoryTheory.MorphismProperty.CommaSites (4.2s)
✔ [5112/5120] Built Mathlib.AlgebraicGeometry.Sites.SheafQuasiCompact (7.5s)
✔ [5113/5121] Built Mathlib.AlgebraicGeometry.Group.Abelian (35s)
✔ [5114/5121] Built Mathlib.CategoryTheory.Sites.SubcanonicalOver (5.8s)
✔ [5115/5124] Built Mathlib.CategoryTheory.Sites.Subcanonical (10s)
✔ [5116/5126] Built Mathlib.CategoryTheory.Abelian.CommSq (6.3s)
✔ [5117/5127] Built Mathlib.AlgebraicGeometry.Sites.Fpqc (8.5s)
✔ [5118/5127] Built Mathlib.CategoryTheory.Abelian.GrothendieckAxioms.Colim (7.0s)
✔ [5119/5127] Built Mathlib.CategoryTheory.Limits.Shapes.Preorder.PrincipalSeg (3.6s)
✔ [5120/5127] Built Mathlib.Data.Fin.SuccPredOrder (3.5s)
✔ [5121/5131] Built Mathlib.AlgebraicGeometry.Sites.ConstantSheaf (7.2s)
✔ [5122/5131] Built Mathlib.Order.Interval.Set.InitialSeg (5.0s)
✔ [5123/5131] Built Mathlib.AlgebraicGeometry.Sites.Proetale (8.1s)
✔ [5124/5131] Built Mathlib.Order.SetIsMax (2.4s)
✔ [5125/5136] Built Mathlib.CategoryTheory.Limits.Shapes.Preorder.Fin (3.3s)
✔ [5126/5137] Built Mathlib.Order.Interval.Set.Limit (3.4s)
✔ [5127/5137] Built Mathlib.CategoryTheory.Limits.Shapes.Preorder.Basic (3.3s)
✔ [5128/5140] Built Mathlib.CategoryTheory.Abelian.GrothendieckCategory.Subobject (8.9s)
✔ [5129/5140] Built Mathlib.AlgebraicGeometry.Modules.Tilde (114s)
✔ [5130/5140] Built Mathlib.Order.Interval.Set.Final (3.6s)
✔ [5131/5140] Built Mathlib.CategoryTheory.Limits.Shapes.Preorder.WellOrderContinuous (4.0s)
✔ [5132/5142] Built Mathlib.Order.Interval.Set.SuccOrder (3.5s)
✔ [5133/5143] Built Mathlib.CategoryTheory.Limits.Shapes.Preorder.HasIterationOfShape (4.2s)
✔ [5134/5144] Built Mathlib.Order.Shrink (3.6s)
✔ [5135/5147] Built Mathlib.CategoryTheory.Limits.Preserves.Shapes.Preorder (4.1s)
✔ [5136/5150] Built Mathlib.CategoryTheory.Abelian.GrothendieckCategory.ColimCoyoneda (8.3s)
✔ [5137/5153] Built Mathlib.AlgebraicTopology.RelativeCellComplex.AttachCells (5.7s)
✔ [5138/5156] Built Mathlib.CategoryTheory.MorphismProperty.IsSmall (3.5s)
✔ [5139/5156] Built Mathlib.CategoryTheory.Limits.Shapes.Preorder.TransfiniteCompositionOfShape (6.0s)
✔ [5140/5158] Built Mathlib.CategoryTheory.SmallObject.Iteration.Basic (9.4s)
✔ [5141/5158] Built Mathlib.CategoryTheory.SmallObject.WellOrderInductionData (8.1s)
✔ [5142/5158] Built Mathlib.CategoryTheory.Subobject.HasCardinalLT (3.7s)
✔ [5143/5158] Built Mathlib.CategoryTheory.SmallObject.Construction (9.5s)
✔ [5144/5163] Built Mathlib.CategoryTheory.SmallObject.Iteration.FunctorOfCocone (6.1s)
✔ [5145/5164] Built Mathlib.CategoryTheory.MorphismProperty.TransfiniteComposition (8.3s)
✔ [5146/5164] Built Mathlib.CategoryTheory.SmallObject.Iteration.ExtendToSucc (6.8s)
✔ [5147/5165] Built Mathlib.CategoryTheory.Adjunction.Additive (5.0s)
✔ [5148/5165] Built Mathlib.NumberTheory.Padics.PadicVal.Basic (5.5s)
✔ [5149/5166] Built Mathlib.AlgebraicTopology.RelativeCellComplex.Basic (4.0s)
✔ [5150/5166] Built Mathlib.CategoryTheory.Functor.TypeValuedFlat (7.8s)
✔ [5151/5166] Built Mathlib.CategoryTheory.Abelian.GrothendieckCategory.Monomorphisms (3.8s)
✔ [5152/5166] Built Mathlib.CategoryTheory.SmallObject.TransfiniteCompositionLifting (9.1s)
✔ [5153/5166] Built Mathlib.CategoryTheory.SmallObject.Iteration.Nonempty (5.4s)
✔ [5154/5168] Built Mathlib.CategoryTheory.Sites.Point.Category (5.4s)
✔ [5155/5171] Built Mathlib.NumberTheory.Padics.PadicNorm (4.3s)
✔ [5156/5171] Built Mathlib.CategoryTheory.Limits.EpiMono (3.6s)
✔ [5157/5171] Built Mathlib.CategoryTheory.SmallObject.TransfiniteIteration (7.2s)
✔ [5158/5173] Built Mathlib.CategoryTheory.Types.Epimorphisms (4.2s)
✔ [5159/5173] Built Mathlib.CategoryTheory.Sites.Point.Skyscraper (13s)
✔ [5160/5174] Built Mathlib.CategoryTheory.Functor.ReflectsIso.Jointly (4.8s)
✔ [5161/5174] Built Mathlib.CategoryTheory.Sites.SheafCohomology.Basic (23s)
✔ [5162/5174] Built Mathlib.NumberTheory.Padics.PadicNumbers (15s)
✔ [5163/5174] Built Mathlib.CategoryTheory.SmallObject.IsCardinalForSmallObjectArgument (9.9s)
✔ [5164/5174] Built Mathlib.CategoryTheory.Sites.Point.Conservative (6.6s)
✔ [5165/5174] Built Mathlib.AlgebraicTopology.DoldKan.Compatibility (7.9s)
✔ [5166/5174] Built Mathlib.CategoryTheory.SmallObject.Basic (4.9s)
✔ [5167/5181] Built Mathlib.CategoryTheory.MorphismProperty.Representable (13s)
✔ [5168/5181] Built Mathlib.AlgebraicTopology.DoldKan.Notations (5.0s)
✔ [5169/5181] Built Mathlib.NumberTheory.Padics.PadicIntegers (12s)
✔ [5170/5183] Built Mathlib.AlgebraicGeometry.Sites.EtalePoint (11s)
✔ [5171/5183] Built Mathlib.AlgebraicTopology.DoldKan.Homotopies (5.3s)
✔ [5172/5187] Built Mathlib.CategoryTheory.Abelian.GrothendieckCategory.EnoughInjectives (12s)
✔ [5173/5189] Built Mathlib.AlgebraicGeometry.Sites.Representability (8.0s)
✔ [5174/5196] Built Mathlib.AlgebraicTopology.SimplicialObject.Split (6.1s)
✔ [5175/5196] Built Mathlib.CategoryTheory.Abelian.GrothendieckCategory.HasExt (4.8s)
✔ [5176/5197] Built Mathlib.AlgebraicTopology.DoldKan.Faces (7.2s)
✔ [5177/5197] Built Mathlib.CategoryTheory.Idempotents.KaroubiKaroubi (5.4s)
✔ [5178/5197] Built Mathlib.CategoryTheory.Idempotents.HomologicalComplex (7.2s)
✔ [5179/5198] Built Mathlib.CategoryTheory.Idempotents.SimplicialObject (4.6s)
✔ [5180/5203] Built Mathlib.Combinatorics.Quiver.ReflQuiver (4.2s)
✔ [5181/5203] Built Mathlib.AlgebraicTopology.DoldKan.Projections (5.9s)
✔ [5182/5209] Built Mathlib.Topology.Category.TopCat.Monoidal (5.9s)
✔ [5183/5210] Built Mathlib.Combinatorics.Quiver.Cast (2.3s)
✔ [5184/5211] Built Mathlib.Topology.ContinuousMap.Ordered (4.4s)
✔ [5185/5219] Built Mathlib.AlgebraicGeometry.Sites.ElladicCohomology (12s)
✔ [5186/5221] Built Mathlib.Combinatorics.Quiver.SingleObj (2.5s)
✔ [5187/5221] Built Mathlib.AlgebraicTopology.DoldKan.PInfty (5.9s)
✔ [5188/5222] Built Mathlib.CategoryTheory.Localization.CalculusOfFractions.OfAdjunction (3.2s)
✔ [5189/5222] Built Mathlib.AlgebraicTopology.ModelCategory.CofibrantObjectHomotopy (5.8s)
✔ [5190/5223] Built Mathlib.CategoryTheory.SingleObj (4.9s)
✔ [5191/5223] Built Mathlib.CategoryTheory.Quotient.LocallySmall (3.5s)
✔ [5192/5224] Built Mathlib.Topology.Homotopy.Basic (9.2s)
✔ [5193/5224] Built Mathlib.AlgebraicTopology.DoldKan.FunctorN (4.6s)
✔ [5194/5225] Built Mathlib.AlgebraicTopology.ModelCategory.DerivabilityStructureCofibrant (3.6s)
✔ [5195/5225] Built Mathlib.AlgebraicTopology.DoldKan.Decomposition (5.0s)
✔ [5196/5225] Built Mathlib.AlgebraicTopology.DoldKan.FunctorGamma (7.4s)
✔ [5197/5225] Built Mathlib.CategoryTheory.Groupoid.Grpd.Basic (3.3s)
✔ [5198/5225] Built Mathlib.Topology.Homotopy.Equiv (4.4s)
✔ [5199/5225] Built Mathlib.Topology.Homotopy.TopCat.Basic (4.9s)
✔ [5200/5225] Built Mathlib.AlgebraicTopology.ModelCategory.BifibrantObjectHomotopy (8.1s)
✔ [5201/5225] Built Mathlib.AlgebraicTopology.ModelCategory.JoyalTrick (4.5s)
✔ [5202/5227] Built Mathlib.Topology.Homotopy.Path (9.5s)
✔ [5203/5227] Built Mathlib.AlgebraicTopology.ModelCategory.Opposite (3.9s)
✔ [5204/5228] Built Mathlib.AlgebraicTopology.DoldKan.Normalized (5.8s)
✔ [5205/5228] Built Mathlib.AlgebraicTopology.DoldKan.NReflectsIso (5.3s)
✔ [5206/5228] Built Mathlib.AlgebraicTopology.DoldKan.Degeneracies (6.4s)
✔ [5207/5228] Built Mathlib.AlgebraicTopology.ModelCategory.FundamentalLemma (5.2s)
✔ [5208/5228] Built Mathlib.CategoryTheory.LiftingProperties.Over (4.5s)
✔ [5209/5228] Built Mathlib.Topology.Category.TopPair (9.8s)
✔ [5210/5228] Built Mathlib.Topology.Homotopy.Contractible (4.0s)
✔ [5211/5228] Built Mathlib.Topology.Homotopy.Product (6.1s)
✔ [5212/5228] Built Mathlib.AlgebraicTopology.DoldKan.HomotopyEquivalence (6.9s)
✔ [5213/5228] Built Mathlib.AlgebraicTopology.ModelCategory.Transport (5.8s)
✔ [5214/5230] Built Mathlib.AlgebraicTopology.ModelCategory.Over (6.2s)
✔ [5215/5231] Built Mathlib.AlgebraicTopology.FundamentalGroupoid.Basic (17s)
✔ [5216/5232] Built Mathlib.CategoryTheory.Subfunctor.Equalizer (5.1s)
✔ [5217/5232] Built Mathlib.AlgebraicTopology.EilenbergSteenrod (9.0s)
✔ [5218/5232] Built Mathlib.AlgebraicTopology.DoldKan.SplitSimplicialObject (8.9s)
✔ [5219/5233] Built Mathlib.AlgebraicTopology.FundamentalGroupoid.PUnit (5.4s)
✔ [5220/5233] Built Mathlib.AlgebraicTopology.FundamentalGroupoid.FundamentalGroup (5.3s)
✔ [5221/5233] Built Mathlib.CategoryTheory.Limits.Preserves.Shapes.Multiequalizer (4.8s)
✔ [5222/5237] Built Mathlib.AlgebraicTopology.FundamentalGroupoid.Product (7.0s)
✔ [5223/5237] Built Mathlib.CategoryTheory.Limits.Shapes.MultiequalizerPullback (6.4s)
✔ [5224/5237] Built Mathlib.CategoryTheory.Types.Set (5.5s)
✔ [5225/5238] Built Mathlib.AlgebraicTopology.SimplicialSet.Horn (9.9s)
✔ [5226/5241] Built Mathlib.AlgebraicTopology.DoldKan.GammaCompN (8.0s)
✔ [5227/5241] Built Mathlib.Order.CompleteLattice.MulticoequalizerDiagram (4.5s)
✔ [5228/5241] Built Mathlib.AlgebraicTopology.SimplicialSet.Boundary (6.3s)
✔ [5229/5241] Built Mathlib.CategoryTheory.Limits.Set (4.5s)
✔ [5230/5248] Built Mathlib.AlgebraicTopology.FundamentalGroupoid.InducedMaps (8.7s)
✔ [5231/5248] Built Mathlib.CategoryTheory.Limits.Types.Multicoequalizer (4.7s)
✔ [5232/5248] Built Mathlib.AlgebraicTopology.DoldKan.NCompGamma (7.3s)
✔ [5233/5248] Built Mathlib.CategoryTheory.MorphismProperty.FunctorCategory (5.4s)
✔ [5234/5248] Built Mathlib.AlgebraicTopology.SimplicialSet.SubcomplexEvaluation (4.8s)
✔ [5235/5248] Built Mathlib.AlgebraicTopology.SimplicialSet.SubcomplexColimits (5.1s)
✔ [5236/5252] Built Mathlib.AlgebraicTopology.DoldKan.EquivalenceAdditive (5.5s)
✔ [5237/5252] Built Mathlib.AlgebraicTopology.FundamentalGroupoid.SimplyConnected (7.1s)
✔ [5238/5252] Built Mathlib.CategoryTheory.Limits.Types.Pushouts (8.4s)
✔ [5239/5253] Built Mathlib.CategoryTheory.Types.Monomorphisms (4.7s)
✔ [5240/5253] Built Mathlib.AlgebraicTopology.DoldKan.EquivalencePseudoabelian (6.8s)
✔ [5241/5256] Built Mathlib.AlgebraicTopology.SimplicialSet.Path (10s)
✔ [5242/5256] Built Mathlib.CategoryTheory.Monoidal.Cartesian.Cat (6.8s)
✔ [5243/5256] Built Mathlib.AlgebraicTopology.SimplicialSet.Skeleton (9.5s)
✔ [5244/5258] Built Mathlib.AlgebraicTopology.DoldKan.Equivalence (5.9s)
✔ [5245/5265] Built Mathlib.CategoryTheory.Monoidal.Types.Coyoneda (5.3s)
✔ [5246/5268] Built Mathlib.AlgebraicTopology.SimplicialSet.HornColimits (21s)
✔ [5247/5268] Built Mathlib.AlgebraicTopology.SimplicialObject.Coskeletal (3.9s)
✔ [5248/5271] Built Mathlib.AlgebraicTopology.SimplicialSet.StrictSegal (8.4s)
✔ [5249/5271] Built Mathlib.CategoryTheory.Category.ReflQuiv (6.5s)
✔ [5250/5272] Built Mathlib.AlgebraicTopology.SimplicialSet.CategoryWithFibrations (5.8s)
✔ [5251/5273] Built Mathlib.CategoryTheory.Monoidal.Center (11s)
✔ [5252/5273] Built Mathlib.CategoryTheory.Category.Cat.Terminal (4.4s)
✔ [5253/5273] Built Mathlib.AlgebraicTopology.SimplicialSet.KanComplex (4.4s)
✔ [5254/5274] Built Mathlib.AlgebraicTopology.Quasicategory.TwoTruncated (4.9s)
✔ [5255/5274] Built Mathlib.AlgebraicTopology.SimplicialSet.Coskeletal (10s)
✔ [5256/5275] Built Mathlib.CategoryTheory.Functor.CurryingThree (9.3s)
✔ [5257/5277] Built Mathlib.AlgebraicTopology.Reedy.Basic (4.6s)
✔ [5258/5280] Built Mathlib.AlgebraicTopology.Quasicategory.Basic (4.2s)
✔ [5259/5280] Built Mathlib.CategoryTheory.Enriched.Basic (8.3s)
✔ [5260/5281] Built Mathlib.AlgebraicTopology.SimplexCategory.Augmented.Basic (6.5s)
✔ [5261/5281] Built Mathlib.AlgebraicTopology.SimplexCategory.GeneratorsRelations.Basic (5.2s)
✔ [5262/5281] Built Mathlib.AlgebraicTopology.SimplexCategory.MorphismProperty (11s)
✔ [5263/5281] Built Mathlib.CategoryTheory.Enriched.Ordinary.Basic (14s)
✔ [5264/5281] Built Mathlib.AlgebraicTopology.Quasicategory.StrictSegal (12s)
✔ [5265/5281] Built Mathlib.CategoryTheory.Functor.FunctorHom (15s)
✔ [5266/5281] Built Mathlib.AlgebraicTopology.SimplexCategory.SemiSimplexCategory (5.0s)
✔ [5267/5281] Built Mathlib.AlgebraicTopology.Quasicategory.InnerFibration (6.9s)
✔ [5268/5283] Built Mathlib.AlgebraicTopology.SimplexCategory.GeneratorsRelations.EpiMono (8.1s)
✔ [5269/5283] Built Mathlib.AlgebraicTopology.SimplexCategory.ToMkOne (9.0s)
✔ [5270/5284] Built Mathlib.AlgebraicTopology.Quasicategory.Nerve (6.1s)
✔ [5271/5284] Built Mathlib.CategoryTheory.Bicategory.CatEnriched (13s)
✔ [5272/5285] Built Mathlib.Order.UpperLower.Relative (3.9s)
✔ [5273/5286] Built Mathlib.CategoryTheory.Monoidal.Closed.FunctorToTypes (8.0s)
✔ [5274/5286] Built Mathlib.AlgebraicTopology.SimplicialComplex.Basic (7.2s)
✔ [5275/5286] Built Mathlib.AlgebraicTopology.SimplexCategory.GeneratorsRelations.NormalForms (12s)
✔ [5276/5286] Built Mathlib.AlgebraicTopology.SimplicialSet.Monoidal (10s)
✔ [5277/5286] Built Mathlib.AlgebraicTopology.SimplicialObject.II (5.9s)
✔ [5278/5289] Built Mathlib.AlgebraicTopology.SimplexCategory.Augmented.Monoidal (38s)
✔ [5279/5289] Built Mathlib.AlgebraicTopology.SimplicialCategory.Basic (4.6s)
✔ [5280/5294] Built Mathlib.AlgebraicTopology.SimplicialSet.NonDegenerateSimplicesSubcomplex (5.6s)
✔ [5281/5294] Built Mathlib.AlgebraicTopology.SimplicialSet.AnodyneExtensions.IsUniquelyCodimOneFace (5.1s)
✔ [5282/5295] Built Mathlib.AlgebraicTopology.SimplicialSet.HomotopyCat (10s)
✔ [5283/5295] Built Mathlib.AlgebraicTopology.SimplicialObject.ChainHomotopy (27s)
✔ [5284/5295] Built Mathlib.AlgebraicTopology.SimplicialCategory.SimplicialObject (4.5s)
✔ [5285/5296] Built Mathlib.AlgebraicTopology.SimplicialSet.ProdStdSimplex (6.9s)
✔ [5286/5297] Built Mathlib.AlgebraicTopology.SimplicialSet.AnodyneExtensions.Pairing (5.8s)
✔ [5287/5297] Built Mathlib.AlgebraicTopology.SimplicialNerve (13s)
✔ [5288/5300] Built Mathlib.AlgebraicTopology.SimplicialSet.Nonsingular (5.8s)
✔ [5289/5300] Built Mathlib.AlgebraicTopology.SimplicialSet.FiniteColimits (5.1s)
✔ [5290/5302] Built Mathlib.AlgebraicTopology.SimplicialSet.FiniteProd (4.8s)
✔ [5291/5302] Built Mathlib.AlgebraicTopology.SimplicialSet.AnodyneExtensions.PairingCore (7.4s)
✔ [5292/5306] Built Mathlib.CategoryTheory.Limits.FunctorCategory.Shapes.Pullbacks (7.4s)
✔ [5293/5306] Built Mathlib.CategoryTheory.Presentable.Limits (7.4s)
✔ [5294/5306] Built Mathlib.CategoryTheory.Presentable.Retracts (5.6s)
✔ [5295/5308] Built Mathlib.AlgebraicTopology.SimplicialSet.AnodyneExtensions.Rank (6.3s)
✔ [5296/5308] Built Mathlib.CategoryTheory.Functor.RegularEpi (5.7s)
✔ [5297/5308] Built Mathlib.CategoryTheory.ExtremalEpi (4.8s)
✔ [5298/5314] Built Mathlib.AlgebraicTopology.SimplicialSet.AnodyneExtensions.RankNat (4.5s)
✔ [5299/5314] Built Mathlib.CategoryTheory.SmallRepresentatives (5.8s)
✔ [5300/5315] Built Mathlib.AlgebraicTopology.SimplicialSet.AnodyneExtensions.RelativeCellComplex (10s)
✔ [5301/5315] Built Mathlib.AlgebraicTopology.SimplicialSet.RegularEpi (4.4s)
✔ [5302/5315] Built Mathlib.AlgebraicTopology.SimplicialSet.HoFunctorMonoidal (35s)
✔ [5303/5315] Built Mathlib.CategoryTheory.Generator.StrongGenerator (4.6s)
✔ [5304/5317] Built Mathlib.CategoryTheory.ObjectProperty.ColimitsCardinalClosure (4.5s)
✔ [5305/5317] Built Mathlib.CategoryTheory.Functor.KanExtension.DenseAt (5.2s)
✔ [5306/5321] Built Mathlib.AlgebraicTopology.Quasicategory.StrictBicategory (5.7s)
✔ [5307/5322] Built Mathlib.CategoryTheory.Presentable.CardinalFilteredPresentation (5.7s)
✔ [5308/5323] Built Mathlib.AlgebraicTopology.SimplicialSet.AnodyneExtensions.Op (5.5s)
✔ [5309/5323] Built Mathlib.CategoryTheory.Functor.KanExtension.Dense (7.2s)
✔ [5310/5327] Built Mathlib.CategoryTheory.Presentable.LocallyPresentable (5.5s)
✔ [5311/5327] Built Mathlib.CategoryTheory.Monoidal.Limits.Shapes.Pullback (7.0s)
✔ [5312/5327] Built Mathlib.CategoryTheory.Adjunction.ParametrizedLimits (7.4s)
✔ [5313/5330] Built Mathlib.CategoryTheory.Presentable.StrongGenerator (10s)
✔ [5314/5331] Built Mathlib.CategoryTheory.Monoidal.Closed.Braided (4.8s)
✔ [5315/5331] Built Mathlib.AlgebraicTopology.SimplicialSet.AnodyneExtensions.UnionProd (18s)
✔ [5316/5334] Built Mathlib.CategoryTheory.Presentable.Presheaf (5.1s)
✔ [5317/5334] Built Mathlib.CategoryTheory.CodiscreteCategory (4.3s)
✔ [5318/5334] Built Mathlib.AlgebraicTopology.SimplicialSet.Nonempty (5.6s)
✔ [5319/5334] Built Mathlib.AlgebraicTopology.SimplicialSet.Presentable (6.1s)
✔ [5320/5334] Built Mathlib.AlgebraicTopology.SimplicialSet.Homology.Basic (12s)
✔ [5321/5336] Built Mathlib.AlgebraicTopology.SimplicialSet.NerveCodiscrete (5.4s)
✔ [5322/5339] Built Mathlib.AlgebraicTopology.SimplicialSet.PiZero (6.6s)
✔ [5323/5339] Built Mathlib.CategoryTheory.Limits.Shapes.Pullback.PullbackObjObj (41s)
✔ [5324/5339] Built Mathlib.AlgebraicTopology.SimplicialSet.AnodyneExtensions.Basic (5.9s)
✔ [5325/5339] Built Mathlib.AlgebraicTopology.SimplicialSet.CoherentIso (5.7s)
✔ [5326/5341] Built Mathlib.AlgebraicTopology.SimplicialSet.StdSimplexOne (6.4s)
✔ [5327/5341] Built Mathlib.CategoryTheory.Monoidal.Braided.PushoutObjObj (4.9s)
✔ [5328/5341] Built Mathlib.AlgebraicTopology.SimplicialSet.RelativeMorphism (8.2s)
✔ [5329/5342] Built Mathlib.AlgebraicTopology.SimplicialSet.Homology.HomologyZero (8.9s)
✔ [5330/5342] Built Mathlib.CategoryTheory.LiftingProperties.ParametrizedAdjunction (7.7s)
✔ [5331/5343] Built Mathlib.AlgebraicTopology.SimplicialSet.Splitting (4.7s)
✔ [5332/5343] Built Mathlib.AlgebraicTopology.SimplicialSet.AnodyneExtensions.Inner.Basic (5.8s)
✔ [5333/5343] Built Mathlib.AlgebraicTopology.SimplicialSet.ProdStdSimplexOne (5.3s)
✔ [5334/5345] Built Mathlib.AlgebraicTopology.SimplicialSet.Monomorphisms (4.2s)
✔ [5335/5346] Built Mathlib.AlgebraicTopology.SimplicialSet.KanComplex.MulStruct (7.4s)
✔ [5336/5347] Built Mathlib.AlgebraicTopology.SimplicialSet.Homology.Nondegenerate (7.0s)
✔ [5337/5347] Built Mathlib.CategoryTheory.Monoidal.PushoutProduct (20s)
✔ [5338/5349] Built Mathlib.CategoryTheory.Category.Cat.CartesianClosed (5.4s)
✔ [5339/5349] Built Mathlib.AlgebraicTopology.SimplicialSet.Homotopy (7.0s)
✔ [5340/5352] Built Mathlib.AlgebraicTopology.SimplicialSet.NonDegenerateSimplicesColimit (4.7s)
✔ [5341/5352] Built Mathlib.AlgebraicTopology.SimplicialSet.PushoutProduct (4.5s)
✔ [5342/5353] Built Mathlib.Order.NonemptyFiniteChains (4.2s)
✔ [5343/5353] Built Mathlib.AlgebraicTopology.SimplicialSet.Homology.HomotopyInvariance (4.5s)
✔ [5344/5353] Built Mathlib.AlgebraicTopology.SimplicialSet.NonsingularColimit (4.3s)
✔ [5345/5353] Built Mathlib.AlgebraicTopology.SimplicialSet.AnodyneExtensions.Inner.PushoutProduct (4.6s)
✔ [5346/5356] Built Mathlib.AlgebraicTopology.TopologicalSimplex (6.4s)
✔ [5347/5356] Built Mathlib.AlgebraicTopology.SimplicialSet.AnodyneExtensions.PushoutProduct (5.3s)
✔ [5348/5360] Built Mathlib.AlgebraicTopology.SimplicialSet.Subdivision (5.2s)
✔ [5349/5364] Built Mathlib.AlgebraicTopology.SingularSet (7.5s)
✔ [5350/5364] Built Mathlib.Topology.Homotopy.TopCat.Path (4.0s)
✔ [5351/5364] Built Mathlib.Analysis.Normed.Field.TransferInstance (4.7s)
✔ [5352/5364] Built Mathlib.Analysis.Normed.Ring.TransferInstance (4.8s)
✔ [5353/5365] Built Mathlib.AlgebraicTopology.SingularHomology.Basic (7.8s)
✔ [5354/5369] Built Mathlib.AlgebraicTopology.SimplicialSet.TopAdj (7.9s)
✔ [5355/5369] Built Mathlib.AlgebraicTopology.SimplicialSet.NerveAdjunction (28s)
✔ [5356/5369] Built Mathlib.Analysis.Convex.Contractible (4.7s)
✔ [5357/5371] Built Mathlib.Topology.Homotopy.TopCat.ToSSet (4.8s)
✔ [5358/5371] Built Mathlib.Analysis.Normed.Ring.WithAbs (7.3s)
✔ [5359/5371] Built Mathlib.Topology.Homotopy.TopCat.ZerothHomotopy (5.8s)
✔ [5360/5371] Built Mathlib.SetTheory.Cardinal.CountableCover (4.1s)
✔ [5361/5374] Built Mathlib.AlgebraicTopology.SingularHomology.HomotopyInvariance (4.8s)
✔ [5362/5374] Built Mathlib.LinearAlgebra.Complex.Determinant (5.4s)
✔ [5363/5374] Built Mathlib.AlgebraicTopology.SingularHomology.HomologyZero (5.8s)
✔ [5364/5374] Built Mathlib.AlgebraicTopology.SingularHomology.HomotopyInvarianceTopCat (4.9s)
✔ [5365/5379] Built Mathlib.Topology.Algebra.Module.Cardinality (6.2s)
✔ [5366/5380] Built Mathlib.Analysis.Normed.Field.WithAbs (9.7s)
✔ [5367/5380] Built Mathlib.Analysis.Complex.OperatorNorm (5.4s)
✔ [5368/5382] Built Mathlib.Analysis.Normed.Module.Connected (8.8s)
✔ [5369/5382] Built Mathlib.Analysis.SpecialFunctions.OrdinaryHypergeometric (11s)
✔ [5370/5384] Built Mathlib.Analysis.Calculus.InverseFunctionTheorem.ApproximatesLinearOn (19s)
✔ [5371/5384] Built Mathlib.Analysis.AbsoluteValue.Equivalence (14s)
✔ [5372/5386] Built Mathlib.Analysis.Calculus.FDeriv.Extend (11s)
✔ [5373/5386] Built Mathlib.Analysis.Calculus.IteratedDeriv.ConvergenceOnBall (8.9s)
✔ [5374/5388] Built Mathlib.Analysis.Calculus.InverseFunctionTheorem.FDeriv (11s)
✔ [5375/5389] Built Mathlib.RingTheory.Binomial (9.5s)
✔ [5376/5390] Built Mathlib.Analysis.SpecialFunctions.Trigonometric.Deriv (14s)
✔ [5377/5391] Built Mathlib.Analysis.Calculus.Deriv.Prod (17s)
✔ [5378/5391] Built Mathlib.Analysis.Calculus.InverseFunctionTheorem.Deriv (5.8s)
✔ [5379/5391] Built Mathlib.Analysis.Calculus.ContDiff.CPolynomial (6.0s)
✔ [5380/5394] Built Mathlib.Analysis.Analytic.Polynomial (6.4s)
✔ [5381/5395] Built Mathlib.Analysis.Analytic.RadiusLiminf (6.1s)
✔ [5382/5395] Built Mathlib.Analysis.Analytic.WithLp (5.7s)
✔ [5383/5396] Built Mathlib.Analysis.Calculus.InverseFunctionTheorem.Analytic (5.7s)
✔ [5384/5396] Built Mathlib.Topology.MetricSpace.MetricSeparated (5.1s)
✔ [5385/5396] Built Mathlib.Analysis.Asymptotics.Completion (4.0s)
✔ [5386/5400] Built Mathlib.Topology.MetricSpace.Cover (10s)
✔ [5387/5400] Built Mathlib.Analysis.Asymptotics.LinearGrowth (11s)
✔ [5388/5401] Built Mathlib.Analysis.Analytic.IteratedFDeriv (17s)
✔ [5389/5401] Built Mathlib.Analysis.Analytic.Order (17s)
✔ [5390/5401] Built Mathlib.Analysis.SpecialFunctions.Log.ERealExp (5.7s)
✔ [5391/5401] Built Mathlib.Analysis.SpecialFunctions.Log.ENNRealLog (6.4s)
✔ [5392/5403] Built Mathlib.Analysis.AperiodicOrder.Delone.Basic (7.8s)
✔ [5393/5405] Built Mathlib.Analysis.Asymptotics.SuperpolynomialDecay (7.6s)
✔ [5394/5405] Built Mathlib.Analysis.SpecialFunctions.Log.ENNRealLogExp (6.4s)
✔ [5395/5406] Built Mathlib.MeasureTheory.Covering.VitaliFamily (7.1s)
✔ [5396/5406] Built Mathlib.MeasureTheory.Function.AEMeasurableOrder (8.9s)
✔ [5397/5406] Built Mathlib.Analysis.Asymptotics.ExpGrowth (9.4s)
✔ [5398/5413] Built Mathlib.MeasureTheory.Covering.Vitali (12s)
✔ [5399/5415] Built Mathlib.MeasureTheory.Measure.Decomposition.Hahn (9.4s)
✔ [5400/5415] Built Mathlib.MeasureTheory.Integral.Average (22s)
✔ [5401/5418] Built Mathlib.MeasureTheory.Function.StronglyMeasurable.ENNReal (5.7s)
✔ [5402/5418] Built Mathlib.Order.Monotone.Extension (3.6s)
✔ [5403/5418] Built Mathlib.Analysis.Meromorphic.Basic (35s)
✔ [5404/5419] Built Mathlib.MeasureTheory.Measure.Sub (5.0s)
✔ [5405/5419] Built Mathlib.MeasureTheory.Function.AEEqOfLIntegral (6.3s)
✔ [5406/5424] Built Mathlib.Analysis.Complex.Spectrum (6.7s)
✔ [5407/5424] Built Mathlib.Analysis.SpecialFunctions.Complex.LogDeriv (9.6s)
✔ [5408/5424] Built Mathlib.Topology.Algebra.Star.Real (8.4s)
✔ [5409/5424] Built Mathlib.MeasureTheory.Measure.Decomposition.Lebesgue (16s)
✔ [5410/5425] Built Mathlib.Topology.EMetricSpace.BoundedVariation (22s)
✔ [5411/5425] Built Mathlib.Topology.ContinuousMap.StarOrdered (13s)
✔ [5412/5425] Built Mathlib.Analysis.SpecialFunctions.Complex.Analytic (13s)
✔ [5413/5427] Built Mathlib.Analysis.SpecialFunctions.Pow.Deriv (18s)
✔ [5414/5427] Built Mathlib.Topology.Algebra.StarSubalgebra (12s)
✔ [5415/5428] Built Mathlib.MeasureTheory.Covering.Differentiation (13s)
✔ [5416/5428] Built Mathlib.Topology.EMetricSpace.VariationOnFromTo (6.2s)
✔ [5417/5428] Built Mathlib.Topology.Algebra.NonUnitalAlgebra (11s)
✔ [5418/5428] Built Mathlib.MeasureTheory.Covering.DensityTheorem (9.6s)
✔ [5419/5428] Built Mathlib.Analysis.Analytic.Binomial (17s)
✔ [5420/5434] Built Mathlib.Topology.ContinuousMap.Lattice (5.9s)
✔ [5421/5434] Built Mathlib.MeasureTheory.Covering.OneDim (7.9s)
✔ [5422/5434] Built Mathlib.RingTheory.Polynomial.Bernstein (9.7s)
✔ [5423/5437] Built Mathlib.Analysis.CStarAlgebra.ContinuousFunctionalCalculus.Unital (30s)
✔ [5424/5437] Built Mathlib.Topology.Algebra.NonUnitalStarAlgebra (15s)
✔ [5425/5438] Built Mathlib.Topology.ContinuousMap.Polynomial (8.2s)
✔ [5426/5439] Built Mathlib.Analysis.Calculus.Monotone (10s)
✔ [5427/5439] Built Mathlib.Analysis.Normed.Algebra.Unitization (17s)
✔ [5428/5439] Built Mathlib.Analysis.Real.Spectrum (6.4s)
✔ [5429/5439] Built Mathlib.Analysis.SpecialFunctions.Bernstein (15s)
✔ [5430/5439] Built Mathlib.Analysis.CStarAlgebra.Classes (24s)
✔ [5431/5442] Built Mathlib.Analysis.BoundedVariation (7.0s)
✔ [5432/5446] Built Mathlib.Topology.ContinuousMap.Weierstrass (6.4s)
✔ [5433/5446] Built Mathlib.Analysis.Normed.Algebra.UnitizationL1 (9.2s)
✔ [5434/5446] Built Mathlib.Topology.Algebra.Module.Spaces.WeakBilin (6.5s)
✔ [5435/5446] Built Mathlib.Topology.Semicontinuity.Hemicontinuity (6.3s)
✔ [5436/5449] Built Mathlib.Analysis.CStarAlgebra.Unitization (16s)
✔ [5437/5449] Built Mathlib.Analysis.CStarAlgebra.ContinuousFunctionalCalculus.NonUnital (42s)
✔ [5438/5451] Built Mathlib.Topology.Algebra.Module.Spaces.WeakDual (9.6s)
✔ [5439/5451] Built Mathlib.Analysis.Complex.Convex (6.0s)
✔ [5440/5453] Built Mathlib.Topology.ContinuousMap.StoneWeierstrass (20s)
✔ [5441/5453] Built Mathlib.Analysis.CStarAlgebra.Exponential (6.3s)
✔ [5442/5453] Built Mathlib.Topology.Algebra.Module.Spaces.CharacterSpace (7.5s)
✔ [5443/5453] Built Mathlib.Analysis.CStarAlgebra.ContinuousFunctionalCalculus.Restrict (20s)
✔ [5444/5454] Built Mathlib.Topology.ContinuousMap.ZeroAtInfty (16s)
✔ [5445/5454] Built Mathlib.Analysis.CStarAlgebra.Fuglede (16s)
✔ [5446/5458] Built Mathlib.Analysis.LocallyConvex.Polar (8.5s)
✔ [5447/5462] Built Mathlib.Analysis.CStarAlgebra.ContinuousFunctionalCalculus.Unique (18s)
✔ [5448/5463] Built Mathlib.Analysis.Convex.TotallyBounded (4.5s)
✔ [5449/5463] Built Mathlib.Analysis.Normed.Algebra.Spectrum (18s)
✔ [5450/5463] Built Mathlib.Analysis.LocallyConvex.WeakDual (7.9s)
✔ [5451/5467] Built Mathlib.Analysis.CStarAlgebra.ContinuousMap (12s)
✔ [5452/5467] Built Mathlib.Analysis.LocallyConvex.AbsConvex (7.6s)
✔ [5453/5468] Built Mathlib.Analysis.Normed.Module.RCLike.Extend (10s)
✔ [5454/5468] Built Mathlib.Analysis.Normed.Operator.Completeness (7.6s)
✔ [5455/5468] Built Mathlib.Analysis.LocallyConvex.Barrelled (6.0s)
✔ [5456/5468] Built Mathlib.Analysis.LocallyConvex.AbsConvexOpen (6.9s)
✔ [5457/5468] Built Mathlib.Analysis.Normed.Algebra.GelfandFormula (8.9s)
✔ [5458/5473] Built Mathlib.Topology.ContinuousMap.Units (6.6s)
✔ [5459/5473] Built Mathlib.Analysis.Normed.Operator.BanachSteinhaus (6.2s)
✔ [5460/5473] Built Mathlib.Analysis.LocallyConvex.HahnBanach (8.7s)
✔ [5461/5476] Built Mathlib.Analysis.Normed.Affine.AddTorsor (10s)
✔ [5462/5476] Built Mathlib.Analysis.CStarAlgebra.Spectrum (12s)
✔ [5463/5478] Built Mathlib.Analysis.CStarAlgebra.ContinuousFunctionalCalculus.Instances (31s)
✔ [5464/5478] Built Mathlib.LinearAlgebra.AffineSpace.Ordered (13s)
✔ [5465/5478] Built Mathlib.Topology.ContinuousMap.ContinuousSqrt (6.4s)
✔ [5466/5478] Built Mathlib.Analysis.Normed.Module.HahnBanach (8.3s)
✔ [5467/5483] Built Mathlib.Analysis.CStarAlgebra.ContinuousFunctionalCalculus.Pi (8.9s)
✔ [5468/5483] Built Mathlib.Topology.UrysohnsLemma (9.1s)
✔ [5469/5485] Built Mathlib.Order.CompleteLattice.Group (3.6s)
✔ [5470/5487] Built Mathlib.Analysis.Normed.Module.Dual (9.0s)
✔ [5471/5487] Built Mathlib.Analysis.SpecialFunctions.ContinuousFunctionalCalculus.PosPart.Basic (24s)
✔ [5472/5487] Built Mathlib.Topology.MetricSpace.UniformConvergence (13s)
✔ [5473/5487] Built Mathlib.Topology.ContinuousMap.Ideals (14s)
✔ [5474/5491] Built Mathlib.Topology.ApproximateUnit (4.5s)
✔ [5475/5492] Built Mathlib.Analysis.CStarAlgebra.ContinuousFunctionalCalculus.Isometric (35s)
✔ [5476/5494] Built Mathlib.Analysis.CStarAlgebra.Module.Synonym (6.4s)
✔ [5477/5494] Built Mathlib.Topology.MetricSpace.Bilipschitz (4.7s)
✔ [5478/5494] Built Mathlib.Analysis.SpecialFunctions.ContinuousFunctionalCalculus.PosPart.Isometric (6.0s)
✔ [5479/5494] Built Mathlib.Analysis.Normed.Module.WeakDual (19s)
✔ [5480/5496] Built Mathlib.Topology.UniformSpace.Matrix (5.1s)
✔ [5481/5497] Built Mathlib.Analysis.Matrix.Normed (13s)
✔ [5482/5497] Built Mathlib.Analysis.Normed.Algebra.Basic (8.7s)
✔ [5483/5501] Built Mathlib.Analysis.CStarAlgebra.ContinuousFunctionalCalculus.Commute (10s)
✔ [5484/5502] Built Mathlib.Analysis.SpecialFunctions.ContinuousFunctionalCalculus.Rpow.Basic (44s)
✔ [5485/5503] Built Mathlib.Analysis.CStarAlgebra.ContinuousFunctionalCalculus.Note (2.1s)
✔ [5486/5504] Built Mathlib.MeasureTheory.SpecificCodomains.ContinuousMap (6.8s)
✔ [5487/5504] Built Mathlib.Analysis.CStarAlgebra.ContinuousFunctionalCalculus.Continuity (36s)
✔ [5488/5505] Built Mathlib.Analysis.CStarAlgebra.ContinuousFunctionalCalculus.Projection (6.4s)
✔ [5489/5505] Built Mathlib.MeasureTheory.SpecificCodomains.ContinuousMapZero (6.5s)
✔ [5490/5505] Built Mathlib.Analysis.CStarAlgebra.GelfandDuality (23s)
✔ [5491/5505] Built Mathlib.Analysis.CStarAlgebra.ContinuousFunctionalCalculus.Unitary (6.1s)
✔ [5492/5505] Built Mathlib.Analysis.SpecialFunctions.ContinuousFunctionalCalculus.Rpow.Isometric (10s)
✔ [5493/5510] Built Mathlib.Analysis.CStarAlgebra.ContinuousFunctionalCalculus.RealImaginaryPart (13s)
✔ [5494/5510] Built Mathlib.Analysis.CStarAlgebra.ContinuousFunctionalCalculus.Range (19s)
✔ [5495/5512] Built Mathlib.Analysis.Normed.Group.NullSubmodule (5.8s)
✔ [5496/5515] Built Mathlib.Topology.Algebra.Module.PerfectPairing (6.3s)
✔ [5497/5515] Built Mathlib.Analysis.CStarAlgebra.ContinuousFunctionalCalculus.Integral (16s)
✔ [5498/5516] Built Mathlib.Analysis.Convex.Extreme (7.3s)
✔ [5499/5519] Built Mathlib.Analysis.InnerProductSpace.Completion (11s)
✔ [5500/5522] Built Mathlib.Topology.Algebra.LinearMapCompletion (5.6s)
✔ [5501/5522] Built Mathlib.Analysis.Normed.Group.BallSphere (5.5s)
✔ [5502/5522] Built Mathlib.Analysis.InnerProductSpace.Dual (13s)
✔ [5503/5522] Built Mathlib.Analysis.CStarAlgebra.ContinuousFunctionalCalculus.Basic (30s)
✔ [5504/5523] Built Mathlib.Analysis.Normed.Field.UnitBall (10s)
✔ [5505/5523] Built Mathlib.Analysis.CStarAlgebra.SpecialFunctions.PosPart (8.3s)
✔ [5506/5523] Built Mathlib.Data.Bundle (3.3s)
✔ [5507/5527] Built Mathlib.Analysis.Complex.Circle (13s)
✔ [5508/5535] Built Mathlib.Topology.OpenPartialHomeomorph.Composition (6.5s)
✔ [5509/5535] Built Mathlib.Analysis.CStarAlgebra.Multiplier (46s)
✔ [5510/5536] Built Mathlib.Topology.SeparatedMap (3.0s)
✔ [5511/5536] Built Mathlib.Topology.OpenPartialHomeomorph.Constructions (5.9s)
✔ [5512/5536] Built Mathlib.Analysis.CStarAlgebra.ContinuousFunctionalCalculus.Order (39s)
✔ [5513/5536] Built Mathlib.Topology.IsLocalHomeomorph (4.6s)
✔ [5514/5538] Built Mathlib.Analysis.SpecialFunctions.ContinuousFunctionalCalculus.ExpLog.Basic (10s)
✔ [5515/5538] Built Mathlib.Analysis.CStarAlgebra.Unitary.Maps (7.2s)
✔ [5516/5538] Built Mathlib.Analysis.CStarAlgebra.Projection (7.2s)
✔ [5517/5538] Built Mathlib.Topology.FiberBundle.Trivialization (10s)
✔ [5518/5538] Built Mathlib.Analysis.CStarAlgebra.Hom (8.3s)
✔ [5519/5538] Built Mathlib.Analysis.CStarAlgebra.PositiveLinearMap (9.3s)
✔ [5520/5538] Built Mathlib.Analysis.CStarAlgebra.Module.Defs (12s)
✔ [5521/5540] Built Mathlib.Analysis.CStarAlgebra.Extreme (22s)
✔ [5522/5541] Built Mathlib.Analysis.InnerProductSpace.Adjoint (81s)
✔ [5523/5541] Built Mathlib.Analysis.Normed.Module.Normalize (5.3s)
✔ [5524/5542] Built Mathlib.Topology.FiberBundle.Basic (6.6s)
✔ [5525/5542] Built Mathlib.Analysis.CStarAlgebra.Module.Constructions (17s)
✔ [5526/5542] Built Mathlib.Analysis.CStarAlgebra.Unitary.Span (12s)
✔ [5527/5542] Built Mathlib.Analysis.CStarAlgebra.ApproximateUnit (30s)
✔ [5528/5542] Built Mathlib.Analysis.Calculus.AbsolutelyMonotone (5.4s)
✔ [5529/5542] Built Mathlib.Analysis.CStarAlgebra.ContinuousLinearMap (6.2s)
✔ [5530/5542] Built Mathlib.Analysis.CStarAlgebra.GelfandNaimarkSegal (17s)
✔ [5531/5542] Built Mathlib.Topology.Covering.Basic (8.5s)
✔ [5532/5542] Built Mathlib.Analysis.Calculus.AddTorsor.AffineMap (6.5s)
✔ [5533/5548] Built Mathlib.Analysis.CStarAlgebra.Matrix (26s)
✔ [5534/5548] Built Mathlib.Analysis.Normed.Lp.lpSpace (46s)
✔ [5535/5548] Built Mathlib.LinearAlgebra.Matrix.FiniteDimensional (5.5s)
✔ [5536/5548] Built Mathlib.Topology.Covering.Quotient (11s)
✔ [5537/5548] Built Mathlib.LinearAlgebra.AffineSpace.Simplex.Centroid (13s)
✔ [5538/5548] Built Mathlib.Analysis.Calculus.BumpFunction.Basic (7.7s)
✔ [5539/5550] Built Mathlib.Analysis.CStarAlgebra.lpSpace (12s)
✔ [5540/5550] Built Mathlib.Topology.Covering.AddCircle (5.9s)
✔ [5541/5552] Built Mathlib.Analysis.CStarAlgebra.CStarMatrix (29s)
✔ [5542/5552] Built Mathlib.LinearAlgebra.AffineSpace.FiniteDimensional (12s)
✔ [5543/5552] Built Mathlib.MeasureTheory.Group.Integral (10s)
✔ [5544/5553] Built Mathlib.Analysis.SpecialFunctions.Complex.Circle (10s)
✔ [5545/5553] Built Mathlib.Analysis.CStarAlgebra.CompletelyPositiveMap (12s)
✔ [5546/5554] Built Mathlib.Analysis.Normed.Affine.AddTorsorBases (7.0s)
✔ [5547/5555] Built Mathlib.Analysis.Calculus.UniformLimitsDeriv (10s)
✔ [5548/5555] Built Mathlib.Analysis.SpecialFunctions.Sqrt (6.7s)
✔ [5549/5555] Built Mathlib.Analysis.Calculus.AddTorsor.Coord (5.5s)
✔ [5550/5557] Built Mathlib.Analysis.CStarAlgebra.Unitary.Connected (13s)
✔ [5551/5557] Built Mathlib.Analysis.Normed.Module.Ball.Homeomorph (7.4s)
✔ [5552/5560] Built Mathlib.Analysis.Calculus.ContDiff.WithLp (7.4s)
✔ [5553/5562] Built Mathlib.Analysis.Calculus.SmoothSeries (9.9s)
✔ [5554/5565] Built Mathlib.Analysis.SpecialFunctions.PolynomialExp (4.7s)
✔ [5555/5565] Built Mathlib.Analysis.Calculus.FDeriv.WithLp (8.9s)
✔ [5556/5566] Built Mathlib.Topology.MetricSpace.ProperSpace.Lemmas (4.8s)
✔ [5557/5566] Built Mathlib.Analysis.SpecialFunctions.SmoothTransition (7.5s)
✔ [5558/5566] Built Mathlib.Data.Set.Pointwise.Support (4.3s)
✔ [5559/5570] Built Mathlib.Analysis.Calculus.ParametricIntegral (14s)
✔ [5560/5571] Built Mathlib.MeasureTheory.Measure.EverywherePos (8.6s)
✔ [5561/5571] Built Mathlib.MeasureTheory.Measure.Haar.NormedSpace (10s)
✔ [5562/5575] Built Mathlib.Analysis.Convolution (55s)
✔ [5563/5575] Built Mathlib.Topology.Metrizable.Urysohn (7.7s)
✔ [5564/5575] Built Mathlib.Analysis.InnerProductSpace.Calculus (20s)
✔ [5565/5575] Built Mathlib.Analysis.Calculus.BumpFunction.Normed (10s)
✔ [5566/5575] Built Mathlib.Analysis.InnerProductSpace.EuclideanDist (12s)
✔ [5567/5579] Built Mathlib.MeasureTheory.Covering.Besicovitch (17s)
✔ [5568/5579] Built Mathlib.Analysis.Calculus.BumpFunction.InnerProduct (9.0s)
✔ [5569/5580] Built Mathlib.Analysis.Normed.Operator.Conformal (9.5s)
✔ [5570/5581] Built Mathlib.MeasureTheory.Measure.Haar.Unique (32s)
✔ [5571/5581] Built Mathlib.Analysis.Calculus.ContDiff.Convolution (31s)
✔ [5572/5582] Built Mathlib.Analysis.InnerProductSpace.ConformalLinearMap (7.2s)
✔ [5573/5583] Built Mathlib.MeasureTheory.Covering.BesicovitchVectorSpace (14s)
✔ [5574/5583] Built Mathlib.Analysis.Calculus.Conformal.NormedSpace (7.4s)
✔ [5575/5583] Built Mathlib.Analysis.Calculus.ContDiff.FiniteDimension (8.8s)
✔ [5576/5583] Built Mathlib.Analysis.Calculus.ContDiff.Polynomial (7.5s)
✔ [5577/5587] Built Mathlib.Analysis.Calculus.Conformal.InnerProduct (6.6s)
✔ [5578/5588] Built Mathlib.Analysis.Calculus.ContDiff.RestrictScalars (10s)
✔ [5579/5588] Built Mathlib.Analysis.Calculus.ContDiff.Bounds (21s)
✔ [5580/5590] Built Mathlib.Analysis.Convex.NNReal (5.1s)
✔ [5581/5590] Built Mathlib.Analysis.Calculus.BumpFunction.FiniteDimension (20s)
✔ [5582/5592] Built Mathlib.Analysis.Calculus.Darboux (7.4s)
✔ [5583/5592] Built Mathlib.Analysis.Calculus.FDeriv.Pi (7.3s)
✔ [5584/5594] Built Mathlib.Analysis.Calculus.Deriv.Abs (11s)
✔ [5585/5594] Built Mathlib.Topology.MetricSpace.Holder (8.6s)
✔ [5586/5594] Built Mathlib.Analysis.Calculus.BumpFunction.Convolution (9.6s)
✔ [5587/5596] Built Mathlib.Topology.Order.OrderClosedExtr (3.7s)
✔ [5588/5597] Built Mathlib.Analysis.Calculus.Deriv.Pi (6.1s)
✔ [5589/5597] Built Mathlib.Analysis.Calculus.FDeriv.Star (10s)
✔ [5590/5597] Built Mathlib.Analysis.Calculus.BumpFunction.SmoothApprox (7.5s)
✔ [5591/5597] Built Mathlib.Analysis.Calculus.ContDiffHolder.Pointwise (9.8s)
✔ [5592/5600] Built Mathlib.Analysis.Calculus.DerivativeTest (11s)
✔ [5593/5602] Built Mathlib.Analysis.Normed.Module.Alternating.Curry (10s)
✔ [5594/5605] Built Mathlib.Analysis.Calculus.Deriv.Star (9.5s)
✔ [5595/5606] Built Mathlib.Analysis.Calculus.FDeriv.Symmetric (24s)
✔ [5596/5606] Built Mathlib.Analysis.Calculus.LineDeriv.Basic (17s)
✔ [5597/5606] Built Mathlib.Analysis.Normed.Module.Alternating.Uncurry.Fin (22s)
✔ [5598/5606] Built Mathlib.Analysis.Calculus.FDeriv.ContinuousMultilinearMap (28s)
✔ [5599/5608] Built Mathlib.Analysis.Calculus.FDeriv.Partial (10s)
✔ [5600/5608] Built Mathlib.Analysis.Calculus.FDeriv.Norm (10s)
✔ [5601/5612] Built Mathlib.Analysis.Calculus.Gradient.Basic (13s)
✔ [5602/5614] Built Mathlib.Analysis.Calculus.VectorField (19s)
✔ [5603/5615] Built Mathlib.Analysis.Calculus.InverseFunctionTheorem.ContDiff (6.9s)
✔ [5604/5616] Built Mathlib.Analysis.Calculus.InverseFunctionTheorem.FiniteDimensional (6.2s)
✔ [5605/5617] Built Mathlib.Analysis.Normed.Module.Complemented (10s)
✔ [5606/5617] Built Mathlib.Analysis.Calculus.IteratedDeriv.Analytic (7.0s)
✔ [5607/5618] Built Mathlib.Analysis.Calculus.IteratedDeriv.WithinZpow (5.4s)
✔ [5608/5618] Built Mathlib.Analysis.Calculus.IteratedDeriv.FaaDiBruno (8.9s)
✔ [5609/5624] Built Mathlib.Analysis.Calculus.LHopital (11s)
✔ [5610/5625] Built Mathlib.Analysis.Calculus.LagrangeMultipliers (9.2s)
✔ [5611/5626] Built Mathlib.Analysis.Calculus.FDeriv.ContinuousAlternatingMap (36s)
✔ [5612/5627] Built Mathlib.Analysis.Calculus.LineDeriv.Measurable (7.4s)
✔ [5613/5627] Built Mathlib.Analysis.Calculus.Implicit (20s)
✔ [5614/5627] Built Mathlib.Analysis.Calculus.LineDeriv.QuadraticMap (11s)
✔ [5615/5627] Built Mathlib.MeasureTheory.Function.Jacobian (15s)
✔ [5616/5629] Built Mathlib.Analysis.Calculus.LocalExtr.LineDeriv (7.0s)
✔ [5617/5631] Built Mathlib.Analysis.Calculus.LocalExtr.Polynomial (5.6s)
✔ [5618/5632] Built Mathlib.Analysis.Calculus.DifferentialForm.Basic (17s)
✔ [5619/5632] Built Mathlib.Analysis.Calculus.ImplicitFunction.ProdDomain (11s)
✔ [5620/5632] Built Mathlib.Analysis.Complex.RemovableSingularity (8.7s)
✔ [5621/5632] Built Mathlib.MeasureTheory.Function.JacobianOneDim (11s)
✔ [5622/5632] Built Mathlib.Topology.Algebra.InfiniteSum.UniformOn (6.7s)
✔ [5623/5632] Built Mathlib.Analysis.Calculus.ParametricIntervalIntegral (7.1s)
✔ [5624/5632] Built Mathlib.Analysis.Calculus.DifferentialForm.VectorField (6.4s)
✔ [5625/5633] Built Mathlib.Analysis.Calculus.ImplicitFunction.Bivariate (7.1s)
✔ [5626/5642] Built Mathlib.Analysis.RCLike.TangentCone (4.9s)
✔ [5627/5644] Built Mathlib.Analysis.Complex.LocallyUniformLimit (6.7s)
✔ [5628/5644] Built Mathlib.Analysis.Calculus.ImplicitContDiff (7.8s)
✔ [5629/5651] Built Mathlib.Geometry.Manifold.StructureGroupoid (5.2s)
✔ [5630/5655] Built Mathlib.Analysis.Calculus.LogDerivUniformlyOn (5.5s)
✔ [5631/5660] Built Mathlib.MeasureTheory.Integral.IntervalIntegral.IntegrationByParts (13s)
✔ [5632/5660] Built Mathlib.Geometry.Manifold.ChartedSpace (6.2s)
✔ [5633/5662] Built Mathlib.Topology.FiberBundle.Constructions (6.0s)
✔ [5634/5662] Built Mathlib.Analysis.Normed.Operator.Prod (13s)
✔ [5635/5667] Built Mathlib.Geometry.Manifold.HasGroupoid (7.0s)
✔ [5636/5667] Built Mathlib.Topology.Compactness.Paracompact (5.4s)
✔ [5637/5667] Built Mathlib.Geometry.Manifold.LocalInvariantProperties (9.4s)
✔ [5638/5668] Built Mathlib.MeasureTheory.Integral.IntegralEqImproper (20s)
✔ [5639/5668] Built Mathlib.Topology.VectorBundle.Basic (26s)
✔ [5640/5668] Built Mathlib.Topology.ShrinkingLemma (6.1s)
✔ [5641/5668] Built Mathlib.Geometry.Manifold.IsManifold.Basic (17s)
✔ [5642/5674] Built Mathlib.Topology.EMetricSpace.Paracompact (9.5s)
✔ [5643/5674] Built Mathlib.MeasureTheory.Function.StronglyMeasurable.Lp (7.5s)
✔ [5644/5674] Built Mathlib.Analysis.Calculus.LineDeriv.IntegrationByParts (14s)
✔ [5645/5675] Built Mathlib.Topology.VectorBundle.Constructions (13s)
✔ [5646/5676] Built Mathlib.Order.Filter.Germ.OrderedMonoid (4.5s)
✔ [5647/5676] Built Mathlib.Topology.PartitionOfUnity (11s)
✔ [5648/5677] Built Mathlib.Order.Filter.Ring (3.0s)
✔ [5649/5677] Built Mathlib.Geometry.Manifold.IsManifold.ExtChartAt (15s)
✔ [5650/5677] Built Mathlib.Analysis.Calculus.TangentCone.Pi (6.1s)
✔ [5651/5677] Built Mathlib.Analysis.Calculus.TangentCone.ProperSpace (6.2s)
✔ [5652/5677] Built Mathlib.Analysis.Convex.PartitionOfUnity (5.9s)
✔ [5653/5677] Built Mathlib.MeasureTheory.Measure.Haar.Disintegration (15s)
✔ [5654/5677] Built Mathlib.MeasureTheory.Function.AEEqOfIntegral (9.2s)
✔ [5655/5681] Built Mathlib.Analysis.Calculus.TangentCone.Seq (8.4s)
✔ [5656/5684] Built Mathlib.Geometry.Manifold.MFDeriv.Defs (8.8s)
✔ [5657/5685] Built Mathlib.Topology.MetricSpace.PartitionOfUnity (5.9s)
✔ [5658/5686] Built Mathlib.Order.SuccPred.IntervalSucc (7.7s)
✔ [5659/5686] Built Mathlib.Geometry.Manifold.ContMDiff.Defs (14s)
✔ [5660/5686] Built Mathlib.MeasureTheory.Integral.IntervalIntegral.Slope (12s)
✔ [5661/5686] Built Mathlib.MeasureTheory.Integral.IntervalIntegral.LebesgueDifferentiationThm (11s)
✔ [5662/5686] Built Mathlib.Analysis.Complex.AbelLimit (10s)
✔ [5663/5691] Built Mathlib.Analysis.Calculus.TaylorIntegral (15s)
✔ [5664/5693] Built Mathlib.MeasureTheory.Function.AbsolutelyContinuous (14s)
✔ [5665/5693] Built Mathlib.Analysis.Normed.Module.Ray (5.4s)
✔ [5666/5693] Built Mathlib.MeasureTheory.Integral.IntervalIntegral.DerivIntegrable (7.3s)
✔ [5667/5693] Built Mathlib.Geometry.Manifold.ContMDiff.Basic (8.8s)
✔ [5668/5693] Built Mathlib.Topology.Order.ExtrClosure (3.6s)
✔ [5669/5693] Built Mathlib.Geometry.Manifold.Notation (20s)
✔ [5670/5695] Built Mathlib.Analysis.Normed.Module.Extr (4.5s)
✔ [5671/5695] Built Mathlib.Analysis.Convex.StrictConvexSpace (6.2s)
✔ [5672/5695] Built Mathlib.Geometry.Manifold.ContMDiff.Constructions (15s)
✔ [5673/5697] Built Mathlib.MeasureTheory.Integral.IntervalIntegral.AbsolutelyContinuousFun (18s)
✔ [5674/5697] Built Mathlib.Analysis.Convex.Deriv (12s)
✔ [5675/5700] Built Mathlib.Analysis.Convex.Uniform (7.4s)
✔ [5676/5700] Built Mathlib.Analysis.SpecialFunctions.Trigonometric.Complex (11s)
✔ [5677/5702] Built Mathlib.Analysis.Calculus.Taylor (20s)
✔ [5678/5703] Built Mathlib.Analysis.Convex.SpecificFunctions.Deriv (7.8s)
✔ [5679/5703] Built Mathlib.Geometry.Manifold.MFDeriv.Basic (41s)
✔ [5680/5703] Built Mathlib.Analysis.InnerProductSpace.Convex (6.3s)
✔ [5681/5705] Built Mathlib.Analysis.SpecialFunctions.Trigonometric.ComplexDeriv (6.1s)
✔ [5682/5705] Built Mathlib.Geometry.Euclidean.Angle.Unoriented.Basic (10s)
✔ [5683/5705] Built Mathlib.Analysis.SpecialFunctions.Trigonometric.Arctan (10s)
✔ [5684/5708] Built Mathlib.Analysis.Complex.Arg (6.0s)
✔ [5685/5708] Built Mathlib.Geometry.Manifold.ContMDiff.NormedSpace (39s)
✔ [5686/5710] Built Mathlib.Analysis.SpecialFunctions.Trigonometric.ArctanDeriv (6.9s)
✔ [5687/5710] Built Mathlib.Analysis.Complex.AbsMax (8.4s)
✔ [5688/5710] Built Mathlib.Analysis.Complex.CoveringMap (7.3s)
✔ [5689/5710] Built Mathlib.Analysis.Normed.Module.Ball.Action (10s)
✔ [5690/5710] Built Mathlib.Geometry.Manifold.ContMDiff.Atlas (8.0s)
✔ [5691/5710] Built Mathlib.Geometry.Manifold.ContMDiffMap (6.8s)
✔ [5692/5710] Built Mathlib.Geometry.Manifold.VectorBundle.FiberwiseLinear (11s)
✔ [5693/5710] Built Mathlib.Analysis.SpecialFunctions.Trigonometric.Bounds (7.7s)
✔ [5694/5713] Built Mathlib.Topology.Homotopy.Lifting (14s)
✔ [5695/5713] Built Mathlib.Analysis.Complex.Schwarz (11s)
✔ [5696/5714] Built Mathlib.Analysis.Complex.Angle (6.2s)
✔ [5697/5714] Built Mathlib.Analysis.Complex.UnitDisc.Basic (14s)
✔ [5698/5718] Built Mathlib.Geometry.Manifold.Algebra.Monoid (14s)
✔ [5699/5718] Built Mathlib.Analysis.Complex.BorelCaratheodory (7.4s)
✔ [5700/5718] Built Mathlib.Analysis.Complex.BranchLogRoot (5.9s)
✔ [5701/5718] Built Mathlib.Geometry.Manifold.VectorBundle.Basic (17s)
✔ [5702/5722] Built Mathlib.Geometry.Manifold.Algebra.LieGroup (7.9s)
✔ [5703/5722] Built Mathlib.Geometry.Manifold.Algebra.SMul (9.2s)
✔ [5704/5725] Built Mathlib.Analysis.Meromorphic.Order (21s)
✔ [5705/5725] Built Mathlib.LinearAlgebra.Matrix.GeneralLinearGroup.Basic (11s)
✔ [5706/5725] Built Mathlib.Geometry.Manifold.Algebra.Structures (5.6s)
✔ [5707/5725] Built Mathlib.Analysis.Complex.ExponentialBounds (6.2s)
✔ [5708/5725] Built Mathlib.Analysis.Meromorphic.RCLike (4.5s)
✔ [5709/5725] Built Mathlib.Geometry.Manifold.BumpFunction (8.0s)
✔ [5710/5725] Built Mathlib.Analysis.Complex.PhragmenLindelof (9.9s)
✔ [5711/5726] Built Mathlib.Geometry.Manifold.VectorBundle.ContMDiffSection (13s)
✔ [5712/5726] Built Mathlib.Analysis.Meromorphic.IsolatedZeros (5.6s)
✔ [5713/5726] Built Mathlib.Analysis.Meromorphic.TrailingCoefficient (8.3s)
✔ [5714/5726] Built Mathlib.Analysis.Complex.HalfPlane (4.5s)
✔ [5715/5726] Built Mathlib.Analysis.Complex.Isometry (7.5s)
✔ [5716/5726] Built Mathlib.Analysis.Complex.Hadamard (8.8s)
✔ [5717/5732] Built Mathlib.Analysis.Complex.HasPrimitives (10s)
✔ [5718/5732] Built Mathlib.Analysis.Meromorphic.Divisor (9.5s)
✔ [5719/5732] Built Mathlib.Analysis.InnerProductSpace.CanonicalTensor (7.3s)
✔ [5720/5737] Built Mathlib.Analysis.Complex.Conformal (9.0s)
✔ [5721/5739] Built Mathlib.Geometry.Manifold.PartitionOfUnity (17s)
✔ [5722/5741] Built Mathlib.MeasureTheory.Integral.IntervalAverage (9.5s)
✔ [5723/5742] Built Mathlib.Analysis.Meromorphic.NormalForm (12s)
✔ [5724/5742] Built Mathlib.Analysis.Distribution.AEEqOfIntegralContDiff (11s)
✔ [5725/5742] Built Mathlib.Analysis.Distribution.DerivNotation (14s)
✔ [5726/5742] Built Mathlib.Analysis.Complex.UpperHalfPlane.Basic (8.2s)
✔ [5727/5743] Built Mathlib.Analysis.Complex.IsIntegral (4.8s)
✔ [5728/5743] Built Mathlib.MeasureTheory.Integral.CircleAverage (13s)
✔ [5729/5743] Built Mathlib.Analysis.Meromorphic.FactorizedRational (11s)
✔ [5730/5744] Built Mathlib.Analysis.Complex.IntegerCompl (6.9s)
✔ [5731/5746] Built Mathlib.Analysis.Calculus.Rademacher (15s)
✔ [5732/5746] Built Mathlib.Analysis.Complex.MeanValue (10s)
✔ [5733/5748] Built Mathlib.Analysis.InnerProductSpace.Laplacian (18s)
✔ [5734/5748] Built Mathlib.Analysis.SpecialFunctions.Log.NegMulLog (7.4s)
✔ [5735/5748] Built Mathlib.Analysis.SpecialFunctions.Trigonometric.Sinc (7.0s)
✔ [5736/5748] Built Mathlib.Analysis.InnerProductSpace.Harmonic.Basic (8.3s)
✔ [5737/5748] Built Mathlib.Analysis.Complex.Poisson (15s)
✔ [5738/5753] Built Mathlib.Analysis.SpecialFunctions.Log.InvLog (6.8s)
✔ [5739/5753] Built Mathlib.Analysis.Complex.CanonicalDecomposition (22s)
✔ [5740/5754] Built Mathlib.Analysis.SpecialFunctions.Integrability.Basic (7.2s)
✔ [5741/5754] Built Mathlib.Analysis.InnerProductSpace.Harmonic.Constructions (7.6s)
✔ [5742/5754] Built Mathlib.Analysis.InnerProductSpace.Harmonic.HarmonicContOnCl (6.9s)
✔ [5743/5757] Built Mathlib.Analysis.SpecialFunctions.Log.PosLog (6.0s)
✔ [5744/5757] Built Mathlib.Analysis.Complex.Harmonic.Analytic (13s)
✔ [5745/5758] Built Mathlib.Analysis.Complex.OpenMapping (10s)
✔ [5746/5758] Built Mathlib.Analysis.SpecialFunctions.Integrals.Basic (12s)
✔ [5747/5758] Built Mathlib.Order.Filter.ZeroAndBoundedAtFilter (7.8s)
✔ [5748/5758] Built Mathlib.Analysis.SpecialFunctions.Integrability.LogMeromorphic (9.6s)
✔ [5749/5760] Built Mathlib.Analysis.Complex.Harmonic.MeanValue (6.8s)
✔ [5750/5760] Built Mathlib.Analysis.Complex.Polynomial.GaussLucas (7.6s)
✔ [5751/5761] Built Mathlib.Analysis.Complex.Harmonic.Liouville (6.9s)
✔ [5752/5761] Built Mathlib.Analysis.Complex.Polynomial.UnitTrinomial (6.7s)
✔ [5753/5761] Built Mathlib.Analysis.Complex.Periodic (8.3s)
✔ [5754/5764] Built Mathlib.Analysis.SpecialFunctions.Integrals.LogTrigonometric (9.1s)
✔ [5755/5764] Built Mathlib.Analysis.Complex.Harmonic.Poisson (13s)
✔ [5756/5764] Built Mathlib.Analysis.Complex.TaylorSeries (8.8s)
✔ [5757/5764] Built Mathlib.Analysis.Complex.RiemannMapping (9.6s)
✔ [5758/5764] Built Mathlib.Analysis.RCLike.Sqrt (10s)
✔ [5759/5770] Built Mathlib.Analysis.Complex.SummableUniformlyOn (7.3s)
✔ [5760/5771] Built Mathlib.Analysis.SpecialFunctions.Integrals.PosLogEqCircleAverage (9.5s)
✔ [5761/5771] Built Mathlib.Analysis.Complex.Positivity (7.6s)
✔ [5762/5771] Built Mathlib.Order.Monotone.Union (3.0s)
✔ [5763/5771] Built Mathlib.Analysis.Complex.SqrtDeriv (7.2s)
✔ [5764/5774] Built Mathlib.Order.Monotone.Odd (3.0s)
✔ [5765/5774] Built Mathlib.Topology.UrysohnsBounded (6.4s)
✔ [5766/5777] Built Mathlib.Analysis.Complex.UpperHalfPlane.Exp (7.7s)
✔ [5767/5779] Built Mathlib.LinearAlgebra.Matrix.ProjectiveSpecialLinearGroup (6.7s)
✔ [5768/5780] Built Mathlib.Order.Interval.Set.IsoIoo (6.9s)
✔ [5769/5781] Built Mathlib.LinearAlgebra.Matrix.Charpoly.Disc (6.5s)
✔ [5770/5781] Built Mathlib.Analysis.Complex.JensenFormula (16s)
✔ [5771/5783] Built Mathlib.LinearAlgebra.Matrix.GeneralLinearGroup.Projective (10s)
✔ [5772/5784] Built Mathlib.Topology.TietzeExtension (10s)
✔ [5773/5784] Built Mathlib.Geometry.Manifold.MFDeriv.FDeriv (10s)
✔ [5774/5784] Built Mathlib.LinearAlgebra.Matrix.GeneralLinearGroup.FinTwo (11s)
✔ [5775/5788] Built Mathlib.RingTheory.Complex (6.7s)
✔ [5776/5788] Built Mathlib.RingTheory.Norm.Transitivity (10s)
✔ [5777/5789] Built Mathlib.Analysis.Complex.Tietze (11s)
✔ [5778/5790] Built Mathlib.Analysis.Complex.UpperHalfPlane.MoebiusAction (16s)
✔ [5779/5790] Built Mathlib.Analysis.SpecialFunctions.Trigonometric.DerivHyp (15s)
✔ [5780/5790] Built Mathlib.Geometry.Euclidean.Inversion.Basic (8.9s)
✔ [5781/5790] Built Mathlib.Topology.Algebra.Group.Matrix (8.9s)
✔ [5782/5793] Built Mathlib.Analysis.Complex.UpperHalfPlane.Topology (9.0s)
✔ [5783/5793] Built Mathlib.Topology.Compactification.StoneCech (5.7s)
✔ [5784/5797] Built Mathlib.Topology.Algebra.ProperAction.Basic (10s)
✔ [5785/5797] Built Mathlib.Analysis.Complex.UpperHalfPlane.FixedPoints (12s)
✔ [5786/5797] Built Mathlib.Analysis.SpecialFunctions.Arsinh (9.3s)
✔ [5787/5797] Built Mathlib.Topology.Category.CompHausLike.Basic (6.2s)
✔ [5788/5797] Built Mathlib.Analysis.Complex.UpperHalfPlane.FunctionsBoundedAtInfty (8.0s)
✔ [5789/5801] Built Mathlib.Topology.Compactification.OnePoint.Basic (7.8s)
✔ [5790/5803] Built Mathlib.Analysis.Complex.UpperHalfPlane.Manifold (15s)
✔ [5791/5803] Built Mathlib.Topology.Category.CompHaus.Basic (11s)
✔ [5792/5804] Built Mathlib.Analysis.Complex.UpperHalfPlane.Metric (14s)
✔ [5793/5806] Built Mathlib.Analysis.Complex.ValueDistribution.Proximity.Basic (14s)
✔ [5794/5806] Built Mathlib.Topology.Compactness.CompactlyGeneratedSpace (13s)
✔ [5795/5806] Built Mathlib.Analysis.Complex.ValueDistribution.LogCounting.Basic (28s)
✔ [5796/5806] Built Mathlib.Analysis.Complex.UpperHalfPlane.Measure (19s)
✔ [5797/5808] Built Mathlib.Analysis.ConstantSpeed (11s)
✔ [5798/5808] Built Mathlib.Analysis.Convex.AmpleSet (11s)
✔ [5799/5809] Built Mathlib.Topology.Algebra.ProperAction.CompactlyGenerated (11s)
✔ [5800/5809] Built Mathlib.Analysis.Complex.ValueDistribution.Proximity.IntegralPresentation (15s)
✔ [5801/5809] Built Mathlib.Analysis.Complex.ValueDistribution.LogCounting.Asymptotic (14s)
✔ [5802/5811] Built Mathlib.Analysis.Complex.ValueDistribution.CharacteristicFunction (8.8s)
✔ [5803/5811] Built Mathlib.Topology.Semicontinuity.Lindelof (7.1s)
✔ [5804/5811] Built Mathlib.Data.List.Triplewise (4.3s)
✔ [5805/5812] Built Mathlib.Analysis.Complex.UpperHalfPlane.ProperAction (12s)
✔ [5806/5815] Built Mathlib.Analysis.Complex.ValueDistribution.FirstMainTheorem (8.9s)
✔ [5807/5815] Built Mathlib.Combinatorics.Hall.Finite (5.8s)
✔ [5808/5815] Built Mathlib.Topology.Category.TopCat.Limits.Konig (6.0s)
✔ [5809/5815] Built Mathlib.Analysis.Convex.Between (22s)
✔ [5810/5815] Built Mathlib.Analysis.Complex.ValueDistribution.Cartan (12s)
✔ [5811/5823] Built Mathlib.CategoryTheory.CofilteredSystem (7.9s)
✔ [5812/5823] Built Mathlib.Analysis.Convex.Approximation (24s)
✔ [5813/5823] Built Mathlib.Data.PEquiv (5.8s)
✔ [5814/5823] Built Mathlib.Analysis.Convex.BetweenList (13s)
✔ [5815/5826] Built Mathlib.Combinatorics.Hall.Basic (6.5s)
✔ [5816/5826] Built Mathlib.Analysis.Convex.Caratheodory (7.3s)
✔ [5817/5829] Built Mathlib.Analysis.Convex.Body (14s)
✔ [5818/5829] Built Mathlib.Data.Matrix.PEquiv (6.6s)
✔ [5819/5831] Built Mathlib.Analysis.Convex.Cone.Closure (4.7s)
✔ [5820/5833] Built Mathlib.Topology.Algebra.Order.Module (3.8s)
✔ [5821/5833] Built Mathlib.Geometry.Convex.Cone.Simplicial (4.3s)
✔ [5822/5835] Built Mathlib.LinearAlgebra.Matrix.Permutation (6.8s)
✔ [5823/5836] Built Mathlib.Analysis.Convex.Cone.Basic (7.2s)
✔ [5824/5837] Built Mathlib.Geometry.Convex.Cone.Dual (12s)
✔ [5825/5837] Built Mathlib.Topology.Algebra.Module.TopDualPairing (7.3s)
✔ [5826/5838] Built Mathlib.Analysis.Convex.ContinuousLinearEquiv (5.0s)
✔ [5827/5838] Built Mathlib.LinearAlgebra.Matrix.Stochastic (9.6s)
✔ [5828/5839] Built Mathlib.Analysis.Normed.Affine.Convex (9.0s)
✔ [5829/5839] Built Mathlib.Analysis.Convex.Exposed (6.1s)
✔ [5830/5840] Built Mathlib.Analysis.Convex.Cone.Dual (11s)
✔ [5831/5840] Built Mathlib.Analysis.Convex.Extrema (6.3s)
✔ [5832/5841] Built Mathlib.Geometry.Convex.Cone.TensorProduct (9.1s)
✔ [5833/5841] Built Mathlib.Analysis.Convex.FunctionTopology (4.8s)
✔ [5834/5842] Built Mathlib.Analysis.Convex.DoublyStochasticMatrix (9.0s)
✔ [5835/5842] Built Mathlib.Analysis.Convex.Continuous (10s)
✔ [5836/5843] Built Mathlib.Analysis.Convex.Cone.InnerDual (9.6s)
✔ [5837/5843] Built Mathlib.Analysis.Convex.GaugeRescale (9.2s)
✔ [5838/5844] Built Mathlib.Analysis.Convex.Independent (5.3s)
✔ [5839/5845] Built Mathlib.Analysis.Convex.Cone.TensorProduct (8.0s)
✔ [5840/5846] Built Mathlib.Analysis.Convex.Birkhoff (10s)
✔ [5841/5847] Built Mathlib.Analysis.Convex.Integral (11s)
✔ [5842/5847] Built Mathlib.Analysis.Convex.Join (9.6s)
✔ [5843/5849] Built Mathlib.Analysis.Convex.KreinMilman (7.6s)
✔ [5844/5856] Built Mathlib.Analysis.Convex.Intrinsic (12s)
✔ [5845/5857] Built Mathlib.Analysis.Convex.LinearIsometry (6.4s)
✔ [5846/5858] Built Mathlib.Analysis.Convex.Measure (7.1s)
✔ [5847/5858] Built Mathlib.Analysis.Convex.Piecewise (7.6s)
✔ [5848/5859] Built Mathlib.Geometry.Convex.ConvexSpace.Defs (10s)
✔ [5849/5859] Built Mathlib.Analysis.Convex.Quasiconvex (7.9s)
✔ [5850/5862] Built Mathlib.Analysis.Convex.Radon (6.9s)
✔ [5851/5863] Built Mathlib.Geometry.Convex.ConvexSpace.Prod (4.6s)
✔ [5852/5863] Built Mathlib.Analysis.Convex.SimplicialComplex.Basic (6.4s)
✔ [5853/5864] Built Mathlib.Combinatorics.SimpleGraph.Init (2.1s)
✔ [5854/5865] Built Mathlib.Geometry.Convex.ConvexSpace.AffineSpace (6.1s)
✔ [5855/5865] Built Mathlib.Analysis.Convex.SpecificFunctions.Pow (7.1s)
✔ [5856/5866] Built Mathlib.Geometry.Convex.Set (8.4s)
✔ [5857/5866] Built Mathlib.Analysis.Convex.Side (19s)
✔ [5858/5867] Built Mathlib.Combinatorics.SimpleGraph.Basic (11s)
✔ [5859/5868] Built Mathlib.Geometry.Convex.Star (5.0s)
✔ [5860/5868] Built Mathlib.Analysis.Convex.Strict.Extreme (7.6s)
✔ [5861/5868] Built Mathlib.Analysis.Convex.StoneSeparation (8.6s)
✔ [5862/5869] Built Mathlib.Analysis.Convex.SimplicialComplex.AffineIndependentUnion (6.8s)
✔ [5863/5869] Built Mathlib.Analysis.Convex.StrictConvexBetween (7.2s)
✔ [5864/5871] Built Mathlib.Analysis.Convex.StrictCombination (14s)
✔ [5865/5874] Built Mathlib.Analysis.Convex.Strong (10s)
✔ [5866/5874] Built Mathlib.Analysis.Convex.Visible (16s)
✔ [5867/5878] Built Mathlib.Geometry.Convex.ConvexSpace.Module (24s)
✔ [5868/5878] Built Mathlib.Topology.Algebra.Module.Spaces.CompactConvergenceCLM (16s)
✔ [5869/5879] Built Mathlib.Analysis.Normed.Group.ZeroAtInfty (8.9s)
✔ [5870/5881] Built Mathlib.MeasureTheory.Integral.Layercake (14s)
✔ [5871/5882] Built Mathlib.MeasureTheory.Function.Holder (32s)
✔ [5872/5882] Built Mathlib.Analysis.SpecialFunctions.JapaneseBracket (17s)
✔ [5873/5882] Built Mathlib.Analysis.Convex.MetricSpace (25s)
✔ [5874/5885] Built Mathlib.Analysis.InnerProductSpace.Rayleigh (26s)
✔ [5875/5887] Built Mathlib.Analysis.Normed.Operator.Compact.Basic (20s)
✔ [5876/5889] Built Mathlib.LinearAlgebra.Matrix.Charpoly.Eigs (5.9s)
✔ [5877/5890] Built Mathlib.LinearAlgebra.Eigenspace.ContinuousLinearMap (6.6s)
✔ [5878/5890] Built Mathlib.Analysis.Normed.Operator.Compact.FiniteDimension (7.2s)
✔ [5879/5891] Built Mathlib.Data.Fin.Tuple.Sort (7.1s)
✔ [5880/5891] Built Mathlib.LinearAlgebra.Eigenspace.Charpoly (10s)
✔ [5881/5895] Built Mathlib.Analysis.Distribution.TemperateGrowth (32s)
✔ [5882/5897] Built Mathlib.Analysis.Normed.Operator.Compact.FredholmAlternative (22s)
✔ [5883/5897] Built Mathlib.Analysis.Matrix.Hermitian (8.7s)
✔ [5884/5897] Built Mathlib.MeasureTheory.Function.LpSpace.ContinuousFunctions (17s)
✔ [5885/5898] Built Mathlib.Analysis.SpecialFunctions.ContinuousFunctionalCalculus.Abs (26s)
✔ [5886/5902] Built Mathlib.MeasureTheory.Function.StronglyMeasurable.Inner (8.9s)
✔ [5887/5904] Built Mathlib.Analysis.InnerProductSpace.Spectrum (23s)
✔ [5888/5904] Built Mathlib.Geometry.Manifold.SmoothApprox (15s)
✔ [5889/5907] Built Mathlib.MeasureTheory.Function.ContinuousMapDense (15s)
✔ [5890/5907] Built Mathlib.Analysis.Matrix.Spectrum (20s)
✔ [5891/5907] Built Mathlib.Analysis.Normed.Lp.SmoothApprox (14s)
✔ [5892/5908] Built Mathlib.Analysis.Fourier.Notation (9.9s)
✔ [5893/5908] Built Mathlib.Analysis.Matrix.PosDef (8.7s)
✔ [5894/5908] Built Mathlib.Analysis.InnerProductSpace.l2Space (31s)
✔ [5895/5908] Built Mathlib.Analysis.Matrix.HermitianFunctionalCalculus (12s)
✔ [5896/5910] Built Mathlib.MeasureTheory.Integral.PeakFunction (15s)
✔ [5897/5913] Built Mathlib.Analysis.Distribution.ContDiffMapSupportedIn (128s)
✔ [5898/5915] Built Mathlib.Analysis.Matrix.Order (19s)
✔ [5899/5915] Built Mathlib.MeasureTheory.Measure.Lebesgue.Integral (8.3s)
✔ [5900/5919] Built Mathlib.MeasureTheory.Integral.Asymptotics (7.6s)
✔ [5901/5919] Built Mathlib.Analysis.InnerProductSpace.GramMatrix (12s)
✔ [5902/5922] Built Mathlib.Analysis.SpecialFunctions.PolarCoord (11s)
✔ [5903/5922] Built Mathlib.Analysis.SpecialFunctions.ImproperIntegrals (9.6s)
✔ [5904/5923] Built Mathlib.MeasureTheory.Integral.ExpDecay (7.2s)
✔ [5905/5923] Built Mathlib.Analysis.Fourier.FourierTransform (58s)
✔ [5906/5924] Built Mathlib.MeasureTheory.Integral.Pi (9.0s)
✔ [5907/5926] Built Mathlib.MeasureTheory.Function.L2Space (11s)
✔ [5908/5927] Built Mathlib.Analysis.SpecialFunctions.Gamma.Basic (9.6s)
✔ [5909/5928] Built Mathlib.Topology.Algebra.Module.Spaces.PointwiseConvergenceCLM (18s)
✔ [5910/5928] Built Mathlib.Analysis.Fourier.AddCircle (16s)
✔ [5911/5928] Built Mathlib.Analysis.Distribution.FourierSchwartz (6.9s)
✔ [5912/5930] Built Mathlib.Analysis.SpecialFunctions.Gaussian.GaussianIntegral (9.7s)
✔ [5913/5930] Built Mathlib.Analysis.Distribution.TestFunction (70s)
✔ [5914/5930] Built Mathlib.Analysis.Fourier.AddCircleMulti (15s)
✔ [5915/5932] Built Mathlib.Analysis.Fourier.BoundedContinuousFunctionChar (10s)
✔ [5916/5932] Built Mathlib.Analysis.SpecialFunctions.Gaussian.FourierTransform (12s)
✔ [5917/5932] Built Mathlib.Analysis.RCLike.Inner (11s)
✔ [5918/5934] Built Mathlib.Analysis.Distribution.Distribution (18s)
✔ [5919/5934] Built Mathlib.Analysis.Fourier.FiniteAbelian.Orthogonality (5.7s)
✔ [5920/5937] Built Mathlib.Analysis.Fourier.Inversion (8.1s)
✔ [5921/5937] Built Mathlib.GroupTheory.FiniteAbelian.Basic (8.6s)
✔ [5922/5937] Built Mathlib.Analysis.Fourier.FourierTransformDeriv (55s)
✔ [5923/5938] Built Mathlib.Analysis.Fourier.RiemannLebesgueLemma (10s)
✔ [5924/5939] Built Mathlib.Data.PNat.Prime (3.7s)
✔ [5925/5944] Built Mathlib.Topology.ContinuousMap.Periodic (23s)
✔ [5926/5947] Built Mathlib.Analysis.Fourier.FiniteAbelian.PontryaginDuality (8.0s)
✔ [5927/5948] Built Mathlib.NumberTheory.ArithmeticFunction.Moebius (5.6s)
✔ [5928/5954] Built Mathlib.FieldTheory.Galois.Abelian (6.3s)
✔ [5929/5954] Built Mathlib.RingTheory.RootsOfUnity.PrimitiveRoots (9.9s)
✔ [5930/5954] Built Mathlib.RingTheory.Adjoin.PowerBasis (8.8s)
✔ [5931/5957] Built Mathlib.Data.ZMod.Units (4.8s)
✔ [5932/5957] Built Mathlib.Analysis.Distribution.SchwartzSpace.Basic (97s)
✔ [5933/5957] Built Mathlib.FieldTheory.Finite.GaloisField (8.2s)
✔ [5934/5959] Built Mathlib.RingTheory.RootsOfUnity.EnoughRootsOfUnity (4.8s)
✔ [5935/5959] Built Mathlib.RingTheory.RootsOfUnity.Minpoly (6.3s)
✔ [5936/5961] Built Mathlib.RingTheory.RootsOfUnity.Complex (6.7s)
✔ [5937/5965] Built Mathlib.FieldTheory.Finite.Trace (5.2s)
✔ [5938/5966] Built Mathlib.Data.Int.Range (3.3s)
✔ [5939/5966] Built Mathlib.NumberTheory.MulChar.Basic (8.7s)
✔ [5940/5970] Built Mathlib.RingTheory.Polynomial.Cyclotomic.Basic (10s)
✔ [5941/5970] Built Mathlib.NumberTheory.LegendreSymbol.ZModChar (6.2s)
✔ [5942/5971] Built Mathlib.Analysis.InnerProductSpace.NormPow (9.2s)
✔ [5943/5971] Built Mathlib.NumberTheory.MulChar.Lemmas (7.8s)
✔ [5944/5972] Built Mathlib.Analysis.Distribution.SchwartzSpace.Deriv (23s)
✔ [5945/5972] Built Mathlib.NumberTheory.DirichletCharacter.Basic (6.8s)
✔ [5946/5972] Built Mathlib.Order.Grade (4.0s)
✔ [5947/5972] Built Mathlib.RingTheory.Polynomial.Cyclotomic.Roots (9.0s)
✔ [5948/5972] Built Mathlib.Analysis.Hofer (7.3s)
✔ [5949/5975] Built Mathlib.Analysis.Distribution.SchwartzSpace (6.2s)
✔ [5950/5975] Built Mathlib.Data.Finset.Grade (4.6s)
✔ [5951/5975] Built Mathlib.Analysis.InnerProductSpace.Affine (6.5s)
✔ [5952/5975] Built Mathlib.RingTheory.Polynomial.Cyclotomic.Expand (7.4s)
✔ [5953/5975] Built Mathlib.RingTheory.Polynomial.Cyclotomic.Eval (10s)
✔ [5954/5978] Built Mathlib.Data.Finset.Interval (7.2s)
✔ [5955/5978] Built Mathlib.Analysis.InnerProductSpace.Semisimple (9.2s)
✔ [5956/5978] Built Mathlib.NumberTheory.Cyclotomic.Basic (28s)
✔ [5957/5978] Built Mathlib.Analysis.Distribution.SchwartzSpace.Fourier (38s)
✔ [5958/5980] Built Mathlib.Analysis.InnerProductSpace.Positive (31s)
✔ [5959/5980] Built Mathlib.Analysis.InnerProductSpace.LaxMilgram (10s)
✔ [5960/5980] Built Mathlib.Analysis.InnerProductSpace.JointEigenspace (11s)
✔ [5961/5980] Built Mathlib.RingTheory.RootsOfUnity.AlgebraicallyClosed (10s)
✔ [5962/5980] Built Mathlib.Analysis.FunctionalSpaces.SobolevInequality (27s)
✔ [5963/5980] Built Mathlib.Analysis.Fourier.PoissonSummation (11s)
✔ [5964/5980] Built Mathlib.NumberTheory.Cyclotomic.PrimitiveRoots (15s)
✔ [5965/5980] Built Mathlib.Topology.Algebra.Module.LinearPMap (12s)
✔ [5966/5980] Built Mathlib.Analysis.Fourier.Convolution (26s)
✔ [5967/5984] Built Mathlib.NumberTheory.LegendreSymbol.AddCharacter (13s)
✔ [5968/5984] Built Mathlib.NumberTheory.GaussSum (12s)
✔ [5969/5984] Built Mathlib.Analysis.InnerProductSpace.LinearPMap (22s)
✔ [5970/5986] Built Mathlib.Dynamics.BirkhoffSum.Basic (4.4s)
✔ [5971/5986] Built Mathlib.Analysis.SpecialFunctions.Complex.CircleAddChar (10s)
✔ [5972/5986] Built Mathlib.NumberTheory.DirichletCharacter.GaussSum (8.2s)
✔ [5973/5987] Built Mathlib.Dynamics.BirkhoffSum.Average (4.9s)
✔ [5974/5987] Built Mathlib.Analysis.Distribution.TemperedDistribution (56s)
✔ [5975/5987] Built Mathlib.LinearAlgebra.Basis.MulOpposite (5.5s)
✔ [5976/5987] Built Mathlib.Dynamics.BirkhoffSum.NormedSpace (6.6s)
✔ [5977/5989] Built Mathlib.Analysis.InnerProductSpace.TensorProduct (65s)
✔ [5978/5989] Built Mathlib.Analysis.Fourier.ZMod (12s)
✔ [5979/5989] Built Mathlib.Analysis.InnerProductSpace.SingularValues (11s)
✔ [5980/5991] Built Mathlib.Analysis.InnerProductSpace.MulOpposite (6.9s)
✔ [5981/5991] Built Mathlib.Analysis.Distribution.Support (15s)
✔ [5982/5991] Built Mathlib.Analysis.Distribution.FourierMultiplier (18s)
✔ [5983/5993] Built Mathlib.Analysis.InnerProductSpace.MeanErgodic (11s)
✔ [5984/5994] Built Mathlib.Analysis.Fourier.LpSpace (27s)
✔ [5985/5994] Built Mathlib.MeasureTheory.Measure.Hausdorff (18s)
✔ [5986/5995] Built Mathlib.Analysis.InnerProductSpace.Coalgebra (28s)
✔ [5987/5995] Built Mathlib.Analysis.InnerProductSpace.OfNorm (18s)
✔ [5988/5996] Built Mathlib.Analysis.InnerProductSpace.StandardSubspace (11s)
✔ [5989/5996] Built Mathlib.Topology.MetricSpace.HausdorffDimension (11s)
✔ [5990/5996] Built Mathlib.Analysis.InnerProductSpace.Reproducing (32s)
✔ [5991/5998] Built Mathlib.Analysis.Distribution.Sobolev (20s)
✔ [5992/6001] Built Mathlib.Analysis.InnerProductSpace.StarOrder (11s)
✔ [5993/6002] Built Mathlib.LinearAlgebra.Complex.Orientation (4.7s)
✔ [5994/6002] Built Mathlib.Analysis.InnerProductSpace.Trace (7.2s)
✔ [5995/6002] Built Mathlib.Geometry.Euclidean.Volume.Measure (18s)
✔ [5996/6005] Built Mathlib.Analysis.LocallyConvex.ContinuousOfBounded (7.4s)
✔ [5997/6005] Built Mathlib.Analysis.LocallyConvex.Montel (8.3s)
✔ [5998/6006] Built Mathlib.Analysis.LocallyConvex.StrongTopology (7.4s)
✔ [5999/6006] Built Mathlib.Analysis.InnerProductSpace.TwoDim (19s)
✔ [6000/6006] Built Mathlib.Analysis.InnerProductSpace.NormDet (16s)
✔ [6001/6008] Built Mathlib.Analysis.LocallyConvex.WeakOperatorTopology (29s)
✔ [6002/6008] Built Mathlib.Analysis.LocallyConvex.WeakSpace (10s)
✔ [6003/6011] Built Mathlib.Analysis.Matrix.LDL (8.3s)
✔ [6004/6011] Built Mathlib.Analysis.LocallyConvex.PointwiseConvergence (10s)
✔ [6005/6015] Built Mathlib.Analysis.SpecificLimits.RCLike (4.0s)
✔ [6006/6017] Built Mathlib.Analysis.InnerProductSpace.WeakOperatorTopology (8.1s)
✔ [6007/6019] Built Mathlib.Analysis.MellinTransform (11s)
✔ [6008/6019] Built Mathlib.Analysis.SpecialFunctions.Trigonometric.EulerSineProd (10s)
✔ [6009/6021] Built Mathlib.Topology.Algebra.AsymptoticCone (12s)
✔ [6010/6022] Built Mathlib.LinearAlgebra.AffineSpace.Ceva (12s)
✔ [6011/6022] Built Mathlib.Analysis.SpecialFunctions.Complex.LogBounds (15s)
✔ [6012/6023] Built Mathlib.Analysis.SpecialFunctions.Gamma.Deriv (11s)
✔ [6013/6023] Built Mathlib.Topology.MetricSpace.TransferInstance (4.2s)
✔ [6014/6023] Built Mathlib.Analysis.Normed.Affine.AsymptoticCone (7.1s)
✔ [6015/6023] Built Mathlib.Analysis.Normed.Affine.Ceva (5.7s)
✔ [6016/6023] Built Mathlib.Analysis.MellinInversion (10s)
✔ [6017/6026] Built Mathlib.Analysis.Normed.Affine.MazurUlam (7.1s)
✔ [6018/6029] Built Mathlib.Analysis.Normed.Affine.Simplex (7.8s)
✔ [6019/6029] Built Mathlib.Analysis.SpecialFunctions.Gamma.BohrMollerup (9.3s)
✔ [6020/6030] Built Mathlib.Topology.Instances.TrivSqZeroExt (7.3s)
✔ [6021/6032] Built Mathlib.Analysis.Polynomial.Factorization (6.7s)
✔ [6022/6032] Built Mathlib.Analysis.Normed.Affine.ContinuousAffineMap (12s)
✔ [6023/6032] Built Mathlib.Analysis.Normed.Algebra.MatrixExponential (7.0s)
✔ [6024/6032] Built Mathlib.Analysis.SpecialFunctions.Gamma.Beta (9.7s)
✔ [6025/6032] Built Mathlib.Analysis.Quaternion (10s)
✔ [6026/6035] Built Mathlib.Analysis.SpecialFunctions.Trigonometric.Series (7.4s)
✔ [6027/6035] Built Mathlib.Analysis.Normed.Algebra.GelfandMazur (12s)
✔ [6028/6037] Built Mathlib.Analysis.Meromorphic.Complex (5.9s)
✔ [6029/6037] Built Mathlib.Analysis.Normed.Ring.Ultra (4.3s)
✔ [6030/6044] Built Mathlib.Analysis.Normed.Algebra.QuaternionExponential (6.4s)
✔ [6031/6045] Built Mathlib.Analysis.Normed.Field.Ultra (5.1s)
✔ [6032/6045] Built Mathlib.Analysis.Normed.Algebra.TrivSqZeroExt (24s)
✔ [6033/6047] Built Mathlib.Analysis.Normed.Unbundled.RingSeminorm (7.7s)
✔ [6034/6050] Built Mathlib.Topology.MetricSpace.Sequences (4.2s)
✔ [6035/6050] Built Mathlib.Topology.Algebra.Order.LiminfLimsup (4.0s)
✔ [6036/6050] Built Mathlib.Analysis.Normed.Algebra.Ultra (4.6s)
✔ [6037/6050] Built Mathlib.Analysis.Normed.Algebra.DualNumber (5.7s)
✔ [6038/6050] Built Mathlib.Analysis.Normed.Unbundled.SeminormFromBounded (6.1s)
✔ [6039/6051] Built Mathlib.Analysis.Normed.Unbundled.AlgebraNorm (7.5s)
✔ [6040/6052] Built Mathlib.Analysis.Normed.Field.Approximation (7.3s)
✔ [6041/6052] Built Mathlib.Analysis.Normed.Unbundled.SeminormFromConst (6.7s)
✔ [6042/6053] Built Mathlib.FieldTheory.Minpoly.IsConjRoot (6.7s)
✔ [6043/6054] Built Mathlib.Analysis.Normed.Field.Instances (5.6s)
✔ [6044/6055] Built Mathlib.Analysis.Normed.Field.ProperSpace (4.0s)
✔ [6045/6056] Built Mathlib.Analysis.Normed.Unbundled.IsPowMulFaithful (5.9s)
✔ [6046/6056] Built Mathlib.Analysis.Normed.Unbundled.SmoothingSeminorm (8.7s)
✔ [6047/6058] Built Mathlib.Analysis.Normed.Group.CocompactMap (4.3s)
✔ [6048/6058] Built Mathlib.Analysis.Normed.Group.Completeness (4.6s)
✔ [6049/6063] Built Mathlib.Analysis.Normed.Group.ControlledClosure (6.7s)
✔ [6050/6063] Built Mathlib.Analysis.Normed.Group.HomCompletion (5.6s)
✔ [6051/6064] Built Mathlib.Analysis.Normed.Unbundled.FiniteExtension (7.8s)
✔ [6052/6064] Built Mathlib.Topology.Algebra.SeparationQuotient.Hom (4.9s)
✔ [6053/6065] Built Mathlib.Analysis.Normed.Group.SemiNormedGrp (7.8s)
✔ [6054/6065] Built Mathlib.Analysis.Normed.Group.Tannery (5.9s)
✔ [6055/6066] Built Mathlib.Analysis.Normed.Group.SeparationQuotient (4.8s)
✔ [6056/6066] Built Mathlib.Analysis.Normed.Unbundled.InvariantExtension (7.1s)
✔ [6057/6066] Built Mathlib.Analysis.Normed.Lp.LpEquiv (8.1s)
✔ [6058/6067] Built Mathlib.Analysis.Normed.Lp.Finsupp (9.9s)
✔ [6059/6067] Built Mathlib.Analysis.Normed.Group.SemiNormedGrp.Completion (5.7s)
✔ [6060/6068] Built Mathlib.Analysis.Normed.Group.SemiNormedGrp.Kernels (7.1s)
✔ [6061/6069] Built Mathlib.Analysis.Normed.Module.Ball.RadialEquiv (7.7s)
✔ [6062/6070] Built Mathlib.Analysis.Normed.Module.Bases (12s)
✔ [6063/6070] Built Mathlib.Analysis.Normed.Module.ContinuousInverse (10s)
✔ [6064/6073] Built Mathlib.Analysis.Normed.Unbundled.SpectralNorm (18s)
✔ [6065/6073] Built Mathlib.Analysis.Normed.Module.MStructure (6.6s)
✔ [6066/6075] Built Mathlib.Analysis.Normed.Module.DoubleDual (11s)
✔ [6067/6078] Built Mathlib.Topology.Algebra.InfiniteSum.Field (3.0s)
✔ [6068/6078] Built Mathlib.Analysis.Normed.Field.Krasner (7.8s)
✔ [6069/6079] Built Mathlib.Analysis.Normed.Module.TransferInstance (4.6s)
✔ [6070/6079] Built Mathlib.Analysis.SpecialFunctions.Log.Summable (6.7s)
✔ [6071/6080] Built Mathlib.Analysis.Normed.Lp.lpHolder (37s)
✔ [6072/6080] Built Mathlib.Analysis.Normed.Operator.Compact (3.9s)
✔ [6073/6080] Built Mathlib.Analysis.Normed.Module.Shrink (3.0s)
✔ [6074/6081] Built Mathlib.Analysis.Normed.Module.PiTensorProduct.ProjectiveSeminorm (15s)
✔ [6075/6081] Built Mathlib.Analysis.Normed.Field.Dense (10s)
✔ [6076/6082] Built Mathlib.Analysis.Normed.Operator.FredholmAlternative (4.9s)
✔ [6077/6083] Built Mathlib.Analysis.Normed.Module.MultipliableUniformlyOn (9.7s)
✔ [6078/6086] Built Mathlib.Analysis.Normed.Order.Basic (3.0s)
✔ [6079/6087] Built Mathlib.Analysis.Normed.Order.Hom.Basic (5.8s)
✔ [6080/6088] Built Mathlib.Topology.Algebra.Order.UpperLower (5.7s)
✔ [6081/6088] Built Mathlib.Analysis.Normed.Order.Hom.Ultra (4.4s)
✔ [6082/6089] Built Mathlib.Analysis.Normed.Ring.InfiniteProd (7.1s)
✔ [6083/6089] Built Mathlib.Analysis.Normed.Module.PiTensorProduct.InjectiveSeminorm (18s)
✔ [6084/6090] Built Mathlib.Analysis.Normed.Ring.Int (4.8s)
✔ [6085/6091] Built Mathlib.Analysis.NormedSpace.FunctionSeries (4.5s)
✔ [6086/6092] Built Mathlib.Analysis.Normed.Order.UpperLower (6.6s)
✔ [6087/6093] Built Mathlib.Analysis.NormedSpace.OperatorNorm.Completeness (4.6s)
✔ [6088/6094] Built Mathlib.Analysis.NormedSpace.OperatorNorm.NNNorm (4.5s)
✔ [6089/6095] Built Mathlib.Analysis.Normed.Operator.ContinuousAlgEquiv (36s)
✔ [6090/6095] Built Mathlib.Analysis.NormedSpace.OperatorNorm.Prod (4.6s)
✔ [6091/6096] Built Mathlib.Analysis.NormedSpace.RCLike (4.7s)
✔ [6092/6101] Built Mathlib.Analysis.NormedSpace.Real (4.3s)
✔ [6093/6103] Built Mathlib.Analysis.ODE.Basic (5.7s)
✔ [6094/6103] Built Mathlib.Dynamics.FixedPoints.Topology (3.9s)
✔ [6095/6104] Built Mathlib.Analysis.ODE.DiscreteGronwall (8.0s)
✔ [6096/6104] Built Mathlib.Analysis.ODE.Gronwall (7.4s)
✔ [6097/6105] Built Mathlib.Analysis.PSeriesComplex (5.6s)
✔ [6098/6105] Built Mathlib.Analysis.ODE.Transform (6.3s)
✔ [6099/6105] Built Mathlib.Topology.MetricSpace.Contracting (6.0s)
✔ [6100/6111] Built Mathlib.Analysis.Polynomial.Basic (11s)
✔ [6101/6112] Built Mathlib.Analysis.Polynomial.CauchyBound (9.0s)
✔ [6102/6113] Built Mathlib.Analysis.Polynomial.Fourier (9.1s)
✔ [6103/6113] Built Mathlib.Analysis.Polynomial.Order (9.4s)
✔ [6104/6115] Built Mathlib.Analysis.ODE.PicardLindelof (14s)
✔ [6105/6115] Built Mathlib.RingTheory.MvPowerSeries.GaussNorm (14s)
✔ [6106/6117] Built Mathlib.Analysis.RCLike.BoundedContinuous (11s)
✔ [6107/6118] Built Mathlib.Analysis.RCLike.ContinuousMap (7.2s)
✔ [6108/6119] Built Mathlib.Data.Rat.NatSqrt.Defs (3.0s)
✔ [6109/6119] Built Mathlib.RingTheory.PowerSeries.GaussNorm (5.9s)
✔ [6110/6120] Built Mathlib.Analysis.ODE.ExistUnique (11s)
✔ [6111/6120] Built Mathlib.Order.Filter.FilterProduct (5.0s)
✔ [6112/6120] Built Mathlib.Analysis.Real.OfDigits (7.4s)
✔ [6113/6120] Built Mathlib.Analysis.Rat.NatSqrt.Real (5.5s)
✔ [6114/6121] Built Mathlib.Analysis.Real.Pi.Chudnovsky (6.0s)
✔ [6115/6126] Built Mathlib.Analysis.Real.Pi.Bounds (9.4s)
✔ [6116/6128] Built Mathlib.RingTheory.Polynomial.GaussNorm (12s)
✔ [6117/6128] Built Mathlib.Data.Rat.Sqrt (3.9s)
✔ [6118/6128] Built Mathlib.Analysis.Real.Hyperreal (10s)
✔ [6119/6129] Built Mathlib.Analysis.SpecialFunctions.Complex.Arctan (6.7s)
✔ [6120/6129] Built Mathlib.Analysis.Polynomial.Norm (4.9s)
✔ [6121/6130] Built Mathlib.Analysis.Real.Pi.Wallis (6.2s)
✔ [6122/6130] Built Mathlib.Analysis.SpecialFunctions.Arcosh (5.6s)
✔ [6123/6130] Built Mathlib.NumberTheory.Real.Irrational (5.5s)
✔ [6124/6131] Built Mathlib.Analysis.SpecialFunctions.ArithmeticGeometricMean (5.0s)
✔ [6125/6131] Built Mathlib.Analysis.Real.Pi.Leibniz (6.9s)
✔ [6126/6132] Built Mathlib.Analysis.SpecialFunctions.Artanh (7.0s)
✔ [6127/6132] Built Mathlib.Analysis.SpecialFunctions.BinaryEntropy (8.8s)
✔ [6128/6138] Built Mathlib.Analysis.SpecialFunctions.Choose (5.8s)
✔ [6129/6139] Built Mathlib.Analysis.Polynomial.MahlerMeasure (11s)
✔ [6130/6140] Built Mathlib.Analysis.Real.Pi.Irrational (9.1s)
✔ [6131/6140] Built Mathlib.Analysis.SpecialFunctions.CompareExp (5.2s)
✔ [6132/6140] Built Mathlib.Analysis.SpecialFunctions.ContinuousFunctionalCalculus.Rpow.ConjSqrt (8.9s)
✔ [6133/6145] Built Mathlib.Analysis.SpecialFunctions.Log.RpowTendsto (8.5s)
✔ [6134/6145] Built Mathlib.Analysis.SpecialFunctions.Gamma.Deligne (6.8s)
✔ [6135/6147] Built Mathlib.NumberTheory.Harmonic.Defs (3.3s)
✔ [6136/6148] Built Mathlib.NumberTheory.Harmonic.EulerMascheroni (6.8s)
✔ [6137/6148] Built Mathlib.Analysis.SpecialFunctions.Gaussian.PoissonSummation (8.4s)
✔ [6138/6149] Built Mathlib.Data.Int.Log (4.9s)
✔ [6139/6149] Built Mathlib.Analysis.SpecialFunctions.Log.Monotone (5.4s)
✔ [6140/6149] Built Mathlib.NumberTheory.Harmonic.GammaDeriv (10s)
✔ [6141/6150] Built Mathlib.Analysis.SpecialFunctions.MulExpNegMulSq (5.4s)
✔ [6142/6152] Built Mathlib.Analysis.SpecialFunctions.Log.Base (7.3s)
✔ [6143/6153] Built Mathlib.Analysis.SpecialFunctions.Gamma.Digamma (5.2s)
✔ [6144/6153] Built Mathlib.Analysis.SpecialFunctions.ContinuousFunctionalCalculus.Rpow.RingInverseOrder (34s)
✔ [6145/6153] Built Mathlib.MeasureTheory.Integral.BoundedContinuousFunction (5.9s)
✔ [6146/6156] Built Mathlib.MeasureTheory.Measure.RegularityCompacts (4.6s)
✔ [6147/6156] Built Mathlib.Analysis.SpecialFunctions.Pochhammer (5.3s)
✔ [6148/6156] Built Mathlib.MeasureTheory.Constructions.HaarToSphere (11s)
✔ [6149/6158] Built Mathlib.Analysis.SpecialFunctions.MulExpNegMulSqIntegral (11s)
✔ [6150/6159] Built Mathlib.Analysis.SpecialFunctions.Pow.NthRootLemmas (4.7s)
✔ [6151/6160] Built Mathlib.Analysis.SpecialFunctions.Elliptic.Weierstrass (59s)
✔ [6152/6160] Built Mathlib.MeasureTheory.Constructions.Polish.EmbeddingReal (4.6s)
✔ [6153/6160] Built Mathlib.Analysis.SpecialFunctions.Pow.Integral (6.9s)
✔ [6154/6164] Built Mathlib.Analysis.SpecialFunctions.Trigonometric.Chebyshev.Basic (5.5s)
✔ [6155/6165] Built Mathlib.Analysis.SpecialFunctions.Stirling (10s)
✔ [6156/6165] Built Mathlib.Analysis.SpecialFunctions.Sigmoid (6.5s)
✔ [6157/6167] Built Mathlib.Analysis.SpecialFunctions.ContinuousFunctionalCalculus.Rpow.IntegralRepresentation (33s)
✔ [6158/6167] Built Mathlib.Analysis.SpecialFunctions.Trigonometric.InverseDeriv (5.2s)
✔ [6159/6169] Built Mathlib.MeasureTheory.Integral.IntervalIntegral.ContDiff (6.6s)
✔ [6160/6171] Built Mathlib.Analysis.SpecialFunctions.Trigonometric.Chebyshev.Extremal (7.4s)
✔ [6161/6172] Built Mathlib.NumberTheory.Niven (8.6s)
✔ [6162/6173] Built Mathlib.Analysis.SpecialFunctions.ContinuousFunctionalCalculus.Rpow.Order (9.6s)
✔ [6163/6173] Built Mathlib.Order.Interval.Finset.Box (5.6s)
✔ [6164/6173] Built Mathlib.Analysis.SpecialFunctions.Trigonometric.Chebyshev.Orthogonality (8.5s)
✔ [6165/6173] Built Mathlib.Analysis.SpecialFunctions.Trigonometric.Meromorphic (5.1s)
✔ [6166/6173] Built Mathlib.Topology.Algebra.InfiniteSum.TsumUniformlyOn (7.5s)
✔ [6167/6173] Built Mathlib.NumberTheory.ModularForms.EisensteinSeries.Summable (7.0s)
✔ [6168/6174] Built Mathlib.Analysis.SpecialFunctions.Trigonometric.Chebyshev.RootsExtrema (10s)
✔ [6169/6175] Built Mathlib.Analysis.SpecificLimits.ArithmeticGeometric (5.4s)
✔ [6170/6178] Built Mathlib.Data.Int.Fib.Basic (5.4s)
✔ [6171/6179] Built Mathlib.Analysis.SpecialFunctions.Trigonometric.Chebyshev.ChebyshevGauss (10s)
✔ [6172/6180] Built Mathlib.Analysis.SpecialFunctions.ContinuousFunctionalCalculus.ExpLog.Order (15s)
✔ [6173/6181] Built Mathlib.Analysis.SpecialFunctions.Trigonometric.Cotangent (11s)
✔ [6174/6182] Built Mathlib.Tactic.NormNum.NatFib (4.0s)
✔ [6175/6184] Built Mathlib.Tactic.NormNum.Prime (4.8s)
✔ [6176/6184] Built Mathlib.Analysis.Subadditive (5.1s)
✔ [6177/6184] Built Mathlib.Analysis.SpecificLimits.FloorPow (12s)
✔ [6178/6184] Built Mathlib.Analysis.SumIntegralComparisons (11s)
✔ [6179/6184] Built Mathlib.NumberTheory.Real.GoldenRatio (7.8s)
✔ [6180/6187] Built Mathlib.Analysis.VonNeumannAlgebra.Basic (11s)
✔ [6181/6189] Built Mathlib.CategoryTheory.Preadditive.Yoneda.Projective (4.3s)
✔ [6182/6191] Built Mathlib.Analysis.SumIntegralExpDecay (6.8s)
✔ [6183/6194] Built Mathlib.Analysis.SpecificLimits.Fibonacci (6.4s)
✔ [6184/6198] Built Mathlib.CategoryTheory.Abelian.DiagramLemmas.KernelCokernelComp (11s)
✔ [6185/6198] Built Mathlib.CategoryTheory.Limits.FunctorToTypes (3.9s)
✔ [6186/6198] Built Mathlib.CategoryTheory.Generator.Preadditive (4.5s)
✔ [6187/6202] Built Mathlib.CategoryTheory.Preadditive.Yoneda.Limits (5.1s)
✔ [6188/6202] Built Mathlib.CategoryTheory.Filtered.Small (5.3s)
✔ [6189/6202] Built Mathlib.CategoryTheory.Generator.Abelian (4.4s)
✔ [6190/6204] Built Mathlib.CategoryTheory.Limits.Preserves.Yoneda (5.7s)
✔ [6191/6204] Built Mathlib.CategoryTheory.Limits.Preserves.Presheaf (5.9s)
✔ [6192/6204] Built Mathlib.CategoryTheory.Abelian.Projective.Basic (3.9s)
✔ [6193/6204] Built Mathlib.CategoryTheory.Comma.Presheaf.Colimit (4.2s)
✔ [6194/6205] Built Mathlib.CategoryTheory.Limits.Indization.IndObject (5.1s)
✔ [6195/6211] Built Mathlib.CategoryTheory.Limits.IndYoneda (8.2s)
✔ [6196/6214] Built Mathlib.CategoryTheory.Comma.StructuredArrow.CommaMap (10s)
✔ [6197/6214] Built Mathlib.CategoryTheory.Abelian.Yoneda (5.9s)
✔ [6198/6215] Built Mathlib.CategoryTheory.Limits.FunctorCategory.Filtered (3.1s)
✔ [6199/6216] Built Mathlib.CategoryTheory.Limits.Indization.FilteredColimits (5.7s)
✔ [6200/6216] Built Mathlib.CategoryTheory.Limits.FunctorCategory.Shapes.Products (3.9s)
✔ [6201/6216] Built Mathlib.CategoryTheory.Limits.Indization.LocallySmall (5.1s)
✔ [6202/6216] Built Mathlib.CategoryTheory.Comma.Final (5.2s)
✔ [6203/6218] Built Mathlib.CategoryTheory.Abelian.GrothendieckCategory.Coseparator (3.8s)
✔ [6204/6218] Built Mathlib.CategoryTheory.Abelian.GrothendieckAxioms.Connected (4.7s)
✔ [6205/6221] Built Mathlib.CategoryTheory.Preadditive.LiftToFinset (3.9s)
✔ [6206/6221] Built Mathlib.CategoryTheory.Limits.Indization.ParallelPair (5.3s)
✔ [6207/6221] Built Mathlib.CategoryTheory.Abelian.GrothendieckCategory.ModuleEmbedding.Opposite (10s)
✔ [6208/6221] Built Mathlib.CategoryTheory.Limits.FilteredColimitCommutesProduct (7.8s)
✔ [6209/6224] Built Mathlib.CategoryTheory.Preadditive.Yoneda.Injective (3.8s)
✔ [6210/6224] Built Mathlib.CategoryTheory.Limits.Indization.Equalizers (3.8s)
✔ [6211/6225] Built Mathlib.CategoryTheory.Abelian.Injective.Dimension (6.2s)
✔ [6212/6226] Built Mathlib.CategoryTheory.Limits.Indization.Products (4.1s)
✔ [6213/6227] Built Mathlib.CategoryTheory.Abelian.GrothendieckCategory.ModuleEmbedding.GabrielPopescu (9.2s)
✔ [6214/6227] Built Mathlib.CategoryTheory.Abelian.Injective.Basic (4.5s)
✔ [6215/6230] Built Mathlib.CategoryTheory.Preadditive.Injective.Resolution (4.8s)
✔ [6216/6230] Built Mathlib.CategoryTheory.Limits.Indization.Category (5.4s)
✔ [6217/6232] Built Mathlib.CategoryTheory.Abelian.Monomorphisms (3.5s)
✔ [6218/6232] Built Mathlib.CategoryTheory.Abelian.Preradical.Basic (3.5s)
✔ [6219/6233] Built Mathlib.CategoryTheory.Limits.Preserves.Shapes.Square (4.2s)
✔ [6220/6233] Built Mathlib.CategoryTheory.Preadditive.Indization (3.9s)
✔ [6221/6234] Built Mathlib.CategoryTheory.Abelian.Injective.Extend (5.4s)
✔ [6222/6234] Built Mathlib.CategoryTheory.Abelian.Injective.Resolution (7.2s)
✔ [6223/6234] Built Mathlib.CategoryTheory.Abelian.Projective.Extend (5.1s)
✔ [6224/6234] Built Mathlib.CategoryTheory.Abelian.Preradical.Colon (5.0s)
✔ [6225/6234] Built Mathlib.CategoryTheory.Generator.Indization (3.7s)
✔ [6226/6234] Built Mathlib.CategoryTheory.Abelian.Pseudoelements (5.2s)
✔ [6227/6237] Built Mathlib.CategoryTheory.Abelian.Indization (6.2s)
✔ [6228/6238] Built Mathlib.CategoryTheory.Abelian.Injective.Ext (7.9s)
✔ [6229/6238] Built Mathlib.CategoryTheory.Abelian.Preradical.Radical (3.6s)
✔ [6230/6239] Built Mathlib.CategoryTheory.Abelian.RightDerived (7.7s)
✔ [6231/6242] Built Mathlib.CategoryTheory.Abelian.Projective.Ext (8.2s)
✔ [6232/6245] Built Mathlib.CategoryTheory.Limits.Shapes.Pullback.IsPullback.Kernels (3.2s)
✔ [6233/6245] Built Mathlib.CategoryTheory.Abelian.GrothendieckAxioms.Indization (3.2s)
✔ [6234/6246] Built Mathlib.CategoryTheory.Abelian.ShortExact (3.1s)
✔ [6235/6246] Built Mathlib.CategoryTheory.MorphismProperty.OfObjectProperty (3.0s)
✔ [6236/6247] Built Mathlib.CategoryTheory.Abelian.SerreClass.MorphismProperty (4.9s)
✔ [6237/6247] Built Mathlib.CategoryTheory.Abelian.FreydMitchell (4.7s)
✔ [6238/6249] Built Mathlib.GroupTheory.SemidirectProduct (9.5s)
✔ [6239/6249] Built Mathlib.CategoryTheory.ObjectProperty.Kernels (4.1s)
✔ [6240/6249] Built Mathlib.CategoryTheory.Action.Basic (9.4s)
✔ [6241/6249] Built Mathlib.CategoryTheory.Abelian.SerreClass.Localization (6.8s)
✔ [6242/6250] Built Mathlib.CategoryTheory.Abelian.SerreClass.Bousfield (3.0s)
✔ [6243/6252] Built Mathlib.CategoryTheory.Linear.FunctorCategory (3.7s)
✔ [6244/6252] Built Mathlib.CategoryTheory.Action (5.0s)
✔ [6245/6253] Built Mathlib.CategoryTheory.Abelian.Subcategory (4.4s)
✔ [6246/6253] Built Mathlib.CategoryTheory.Action.Concrete (5.6s)
✔ [6247/6254] Built Mathlib.CategoryTheory.Monoidal.Rigid.FunctorCategory (5.2s)
✔ [6248/6255] Built Mathlib.CategoryTheory.Adhesive (4.1s)
✔ [6249/6256] Built Mathlib.CategoryTheory.Monoidal.Rigid.OfEquivalence (4.6s)
✔ [6250/6257] Built Mathlib.CategoryTheory.Action.Limits (8.4s)
✔ [6251/6257] Built Mathlib.CategoryTheory.Action.Continuous (12s)
✔ [6252/6257] Built Mathlib.CategoryTheory.Adhesive.Over (4.4s)
✔ [6253/6260] Built Mathlib.CategoryTheory.Adhesive.Subobject (5.2s)
✔ [6254/6260] Built Mathlib.CategoryTheory.Adjunction.FullyFaithfulLimits (4.6s)
✔ [6255/6262] Built Mathlib.CategoryTheory.Adjunction.Evaluation (8.6s)
✔ [6256/6264] Built Mathlib.CategoryTheory.Monad.Coequalizer (4.9s)
✔ [6257/6265] Built Mathlib.CategoryTheory.Adjunction.Lifting.Right (6.7s)
✔ [6258/6266] Built Mathlib.CategoryTheory.Adjunction.Triple (6.5s)
✔ [6259/6266] Built Mathlib.CategoryTheory.Action.Monoidal (15s)
✔ [6260/6267] Built Mathlib.CategoryTheory.Adjunction.Lifting.Left (7.1s)
✔ [6261/6268] Built Mathlib.CategoryTheory.Bicategory.End (4.0s)
✔ [6262/6268] Built Mathlib.CategoryTheory.Bicategory.EqToHom (4.3s)
✔ [6263/6271] Built Mathlib.CategoryTheory.Adjunction.Quadruple (4.0s)
✔ [6264/6274] Built Mathlib.CategoryTheory.Bicategory.Functor.Cat (5.3s)
✔ [6265/6280] Built Mathlib.CategoryTheory.Bicategory.Extension (9.7s)
✔ [6266/6283] Built Mathlib.CategoryTheory.Bicategory.Free (15s)
✔ [6267/6283] Built Mathlib.CategoryTheory.Bicategory.InducedBicategory (9.5s)
✔ [6268/6286] Built Mathlib.CategoryTheory.Bicategory.Coherence (11s)
✔ [6269/6288] Built Mathlib.CategoryTheory.Bicategory.NaturalTransformation.Oplax (23s)
✔ [6270/6288] Built Mathlib.CategoryTheory.Bicategory.NaturalTransformation.Lax (18s)
✔ [6271/6289] Built Mathlib.CategoryTheory.Bicategory.Kan.IsKan (6.2s)
✔ [6272/6289] Built Mathlib.CategoryTheory.Core (6.8s)
✔ [6273/6289] Built Mathlib.CategoryTheory.Bicategory.Opposites (6.1s)
✔ [6274/6289] Built Mathlib.CategoryTheory.Bicategory.Modification.Oplax (12s)
✔ [6275/6289] Built Mathlib.CategoryTheory.Bicategory.Modification.Lax (8.0s)
✔ [6276/6289] Built Mathlib.CategoryTheory.Bicategory.NaturalTransformation.Pseudo (14s)
✔ [6277/6291] Built Mathlib.CategoryTheory.Bicategory.Kan.HasKan (5.3s)
✔ [6278/6291] Built Mathlib.CategoryTheory.Bicategory.SingleObj (4.2s)
✔ [6279/6291] Built Mathlib.CategoryTheory.Bicategory.Product (15s)
✔ [6280/6291] Built Mathlib.CategoryTheory.Bicategory.FunctorBicategory.Oplax (11s)
✔ [6281/6291] Built Mathlib.CategoryTheory.Bicategory.LocallyGroupoid (10s)
✔ [6282/6292] Built Mathlib.CategoryTheory.Bicategory.FunctorBicategory.Lax (13s)
✔ [6283/6293] Built Mathlib.CategoryTheory.Bicategory.Grothendieck (14s)
✔ [6284/6293] Built Mathlib.CategoryTheory.Bicategory.Modification.Pseudo (7.4s)
✔ [6285/6293] Built Mathlib.CategoryTheory.Bicategory.Functor.Cat.ObjectProperty (10s)
✔ [6286/6293] Built Mathlib.CategoryTheory.Bicategory.Monad.Basic (6.3s)
✔ [6287/6297] Built Mathlib.CategoryTheory.Bicategory.Kan.Adjunction (11s)
✔ [6288/6297] Built Mathlib.CategoryTheory.Bicategory.FunctorBicategory.Pseudo (8.6s)
✔ [6289/6298] Built Mathlib.CategoryTheory.Sigma.Basic (5.0s)
✔ [6290/6299] Built Mathlib.CategoryTheory.Bicategory.Strict.Pseudofunctor (12s)
✔ [6291/6299] Built Mathlib.CategoryTheory.Category.Cat.Colimit (4.1s)
✔ [6292/6300] Built Mathlib.CategoryTheory.ConnectedComponents (4.4s)
✔ [6293/6301] Built Mathlib.CategoryTheory.Category.Cat.Limit (9.1s)
✔ [6294/6301] Built Mathlib.CategoryTheory.Category.Cat.Op (4.1s)
✔ [6295/6301] Built Mathlib.CategoryTheory.Category.Grpd (2.0s)
✔ [6296/6304] Built Mathlib.CategoryTheory.Bicategory.Yoneda (15s)
✔ [6297/6304] Built Mathlib.CategoryTheory.Category.Cat.Adjunction (4.0s)
✔ [6298/6307] Built Mathlib.CategoryTheory.Category.KleisliCat (3.3s)
✔ [6299/6308] Built Mathlib.Data.TwoPointing (2.4s)
✔ [6300/6309] Built Mathlib.Data.PFun (4.8s)
✔ [6301/6309] Built Mathlib.CategoryTheory.Category.RelCat (6.3s)
✔ [6302/6309] Built Mathlib.CategoryTheory.Category.TwoP (4.7s)
✔ [6303/6310] Built Mathlib.CategoryTheory.Comma.StructuredArrow.Final (5.4s)
✔ [6304/6310] Built Mathlib.CategoryTheory.ConcreteCategory.BundledHom (3.1s)
✔ [6305/6313] Built Mathlib.CategoryTheory.ConcreteCategory.UnbundledHom (3.1s)
✔ [6306/6313] Built Mathlib.CategoryTheory.LocallyCartesianClosed.ChosenPullbacksAlong (47s)
✔ [6307/6313] Built Mathlib.CategoryTheory.CopyDiscardCategory.Basic (3.0s)
✔ [6308/6320] Built Mathlib.CategoryTheory.Category.PartialFun (5.9s)
✔ [6309/6321] Built Mathlib.CategoryTheory.CopyDiscardCategory.Deterministic (4.0s)
✔ [6310/6322] Built Mathlib.CategoryTheory.Monoidal.Cartesian.Comon_ (5.6s)
✔ [6311/6322] Built Mathlib.CategoryTheory.Bicategory.Span.Basic (5.0s)
✔ [6312/6323] Built Mathlib.CategoryTheory.Localization.Prod (4.6s)
✔ [6313/6323] Built Mathlib.CategoryTheory.Widesubcategory (4.6s)
✔ [6314/6325] Built Mathlib.CategoryTheory.DinatTrans (4.6s)
✔ [6315/6328] Built Mathlib.CategoryTheory.CopyDiscardCategory.Cartesian (5.1s)
✔ [6316/6329] Built Mathlib.CategoryTheory.Dialectica.Basic (7.1s)
✔ [6317/6330] Built Mathlib.CategoryTheory.Localization.Bifunctor (5.0s)
✔ [6318/6330] Built Mathlib.CategoryTheory.EffectiveEpi.Coproduct (4.8s)
✔ [6319/6330] Built Mathlib.CategoryTheory.Distributive.Monoidal (6.9s)
✔ [6320/6332] Built Mathlib.CategoryTheory.EffectiveEpi.Enough (3.7s)
✔ [6321/6332] Built Mathlib.CategoryTheory.EffectiveEpi.Extensive (5.5s)
✔ [6322/6332] Built Mathlib.CategoryTheory.Dialectica.Monoidal (11s)
✔ [6323/6332] Built Mathlib.CategoryTheory.Sums.Basic (15s)
✔ [6324/6334] Built Mathlib.CategoryTheory.Distributive.Cartesian (4.0s)
✔ [6325/6335] Built Mathlib.CategoryTheory.Localization.Trifunctor (14s)
✔ [6326/6336] Built Mathlib.CategoryTheory.Enriched.EnrichedCat (8.2s)
✔ [6327/6336] Built Mathlib.CategoryTheory.Endofunctor.Algebra (11s)
✔ [6328/6337] Built Mathlib.CategoryTheory.Discrete.SumsProducts (7.2s)
✔ [6329/6339] Built Mathlib.CategoryTheory.Limits.Shapes.End (7.8s)
✔ [6330/6342] Built Mathlib.CategoryTheory.Enriched.HomCongr (5.4s)
✔ [6331/6342] Built Mathlib.CategoryTheory.Enriched.Limits.HasConicalLimits (4.8s)
✔ [6332/6342] Built Mathlib.CategoryTheory.Enriched.Opposite (5.7s)
✔ [6333/6342] Built Mathlib.CategoryTheory.Equivalence.Symmetry (5.0s)
✔ [6334/6342] Built Mathlib.CategoryTheory.Localization.Monoidal.Basic (15s)
✔ [6335/6345] Built Mathlib.CategoryTheory.Enriched.Limits.HasConicalPullbacks (3.9s)
✔ [6336/6345] Built Mathlib.CategoryTheory.Enriched.Limits.HasConicalProducts (3.9s)
✔ [6337/6346] Built Mathlib.CategoryTheory.Enriched.FunctorCategory (12s)
✔ [6338/6353] Built Mathlib.CategoryTheory.EquivalenceRelation (6.2s)
✔ [6339/6354] Built Mathlib.CategoryTheory.Enriched.Limits.HasConicalTerminal (3.7s)
✔ [6340/6355] Built Mathlib.CategoryTheory.FiberedCategory.HomLift (4.3s)
✔ [6341/6355] Built Mathlib.CategoryTheory.Monoidal.Widesubcategory (4.0s)
✔ [6342/6357] Built Mathlib.CategoryTheory.Filtered.OfColimitCommutesFiniteLimit (3.4s)
✔ [6343/6357] Built Mathlib.CategoryTheory.Filtered.Grothendieck (3.6s)
✔ [6344/6357] Built Mathlib.CategoryTheory.FiberedCategory.Fiber (3.9s)
✔ [6345/6358] Built Mathlib.CategoryTheory.Limits.Preserves.Grothendieck (4.9s)
✔ [6346/6358] Built Mathlib.CategoryTheory.FiberedCategory.Cocartesian (4.5s)
✔ [6347/6358] Built Mathlib.CategoryTheory.FiberedCategory.Cartesian (4.9s)
✔ [6348/6360] Built Mathlib.CategoryTheory.CopyDiscardCategory.Widesubcategory (5.0s)
✔ [6349/6360] Built Mathlib.CategoryTheory.FiberedCategory.BasedCategory (7.2s)
✔ [6350/6361] Built Mathlib.CategoryTheory.Filtered.CostructuredArrow (3.6s)
✔ [6351/6361] Built Mathlib.CategoryTheory.Functor.Derived.LeftDerived (5.5s)
✔ [6352/6361] Built Mathlib.CategoryTheory.FiberedCategory.Fibered (3.5s)
✔ [6353/6361] Built Mathlib.CategoryTheory.Functor.Functorial (2.9s)
✔ [6354/6361] Built Mathlib.CategoryTheory.Filtered.Flat (3.2s)
✔ [6355/6361] Built Mathlib.CategoryTheory.Functor.ReflectsIso.Exact (4.3s)
✔ [6356/6364] Built Mathlib.CategoryTheory.Functor.ReflectsIso.Limits (3.6s)
✔ [6357/6370] Built Mathlib.CategoryTheory.Functor.Derived.PointwiseLeftDerived (4.2s)
✔ [6358/6370] Built Mathlib.CategoryTheory.FiberedCategory.HasFibers (4.3s)
✔ [6359/6370] Built Mathlib.CategoryTheory.Limits.FintypeCat (4.2s)
✔ [6360/6371] Built Mathlib.CategoryTheory.Functor.Derived.Adjunction (5.5s)
✔ [6361/6376] Built Mathlib.CategoryTheory.Limits.Shapes.SingleObj (3.6s)
✔ [6362/6378] Built Mathlib.CategoryTheory.Limits.Shapes.CombinedProducts (5.4s)
✔ [6363/6379] Built Mathlib.Topology.Category.FinTopCat (4.0s)
✔ [6364/6380] Built Mathlib.CategoryTheory.Galois.Basic (6.0s)
✔ [6365/6381] Built Mathlib.CategoryTheory.FiberedCategory.Grothendieck (6.4s)
✔ [6366/6381] Built Mathlib.CategoryTheory.Generator.Type (3.4s)
✔ [6367/6381] Built Mathlib.CategoryTheory.Groupoid.Basic (3.0s)
✔ [6368/6381] Built Mathlib.CategoryTheory.GradedObject.Braiding (5.9s)
✔ [6369/6382] Built Mathlib.CategoryTheory.Galois.GaloisObjects (5.2s)
✔ [6370/6385] Built Mathlib.CategoryTheory.Groupoid.Discrete (3.4s)
✔ [6371/6386] Built Mathlib.CategoryTheory.Galois.Examples (6.4s)
✔ [6372/6387] Built Mathlib.CategoryTheory.Groupoid.FreeGroupoid (3.9s)
✔ [6373/6387] Built Mathlib.CategoryTheory.Groupoid.VertexGroup (3.5s)
✔ [6374/6388] Built Mathlib.CategoryTheory.Galois.Decomposition (5.6s)
✔ [6375/6388] Built Mathlib.CategoryTheory.GuitartExact.Over (4.6s)
✔ [6376/6389] Built Mathlib.CategoryTheory.Idempotents.Biproducts (4.5s)
✔ [6377/6389] Built Mathlib.CategoryTheory.IsoCat (4.2s)
✔ [6378/6394] Built Mathlib.CategoryTheory.Groupoid.FreeGroupoidOfCategory (5.9s)
✔ [6379/6395] Built Mathlib.CategoryTheory.Groupoid.Subgroupoid (6.7s)
✔ [6380/6396] Built Mathlib.CategoryTheory.LiftingProperties.PushoutProduct (4.9s)
✔ [6381/6397] Built Mathlib.CategoryTheory.Galois.Prorepresentability (10s)
✔ [6382/6397] Built Mathlib.CategoryTheory.Limits.ConcreteCategory.WithAlgebraicStructures (5.6s)
✔ [6383/6397] Built Mathlib.CategoryTheory.Limits.Chosen.End (6.3s)
✔ [6384/6397] Built Mathlib.CategoryTheory.Limits.Constructions.WidePullbackOfTerminal (3.3s)
✔ [6385/6400] Built Mathlib.CategoryTheory.Join.Basic (14s)
✔ [6386/6400] Built Mathlib.CategoryTheory.Limits.Final.ParallelPair (3.4s)
✔ [6387/6401] Built Mathlib.CategoryTheory.Galois.Action (5.3s)
✔ [6388/6401] Built Mathlib.CategoryTheory.Galois.Topology (6.3s)
✔ [6389/6401] Built Mathlib.CategoryTheory.Join.Sum (3.6s)
✔ [6390/6402] Built Mathlib.CategoryTheory.Join.Opposites (5.9s)
✔ [6391/6402] Built Mathlib.CategoryTheory.Join.Final (4.3s)
✔ [6392/6403] Built Mathlib.CategoryTheory.Join.Pseudofunctor (9.7s)
✔ [6393/6404] Built Mathlib.CategoryTheory.Galois.Full (5.0s)
✔ [6394/6404] Built Mathlib.CategoryTheory.Limits.FormalCoproducts.Basic (14s)
✔ [6395/6405] Built Mathlib.CategoryTheory.Galois.IsFundamentalgroup (7.3s)
✔ [6396/6405] Built Mathlib.CategoryTheory.Limits.FunctorCategory.BinaryBiproducts (6.1s)
✔ [6397/6406] Built Mathlib.CategoryTheory.Limits.FunctorCategory.Shapes.Images (4.5s)
✔ [6398/6406] Built Mathlib.CategoryTheory.Limits.FunctorCategory.Shapes.Kernels (3.8s)
✔ [6399/6407] Built Mathlib.CategoryTheory.Limits.FormalCoproducts (3.5s)
✔ [6400/6408] Built Mathlib.CategoryTheory.Limits.Pi (3.7s)
✔ [6401/6408] Built Mathlib.CategoryTheory.Limits.FormalCoproducts.Cech (6.9s)
✔ [6402/6410] Built Mathlib.CategoryTheory.Galois.EssSurj (10s)
✔ [6403/6410] Built Mathlib.CategoryTheory.Limits.Preserves.BifunctorCokernel (4.2s)
✔ [6404/6411] Built Mathlib.CategoryTheory.Limits.Preserves.Shapes.Images (3.8s)
✔ [6405/6412] Built Mathlib.CategoryTheory.Limits.Preserves.Lattice (5.2s)
✔ [6406/6412] Built Mathlib.CategoryTheory.Limits.FormalCoproducts.ExtraDegeneracy (4.9s)
✔ [6407/6415] Built Mathlib.CategoryTheory.WithTerminal.FinCategory (3.4s)
✔ [6408/6415] Built Mathlib.CategoryTheory.Galois.Equivalence (6.0s)
✔ [6409/6416] Built Mathlib.CategoryTheory.Limits.Shapes.PiProd (4.0s)
✔ [6410/6417] Built Mathlib.CategoryTheory.Limits.Shapes.FunctorToTypes (7.2s)
✔ [6411/6417] Built Mathlib.CategoryTheory.Limits.Preserves.Shapes.Over (4.6s)
✔ [6412/6419] Built Mathlib.CategoryTheory.Limits.Shapes.Pullback.CommSq (2.8s)
✔ [6413/6420] Built Mathlib.CategoryTheory.Limits.Shapes.Pullback.ChosenPullback (7.8s)
✔ [6414/6421] Built Mathlib.CategoryTheory.Limits.Shapes.Pullback.IsPullback.BicartesianSq (5.4s)
✔ [6415/6421] Built Mathlib.CategoryTheory.Limits.Shapes.Pullback.EquifiberedLimits (10s)
✔ [6416/6424] Built Mathlib.CategoryTheory.Limits.SmallComplete (5.4s)
✔ [6417/6425] Built Mathlib.CategoryTheory.Limits.Types.End (6.9s)
✔ [6418/6429] Built Mathlib.CategoryTheory.Limits.Shapes.SequentialProduct (13s)
✔ [6419/6429] Built Mathlib.CategoryTheory.ObjectProperty.FunctorCategory.PreservesLimits (6.8s)
✔ [6420/6430] Built Mathlib.CategoryTheory.Limits.Shapes.Pullback.Categorical.CatCospanTransform (26s)
✔ [6421/6430] Built Mathlib.CategoryTheory.Limits.WeakLimits.Basic (6.2s)
✔ [6422/6430] Built Mathlib.CategoryTheory.Localization.BousfieldTransfiniteComposition (6.5s)
✔ [6423/6432] Built Mathlib.CategoryTheory.Limits.Weighted.HasWeightedLimit (7.7s)
✔ [6424/6433] Built Mathlib.CategoryTheory.Limits.Types.PreservesLimit (7.9s)
✔ [6425/6433] Built Mathlib.CategoryTheory.Localization.DerivabilityStructure.OfFunctorialResolutions (5.7s)
✔ [6426/6435] Built Mathlib.CategoryTheory.Limits.WeakLimits.WeakEqualizers (4.5s)
✔ [6427/6435] Built Mathlib.CategoryTheory.Localization.Pi (4.4s)
✔ [6428/6435] Built Mathlib.CategoryTheory.Localization.LocallySmall (4.2s)
✔ [6429/6436] Built Mathlib.CategoryTheory.Limits.WeakLimits.WeakPullbacks (4.5s)
✔ [6430/6436] Built Mathlib.CategoryTheory.Limits.WeakLimits.WeakKernels (4.2s)
✔ [6431/6440] Built Mathlib.CategoryTheory.Localization.FiniteProducts (4.4s)
✔ [6432/6441] Built Mathlib.CategoryTheory.Monoidal.Braided.Multifunctor (8.7s)
✔ [6433/6442] Built Mathlib.Tactic.CategoryTheory.BicategoryCoherence (5.0s)
✔ [6434/6442] Built Mathlib.CategoryTheory.Monoidal.Free.Basic (9.1s)
✔ [6435/6443] Built Mathlib.CategoryTheory.Localization.Preadditive (3.9s)
✔ [6436/6443] Built Mathlib.CategoryTheory.Localization.Monoidal.Braided (9.2s)
✔ [6437/6444] Built Mathlib.CategoryTheory.LocallyCartesianClosed.ExponentiableMorphism (5.1s)
✔ [6438/6446] Built Mathlib.CategoryTheory.Monoidal.Multifunctor (21s)
✔ [6439/6447] Built Mathlib.Tactic.CategoryTheory.Coherence (5.5s)
✔ [6440/6448] Built Mathlib.CategoryTheory.MarkovCategory.Basic (3.4s)
✔ [6441/6449] Built Mathlib.CategoryTheory.Limits.Shapes.Pullback.Categorical.Basic (36s)
✔ [6442/6449] Built Mathlib.CategoryTheory.MarkovCategory.Positive (4.1s)
✔ [6443/6450] Built Mathlib.CategoryTheory.Localization.Monoidal.Functor (6.6s)
✔ [6444/6452] Built Mathlib.CategoryTheory.Monad.EquivMon (7.1s)
✔ [6445/6454] Built Mathlib.CategoryTheory.LocallyCartesianClosed.Over (12s)
✔ [6446/6454] Built Mathlib.CategoryTheory.Monad.Kleisli (5.4s)
✔ [6447/6457] Built Mathlib.CategoryTheory.Monad.Monadicity (7.3s)
✔ [6448/6458] Built Mathlib.CategoryTheory.LocallyCartesianClosed.Sections (6.2s)
✔ [6449/6459] Built Mathlib.CategoryTheory.Monad.Types (4.0s)
✔ [6450/6460] Built Mathlib.CategoryTheory.Monoidal.Limits.HasLimits (4.4s)
✔ [6451/6460] Built Mathlib.CategoryTheory.Monoidal.Action.Basic (13s)
✔ [6452/6460] Built Mathlib.CategoryTheory.Monoidal.Braided.Reflection (11s)
✔ [6453/6462] Built Mathlib.CategoryTheory.Monoidal.Bimon_ (18s)
✔ [6454/6462] Built Mathlib.CategoryTheory.Monoidal.Braided.Transport (6.4s)
✔ [6455/6462] Built Mathlib.CategoryTheory.Monoidal.Arrow (18s)
✔ [6456/6462] Built Mathlib.CategoryTheory.Monoidal.Bimod (25s)
✔ [6457/6465] Built Mathlib.CategoryTheory.Monoidal.Action.LinearFunctor (7.1s)
✔ [6458/6466] Built Mathlib.CategoryTheory.Monoidal.Action.Opposites (10s)
✔ [6459/6467] Built Mathlib.CategoryTheory.Monoidal.Cartesian.CommMon_ (4.2s)
✔ [6460/6467] Built Mathlib.CategoryTheory.Monoidal.Cartesian.Grp_ (3.5s)
✔ [6461/6470] Built Mathlib.CategoryTheory.Monoidal.Action.End (9.9s)
✔ [6462/6470] Built Mathlib.CategoryTheory.Monoidal.Cartesian.ShrinkYoneda (6.2s)
✔ [6463/6472] Built Mathlib.CategoryTheory.Monoidal.Internal.Limits (5.4s)
✔ [6464/6472] Built Mathlib.CategoryTheory.Monoidal.Cartesian.InfSemilattice (3.1s)
✔ [6465/6475] Built Mathlib.CategoryTheory.Monoidal.Cartesian.Mon_ (2.0s)
✔ [6466/6476] Built Mathlib.CategoryTheory.Monoidal.Cartesian.CommGrp_ (4.9s)
✔ [6467/6477] Built Mathlib.CategoryTheory.Monoidal.Closed.Enrichment (3.4s)
✔ [6468/6477] Built Mathlib.CategoryTheory.Monoidal.Cartesian.GrpLimits (4.6s)
✔ [6469/6479] Built Mathlib.CategoryTheory.Monoidal.Mod (9.2s)
✔ [6470/6479] Built Mathlib.CategoryTheory.Monoidal.Ring (6.5s)
✔ [6471/6479] Built Mathlib.CategoryTheory.Monoidal.Closed.Functor (4.6s)
✔ [6472/6479] Built Mathlib.CategoryTheory.Monoidal.Closed.FunctorCategory.Basic (5.5s)
✔ [6473/6482] Built Mathlib.CategoryTheory.Monoidal.Cartesian.Normal (5.8s)
✔ [6474/6483] Built Mathlib.CategoryTheory.Monoidal.Cartesian.Mod (5.8s)
✔ [6475/6483] Built Mathlib.CategoryTheory.Monoidal.Closed.FunctorCategory.Groupoid (4.6s)
✔ [6476/6484] Built Mathlib.CategoryTheory.Monoidal.Cartesian.Ring (5.4s)
✔ [6477/6485] Built Mathlib.CategoryTheory.Subterminal (4.2s)
✔ [6478/6485] Built Mathlib.CategoryTheory.Monoidal.Closed.InternalCurrying (3.2s)
✔ [6479/6485] Built Mathlib.CategoryTheory.Monoidal.Cartesian.Mod_ (3.0s)
✔ [6480/6486] Built Mathlib.CategoryTheory.Monoidal.Closed.Transport (2.8s)
✔ [6481/6486] Built Mathlib.CategoryTheory.Monoidal.Closed.Zero (3.6s)
✔ [6482/6489] Built Mathlib.CategoryTheory.Monoidal.Closed.FunctorCategory.Complete (3.8s)
✔ [6483/6493] Built Mathlib.CategoryTheory.Monoidal.CommComon_ (3.5s)
✔ [6484/6494] Built Mathlib.CategoryTheory.Monoidal.Closed.Ideal (5.6s)
✔ [6485/6495] Built Mathlib.CategoryTheory.Monoidal.Conv (3.5s)
✔ [6486/6496] Built Mathlib.CategoryTheory.Monoidal.ExternalProduct.KanExtension (6.4s)
✔ [6487/6497] Built Mathlib.CategoryTheory.Monoidal.Grp_ (3.2s)
✔ [6488/6497] Built Mathlib.CategoryTheory.Monoidal.Functor.Types (5.1s)
✔ [6489/6498] Built Mathlib.CategoryTheory.Monoidal.Free.Coherence (8.2s)
✔ [6490/6499] Built Mathlib.CategoryTheory.Monoidal.Hopf_ (6.6s)
✔ [6491/6500] Built Mathlib.CategoryTheory.Monoidal.Internal.Types.Grp_ (3.0s)
✔ [6492/6501] Built Mathlib.CategoryTheory.Monoidal.Limits.Basic (3.9s)
✔ [6493/6502] Built Mathlib.CategoryTheory.Monoidal.Internal.Module (11s)
✔ [6494/6503] Built Mathlib.CategoryTheory.Monoidal.Limits.Cokernels (3.8s)
✔ [6495/6504] Built Mathlib.CategoryTheory.Monoidal.Mod_ (3.3s)
✔ [6496/6505] Built Mathlib.CategoryTheory.Monoidal.Mon_ (3.0s)
✔ [6497/6507] Built Mathlib.CategoryTheory.Monoidal.OfHasFiniteProducts (5.1s)
✔ [6498/6508] Built Mathlib.CategoryTheory.Monoidal.Opposite.Mon (4.5s)
✔ [6499/6508] Built Mathlib.CategoryTheory.Monoidal.Rigid.Braided (4.4s)
✔ [6500/6509] Built Mathlib.CategoryTheory.Monoidal.Rigid.Functor (3.6s)
✔ [6501/6509] Built Mathlib.CategoryTheory.Monoidal.Opposite.Mon_ (3.2s)
✔ [6502/6513] Built Mathlib.CategoryTheory.Monoidal.Tor (4.7s)
✔ [6503/6514] Built Mathlib.CategoryTheory.MorphismProperty.HasCardinalLT (3.7s)
✔ [6504/6515] Built Mathlib.CategoryTheory.Monoidal.Internal.FunctorCategory (36s)
✔ [6505/6515] Built Mathlib.CategoryTheory.Presentable.Dense (5.6s)
✔ [6506/6518] Built Mathlib.CategoryTheory.Presentable.ColimitPresentation (8.9s)
✔ [6507/6518] Built Mathlib.CategoryTheory.MorphismProperty.LocalClosure (5.4s)
✔ [6508/6519] Built Mathlib.CategoryTheory.Monoidal.DayConvolution (43s)
✔ [6509/6520] Built Mathlib.CategoryTheory.MorphismProperty.LocalEpi (3.9s)
✔ [6510/6520] Built Mathlib.CategoryTheory.Subobject.ArtinianObject (3.9s)
✔ [6511/6520] Built Mathlib.CategoryTheory.ObjectProperty.Ind (4.6s)
✔ [6512/6520] Built Mathlib.CategoryTheory.Subobject.NoetherianObject (3.0s)
✔ [6513/6521] Built Mathlib.CategoryTheory.ObjectProperty.ClosureShift (3.5s)
✔ [6514/6521] Built Mathlib.CategoryTheory.Monoidal.DayConvolution.DayFunctor (9.6s)
✔ [6515/6522] Built Mathlib.CategoryTheory.Monoidal.DayConvolution.Braided (6.7s)
✔ [6516/6522] Built Mathlib.CategoryTheory.Monoidal.DayConvolution.Closed (8.6s)
✔ [6517/6523] Built Mathlib.CategoryTheory.ObjectProperty.Comma (3.6s)
✔ [6518/6524] Built Mathlib.CategoryTheory.Noetherian (3.3s)
✔ [6519/6525] Built Mathlib.CategoryTheory.ObjectProperty.HasCardinalLT (3.4s)
✔ [6520/6526] Built Mathlib.CategoryTheory.ObjectProperty.InheritedFromHom (3.2s)
✔ [6521/6527] Built Mathlib.CategoryTheory.ObjectProperty.SiteLocal (3.2s)
✔ [6522/6528] Built Mathlib.CategoryTheory.MorphismProperty.Ind (7.2s)
✔ [6523/6530] Built Mathlib.CategoryTheory.Preadditive.EilenbergMoore (4.3s)
✔ [6524/6533] Built Mathlib.CategoryTheory.Preadditive.EndoFunctor (4.3s)
✔ [6525/6533] Built Mathlib.CategoryTheory.Preadditive.Comma (7.9s)
✔ [6526/6535] Built Mathlib.CategoryTheory.Pi.Monoidal (9.7s)
✔ [6527/6536] Built Mathlib.Data.Matrix.DMatrix (2.6s)
✔ [6528/6537] Built Mathlib.CategoryTheory.Preadditive.SingleObj (4.4s)
✔ [6529/6537] Built Mathlib.CategoryTheory.Preadditive.HomOrthogonal (5.6s)
✔ [6530/6538] Built Mathlib.GroupTheory.EckmannHilton (1.9s)
✔ [6531/6538] Built Mathlib.CategoryTheory.Preadditive.Projective.Internal (3.1s)
✔ [6532/6539] Built Mathlib.CategoryTheory.Preadditive.FreydCategory.Homotopy (5.2s)
✔ [6533/6539] Built Mathlib.CategoryTheory.Preadditive.Projective.LiftingProperties (3.2s)
✔ [6534/6539] Built Mathlib.CategoryTheory.Preadditive.OfBiproducts (3.9s)
✔ [6535/6542] Built Mathlib.CategoryTheory.Preadditive.Schur (5.6s)
✔ [6536/6543] Built Mathlib.CategoryTheory.Preadditive.FreydCategory.RightFreyd (5.3s)
✔ [6537/6544] Built Mathlib.CategoryTheory.Presentable.Adjunction (3.8s)
✔ [6538/6545] Built Mathlib.CategoryTheory.Presentable.EssentiallyLarge (4.0s)
✔ [6539/6546] Built Mathlib.CategoryTheory.Preadditive.Mat (14s)
✔ [6540/6547] Built Mathlib.Order.Category.PartOrdEmb (7.6s)
✔ [6541/6549] Built Mathlib.CategoryTheory.Presentable.Directed (7.8s)
✔ [6542/6550] Built Mathlib.CategoryTheory.Presentable.Type (4.2s)
✔ [6543/6551] Built Mathlib.CategoryTheory.Profunctor.Basic (4.8s)
✔ [6544/6551] Built Mathlib.CategoryTheory.Presentable.CardinalDirectedPoset (6.2s)
✔ [6545/6553] Built Mathlib.CategoryTheory.Presentable.OrthogonalReflection (9.0s)
✔ [6546/6554] Built Mathlib.CategoryTheory.Sites.Coherent.Basic (4.2s)
✔ [6547/6554] Built Mathlib.CategoryTheory.RepresentedBy (3.7s)
✔ [6548/6555] Built Mathlib.CategoryTheory.Sites.CartesianMonoidal (4.1s)
✔ [6549/6555] Built Mathlib.CategoryTheory.Sites.Adjunction (4.9s)
✔ [6550/6556] Built Mathlib.CategoryTheory.Presentable.SharplyLT.Basic (5.4s)
✔ [6551/6558] Built Mathlib.CategoryTheory.RegularCategory.Basic (6.4s)
✔ [6552/6558] Built Mathlib.CategoryTheory.Sites.Coherent.CoherentSheaves (3.8s)
✔ [6553/6564] Built Mathlib.CategoryTheory.Sites.CartesianClosed (3.8s)
✔ [6554/6566] Built Mathlib.CategoryTheory.Sites.Coherent.Comparison (5.0s)
✔ [6555/6568] Built Mathlib.CategoryTheory.Sites.Coherent.CoherentTopology (3.9s)
✔ [6556/6569] Built Mathlib.CategoryTheory.Sites.Coherent.ExtensiveSheaves (4.8s)
✔ [6557/6569] Built Mathlib.CategoryTheory.Sites.Coherent.RegularSheaves (6.2s)
✔ [6558/6569] Built Mathlib.CategoryTheory.Sites.Coherent.ExtensiveTopology (4.5s)
✔ [6559/6571] Built Mathlib.CategoryTheory.Sites.Coherent.ReflectsPrecoherent (3.9s)
✔ [6560/6572] Built Mathlib.CategoryTheory.Sites.EpiMono (5.0s)
✔ [6561/6573] Built Mathlib.CategoryTheory.Sites.CoversTop (3.1s)
✔ [6562/6577] Built Mathlib.CategoryTheory.Sites.Coherent.ExtensiveColimits (3.7s)
✔ [6563/6578] Built Mathlib.CategoryTheory.Sites.Coherent.RegularTopology (3.6s)
✔ [6564/6579] Built Mathlib.CategoryTheory.Sites.Finite (3.6s)
✔ [6565/6580] Built Mathlib.CategoryTheory.Sites.Descent.IsPrestack (7.7s)
✔ [6566/6580] Built Mathlib.CategoryTheory.Sites.GlobalSections (5.7s)
✔ [6567/6581] Built Mathlib.CategoryTheory.Sites.Coherent.ReflectsPreregular (3.7s)
✔ [6568/6581] Built Mathlib.CategoryTheory.Sites.Hypercover.Subcanonical (5.2s)
✔ [6569/6582] Built Mathlib.CategoryTheory.Sites.Hypercover.Homotopy (8.3s)
✔ [6570/6583] Built Mathlib.CategoryTheory.Sites.LocalProperties (4.4s)
✔ [6571/6583] Built Mathlib.CategoryTheory.Sites.Descent.DescentDataAsCoalgebra (21s)
✔ [6572/6583] Built Mathlib.CategoryTheory.Sites.Coherent.SheafComparison (9.1s)
✔ [6573/6583] Built Mathlib.CategoryTheory.Sites.Hypercover.Saturate (3.0s)
✔ [6574/6585] Built Mathlib.CategoryTheory.Sites.LocalSite (4.9s)
✔ [6575/6586] Built Mathlib.CategoryTheory.Sites.Coherent.LocallySurjective (4.6s)
✔ [6576/6586] Built Mathlib.CategoryTheory.Sites.MayerVietorisSquare (7.7s)
✔ [6577/6587] Built Mathlib.CategoryTheory.Sites.Coherent.Equivalence (4.2s)
✔ [6578/6587] Built Mathlib.CategoryTheory.Sites.SheafHom (6.0s)
✔ [6579/6589] Built Mathlib.CategoryTheory.Sites.NonabelianCohomology.H1 (4.5s)
✔ [6580/6592] Built Mathlib.CategoryTheory.Sites.Coherent.SequentialLimit (6.4s)
✔ [6581/6593] Built Mathlib.CategoryTheory.Sites.Point.Comap (4.3s)
✔ [6582/6593] Built Mathlib.CategoryTheory.Sites.Monoidal (6.5s)
✔ [6583/6595] Built Mathlib.CategoryTheory.Sites.Point.OfIsCofiltered (5.0s)
✔ [6584/6595] Built Mathlib.CategoryTheory.Sites.Point.Over (4.8s)
✔ [6585/6596] Built Mathlib.CategoryTheory.Sites.Point.Presheaf (5.0s)
✔ [6586/6597] Built Mathlib.CategoryTheory.Sites.Descent.DescentData (40s)
✔ [6587/6598] Built Mathlib.CategoryTheory.Sites.Point.Monoidal (6.5s)
✔ [6588/6598] Built Mathlib.CategoryTheory.Sites.Point.Map (5.6s)
✔ [6589/6598] Built Mathlib.CategoryTheory.Sites.Precoverage.Subsheaf (4.9s)
✔ [6590/6599] Built Mathlib.CategoryTheory.Sites.Descent.IsStack (3.9s)
✔ [6591/6599] Built Mathlib.CategoryTheory.Sites.PreservesLimits (4.7s)
✔ [6592/6600] Built Mathlib.CategoryTheory.Sites.Point.IsMonoidalW (3.7s)
✔ [6593/6600] Built Mathlib.CategoryTheory.Sites.PseudofunctorSheafOver (4.0s)
✔ [6594/6600] Built Mathlib.CategoryTheory.Sites.RegularEpi (5.4s)
✔ [6595/6600] Built Mathlib.CategoryTheory.Sites.Precoverage.Generates (3.6s)
✔ [6596/6602] Built Mathlib.CategoryTheory.Sites.SheafCohomology.Cech (3.0s)
✔ [6597/6603] Built Mathlib.CategoryTheory.Sites.Types (5.8s)
✔ [6598/6604] Built Mathlib.CategoryTheory.Sites.Descent.Precoverage (15s)
✔ [6599/6604] Built Mathlib.CategoryTheory.Subfunctor.Finite (4.6s)
✔ [6600/6607] Built Mathlib.CategoryTheory.Sites.Descent.DescentDataPrime (25s)
✔ [6601/6608] Built Mathlib.CategoryTheory.Subfunctor.Subobject (4.9s)
✔ [6602/6609] Built Mathlib.CategoryTheory.Subobject.Presheaf (3.8s)
✔ [6603/6610] Built Mathlib.CategoryTheory.Subfunctor.SubmonoidFunctor (7.5s)
✔ [6604/6614] Built Mathlib.CategoryTheory.Sites.SheafCohomology.MayerVietoris (21s)
✔ [6605/6615] Built Mathlib.CategoryTheory.Subobject.Types (4.2s)
✔ [6606/6616] Built Mathlib.CategoryTheory.Sums.Associator (6.6s)
✔ [6607/6617] Built Mathlib.CategoryTheory.Subobject.Classifier.Defs (6.8s)
✔ [6608/6617] Built Mathlib.CategoryTheory.Triangulated.Generators (4.8s)
✔ [6609/6618] Built Mathlib.CategoryTheory.Triangulated.Opposite.Functor (11s)
✔ [6610/6618] Built Mathlib.CategoryTheory.Topos.Sheaf (8.3s)
✔ [6611/6619] Built Mathlib.CategoryTheory.Sums.Products (10s)
✔ [6612/6619] Built Mathlib.CategoryTheory.Topos.Classifier (4.1s)
✔ [6613/6621] Built Mathlib.CategoryTheory.Triangulated.TStructure.AbelianSubcategory (12s)
✔ [6614/6622] Built Mathlib.CategoryTheory.Triangulated.TStructure.Heart (4.9s)
✔ [6615/6622] Built Mathlib.CategoryTheory.Triangulated.WeakKernels (4.3s)
✔ [6616/6622] Built Mathlib.CategoryTheory.Triangulated.Adjunction (8.1s)
✔ [6617/6624] Built Mathlib.CategoryTheory.UnivLE (3.4s)
✔ [6618/6627] Built Mathlib.CategoryTheory.WithTerminal.Lemmas (3.5s)
✔ [6619/6628] Built Mathlib.Combinatorics.Enumerative.DoubleCounting (4.7s)
✔ [6620/6628] Built Mathlib.CategoryTheory.Triangulated.Opposite.OpOp (9.6s)
✔ [6621/6629] Built Mathlib.Combinatorics.Pigeonhole (5.5s)
✔ [6622/6632] Built Mathlib.CategoryTheory.Triangulated.TStructure.ETrunc (22s)
✔ [6623/6632] Built Mathlib.Combinatorics.Additive.CovBySMul (4.7s)
✔ [6624/6632] Built Mathlib.Combinatorics.Additive.RuzsaCovering (5.1s)
✔ [6625/6636] Built Mathlib.Combinatorics.Additive.FreimanHom (19s)
✔ [6626/6636] Built Mathlib.Combinatorics.Additive.ETransform (4.8s)
✔ [6627/6637] Built Mathlib.CategoryTheory.Triangulated.TStructure.SpectralObject (10s)
✔ [6628/6637] Built Mathlib.Combinatorics.Additive.PluenneckeRuzsa (11s)
✔ [6629/6637] Built Mathlib.GroupTheory.Order.Min (5.2s)
✔ [6630/6637] Built Mathlib.Combinatorics.Additive.Corner.Defs (4.3s)
✔ [6631/6638] Built Mathlib.Combinatorics.Additive.AP.Three.Defs (7.7s)
✔ [6632/6638] Built Mathlib.Combinatorics.Additive.Convolution (7.7s)
✔ [6633/6642] Built Mathlib.Combinatorics.SimpleGraph.Dart (3.9s)
✔ [6634/6643] Built Mathlib.Combinatorics.Additive.CauchyDavenport (6.6s)
✔ [6635/6647] Built Mathlib.Data.FunLike.Fintype (3.3s)
✔ [6636/6648] Built Mathlib.Data.Set.Equitable (5.2s)
✔ [6637/6661] Built Mathlib.Combinatorics.Additive.AP.Three.Behrend (9.8s)
✔ [6638/6668] Built Mathlib.Data.Finset.Pairwise (3.9s)
✔ [6639/6672] Built Mathlib.Combinatorics.Additive.SmallTripling (20s)
✔ [6640/6672] Built Mathlib.Combinatorics.SimpleGraph.Maps (11s)
✔ [6641/6673] Built Mathlib.Data.Finset.CastCard (4.0s)
✔ [6642/6674] Built Mathlib.Combinatorics.SimpleGraph.Walk.Basic (9.8s)
✔ [6643/6674] Built Mathlib.Order.Partition.Finpartition (12s)
✔ [6644/6675] Built Mathlib.Combinatorics.Additive.Dissociation (7.6s)
✔ [6645/6675] Built Mathlib.Combinatorics.SimpleGraph.Finite (9.7s)
✔ [6646/6675] Built Mathlib.Combinatorics.Additive.ApproximateSubgroup (14s)
✔ [6647/6675] Built Mathlib.Combinatorics.SimpleGraph.Walk.Traversal (5.7s)
✔ [6648/6677] Built Mathlib.Combinatorics.SimpleGraph.Density (7.9s)
✔ [6649/6677] Built Mathlib.Order.Partition.Equipartition (5.6s)
✔ [6650/6678] Built Mathlib.Combinatorics.Additive.DoublingConst (10s)
✔ [6651/6678] Built Mathlib.Combinatorics.SimpleGraph.DeleteEdges (4.8s)
✔ [6652/6678] Built Mathlib.Combinatorics.SimpleGraph.DegreeSum (5.4s)
✔ [6653/6678] Built Mathlib.Combinatorics.SimpleGraph.Walk.Operations (8.3s)
✔ [6654/6678] Built Mathlib.Combinatorics.Additive.Energy (14s)
✔ [6655/6678] Built Mathlib.Combinatorics.SimpleGraph.Regularity.Energy (5.4s)
✔ [6656/6679] Built Mathlib.FieldTheory.ChevalleyWarning (8.7s)
✔ [6657/6679] Built Mathlib.Combinatorics.SimpleGraph.Regularity.Equitabilise (8.1s)
✔ [6658/6680] Built Mathlib.Combinatorics.SimpleGraph.Regularity.Uniform (10s)
✔ [6659/6680] Built Mathlib.Combinatorics.Additive.Randomisation (9.4s)
✔ [6660/6680] Built Mathlib.Combinatorics.SimpleGraph.Regularity.Bound (13s)
✔ [6661/6680] Built Mathlib.Combinatorics.SimpleGraph.Walk.Maps (6.1s)
✔ [6662/6680] Built Mathlib.Combinatorics.Additive.SubsetSum (6.1s)
✔ [6663/6681] Built Mathlib.Combinatorics.SimpleGraph.Subgraph (12s)
✔ [6664/6683] Built Mathlib.Combinatorics.Additive.ErdosGinzburgZiv (10s)
✔ [6665/6683] Built Mathlib.Combinatorics.SimpleGraph.Walk.Subwalks (6.9s)
✔ [6666/6683] Built Mathlib.Combinatorics.SimpleGraph.Operations (9.5s)
✔ [6667/6684] Built Mathlib.Data.Finset.Slice (5.7s)
✔ [6668/6684] Built Mathlib.Combinatorics.SimpleGraph.Copy (12s)
✔ [6669/6684] Built Mathlib.Data.Nat.BitIndices (4.7s)
✔ [6670/6684] Built Mathlib.Combinatorics.SimpleGraph.Walk.Decomp (6.0s)
✔ [6671/6684] Built Mathlib.Combinatorics.Additive.VerySmallDoubling (28s)
✔ [6672/6688] Built Mathlib.Combinatorics.Compactness (5.6s)
✔ [6673/6689] Built Mathlib.Combinatorics.SimpleGraph.Regularity.Chunk (34s)
✔ [6674/6689] Built Mathlib.Combinatorics.Colex (10s)
✔ [6675/6689] Built Mathlib.Combinatorics.SimpleGraph.Paths (13s)
✔ [6676/6691] Built Mathlib.LinearAlgebra.CrossProduct (12s)
✔ [6677/6692] Built Mathlib.LinearAlgebra.Projectivization.Basic (9.1s)
✔ [6678/6693] Built Mathlib.Combinatorics.Derangements.Basic (5.5s)
✔ [6679/6693] Built Mathlib.Combinatorics.SimpleGraph.Regularity.Increment (11s)
✔ [6680/6694] Built Mathlib.Combinatorics.Digraph.Basic (5.9s)
✔ [6681/6694] Built Mathlib.LinearAlgebra.Projectivization.Constructions (8.3s)
✔ [6682/6694] Built Mathlib.Combinatorics.Derangements.Finite (6.2s)
✔ [6683/6695] Built Mathlib.Combinatorics.SimpleGraph.Clique (15s)
✔ [6684/6695] Built Mathlib.Combinatorics.Digraph.Orientation (5.2s)
✔ [6685/6695] Built Mathlib.Combinatorics.SimpleGraph.Regularity.Lemma (8.7s)
✔ [6686/6697] Built Mathlib.Combinatorics.Derangements.Exponential (7.7s)
✔ [6687/6697] Built Mathlib.Combinatorics.Configuration (10s)
✔ [6688/6700] Built Mathlib.Combinatorics.Enumerative.Bell (12s)
✔ [6689/6701] Built Mathlib.Combinatorics.SimpleGraph.Triangle.Counting (8.1s)
✔ [6690/6703] Built Mathlib.Combinatorics.Enumerative.Catalan.Basic (5.9s)
✔ [6691/6703] Built Mathlib.Combinatorics.SimpleGraph.Triangle.Basic (9.0s)
✔ [6692/6704] Built Mathlib.Combinatorics.Enumerative.Partition.GenFun (9.2s)
✔ [6693/6704] Built Mathlib.Combinatorics.Enumerative.Pentagonal (5.4s)
✔ [6694/6705] Built Mathlib.Combinatorics.Enumerative.Catalan.Tree (6.3s)
✔ [6695/6705] Built Mathlib.Combinatorics.Enumerative.IncidenceAlgebra (15s)
✔ [6696/6705] Built Mathlib.Combinatorics.Enumerative.Schroder (7.0s)
✔ [6697/6706] Built Mathlib.Combinatorics.Enumerative.Stirling (4.5s)
✔ [6698/6706] Built Mathlib.Combinatorics.SimpleGraph.Triangle.Tripartite (9.0s)
✔ [6699/6706] Built Mathlib.Combinatorics.SimpleGraph.Triangle.Removal (14s)
✔ [6700/6706] Built Mathlib.Combinatorics.Enumerative.Catalan (4.4s)
✔ [6701/6708] Built Mathlib.Combinatorics.Enumerative.Partition.Glaisher (15s)
✔ [6702/6711] Built Mathlib.Combinatorics.Enumerative.DyckWord (7.1s)
✔ [6703/6713] Built Mathlib.Combinatorics.Graph.Basic (7.7s)
✔ [6704/6714] Built Mathlib.Combinatorics.Extremal.RuzsaSzemeredi (8.8s)
✔ [6705/6715] Built Mathlib.Combinatorics.HalesJewett (6.1s)
✔ [6706/6715] Built Mathlib.Combinatorics.Graph.Subgraph (6.9s)
✔ [6707/6717] Built Mathlib.Topology.Algebra.Semigroup (5.2s)
✔ [6708/6717] Built Mathlib.Combinatorics.Additive.Corner.Roth (9.9s)
✔ [6709/6717] Built Mathlib.Combinatorics.Hypergraph.Basic (5.5s)
✔ [6710/6717] Built Mathlib.Combinatorics.Graph.Maps (4.8s)
✔ [6711/6718] Built Mathlib.Combinatorics.Graph.Lattice (4.2s)
✔ [6712/6719] Built Mathlib.Combinatorics.Graph.Delete (6.4s)
✔ [6713/6722] Built Mathlib.Combinatorics.KatonaCircle (9.8s)
✔ [6714/6722] Built Mathlib.Combinatorics.Matroid.Minor.Delete (5.3s)
✔ [6715/6722] Built Mathlib.Combinatorics.Hindman (5.9s)
✔ [6716/6725] Built Mathlib.Combinatorics.Optimization.ValuedCSP (6.5s)
✔ [6717/6726] Built Mathlib.Combinatorics.Quiver.Subquiver (2.8s)
✔ [6718/6726] Built Mathlib.Combinatorics.Matroid.Sum (10s)
✔ [6719/6727] Built Mathlib.RingTheory.MvPolynomial.Groebner (10s)
✔ [6720/6728] Built Mathlib.Combinatorics.Matroid.Minor.Contract (9.9s)
✔ [6721/6728] Built Mathlib.Combinatorics.Quiver.ConnectedComponent (2.5s)
✔ [6722/6729] Built Mathlib.Combinatorics.Quiver.Arborescence (2.9s)
✔ [6723/6729] Built Mathlib.Combinatorics.Quiver.Covering (3.0s)
✔ [6724/6730] Built Mathlib.Combinatorics.Quiver.Path.Decomposition (3.2s)
✔ [6725/6731] Built Mathlib.Combinatorics.Matroid.Minor.Order (4.3s)
✔ [6726/6731] Built Mathlib.Combinatorics.Nullstellensatz (7.2s)
✔ [6727/6735] Built Mathlib.Combinatorics.Quiver.Path.Vertices (4.2s)
✔ [6728/6735] Built Mathlib.Combinatorics.Quiver.Path.Weight (3.6s)
✔ [6729/6741] Built Mathlib.Combinatorics.Quiver.Schreier (3.5s)
✔ [6730/6742] Built Mathlib.Combinatorics.SetFamily.Compression.Down (4.5s)
✔ [6731/6743] Built Mathlib.Order.Irreducible (4.9s)
✔ [6732/6744] Built Mathlib.Combinatorics.Schnirelmann (9.1s)
✔ [6733/6744] Built Mathlib.Data.Set.Sups (8.4s)
✔ [6734/6746] Built Mathlib.Order.Booleanisation (5.5s)
✔ [6735/6747] Built Mathlib.Combinatorics.SetFamily.HarrisKleitman (3.7s)
✔ [6736/6747] Built Mathlib.Combinatorics.SetFamily.Intersecting (3.7s)
✔ [6737/6751] Built Mathlib.Order.Birkhoff (4.7s)
✔ [6738/6751] Built Mathlib.Combinatorics.SetFamily.Shatter (4.4s)
✔ [6739/6754] Built Mathlib.Combinatorics.SetFamily.Kleitman (4.6s)
✔ [6740/6763] Built Mathlib.Data.Setoid.Partition (5.1s)
✔ [6741/6764] Built Mathlib.Combinatorics.SimpleGraph.Walk.Chord (4.2s)
✔ [6742/6765] Built Mathlib.Combinatorics.SimpleGraph.Connectivity.Connected (8.0s)
✔ [6743/6765] Built Mathlib.Data.Finset.Sups (11s)
✔ [6744/6765] Built Mathlib.Combinatorics.SimpleGraph.Walk.Counting (5.1s)
✔ [6745/6765] Built Mathlib.Combinatorics.SimpleGraph.Cayley (4.8s)
✔ [6746/6765] Built Mathlib.Combinatorics.SimpleGraph.Metric (5.3s)
✔ [6747/6765] Built Mathlib.Combinatorics.SimpleGraph.Connectivity.EdgeConnectivity (4.4s)
✔ [6748/6765] Built Mathlib.Combinatorics.SimpleGraph.Coloring.Vertex (9.8s)
✔ [6749/6765] Built Mathlib.Combinatorics.SimpleGraph.Connectivity.Subgraph (11s)
✔ [6750/6769] Built Mathlib.Combinatorics.SetFamily.FourFunctions (12s)
✔ [6751/6770] Built Mathlib.Combinatorics.SetFamily.Shadow (14s)
✔ [6752/6770] Built Mathlib.Combinatorics.SimpleGraph.Coloring (5.5s)
✔ [6753/6770] Built Mathlib.Combinatorics.SetFamily.AhlswedeZhang (9.5s)
✔ [6754/6771] Built Mathlib.Combinatorics.SimpleGraph.AdjMatrix (10s)
✔ [6755/6771] Built Mathlib.Combinatorics.SimpleGraph.Extremal.Basic (6.0s)
✔ [6756/6771] Built Mathlib.Combinatorics.SimpleGraph.Sum (10s)
✔ [6757/6772] Built Mathlib.Combinatorics.SetFamily.LYM (7.7s)
✔ [6758/6772] Built Mathlib.Combinatorics.SimpleGraph.Bipartite (12s)
✔ [6759/6773] Built Mathlib.Combinatorics.SimpleGraph.Coloring.EdgeLabeling (5.2s)
✔ [6760/6774] Built Mathlib.Combinatorics.SimpleGraph.Coloring.VertexColoring (3.7s)
✔ [6761/6775] Built Mathlib.Combinatorics.SetFamily.Compression.UV (8.2s)
✔ [6762/6776] Built Mathlib.Combinatorics.SimpleGraph.Connectivity.Finite (4.2s)
✔ [6763/6776] Built Mathlib.Combinatorics.SimpleGraph.Extremal.Turan (7.2s)
✔ [6764/6777] Built Mathlib.Combinatorics.SetFamily.KruskalKatona (5.5s)
✔ [6765/6778] Built Mathlib.Combinatorics.SimpleGraph.Connectivity.WalkCounting (3.4s)
✔ [6766/6779] Built Mathlib.Combinatorics.SimpleGraph.Prod (10s)
✔ [6767/6780] Built Mathlib.Combinatorics.SimpleGraph.Connectivity.WalkDecomp (3.5s)
✔ [6768/6780] Built Mathlib.Combinatorics.SimpleGraph.Connectivity.Represents (5.3s)
✔ [6769/6783] Built Mathlib.Combinatorics.SimpleGraph.Diam (4.1s)
✔ [6770/6784] Built Mathlib.Combinatorics.SimpleGraph.EdgeLabeling (3.3s)
✔ [6771/6785] Built Mathlib.Combinatorics.SimpleGraph.Ends.Defs (5.1s)
✔ [6772/6785] Built Mathlib.Combinatorics.SimpleGraph.Hasse (7.1s)
✔ [6773/6785] Built Mathlib.Combinatorics.SimpleGraph.Finsubgraph (5.5s)
✔ [6774/6789] Built Mathlib.Combinatorics.SimpleGraph.Extremal.TuranDensity (6.3s)
✔ [6775/6790] Built Mathlib.Combinatorics.SimpleGraph.Ends.Properties (3.9s)
✔ [6776/6791] Built Mathlib.Data.Set.Card.Arithmetic (5.0s)
✔ [6777/6792] Built Mathlib.Combinatorics.SimpleGraph.Hamiltonian (5.4s)
✔ [6778/6792] Built Mathlib.Combinatorics.SimpleGraph.CycleGraph (7.4s)
✔ [6779/6792] Built Mathlib.Combinatorics.SimpleGraph.CompleteMultipartite (10s)
✔ [6780/6793] Built Mathlib.Combinatorics.SimpleGraph.IncMatrix (4.6s)
✔ [6781/6794] Built Mathlib.Combinatorics.SimpleGraph.LineGraph (5.6s)
✔ [6782/6794] Built Mathlib.Combinatorics.SimpleGraph.LapMatrix (11s)
✔ [6783/6794] Built Mathlib.Combinatorics.SimpleGraph.Circulant (6.2s)
✔ [6784/6794] Built Mathlib.Combinatorics.SimpleGraph.Matching (14s)
✔ [6785/6795] Built Mathlib.Combinatorics.SimpleGraph.Acyclic (13s)
✔ [6786/6796] Built Mathlib.Combinatorics.SimpleGraph.Partition (4.6s)
✔ [6787/6796] Built Mathlib.Combinatorics.SimpleGraph.Coloring.Constructions (7.2s)
✔ [6788/6796] Built Mathlib.Combinatorics.SimpleGraph.Hall (7.4s)
✔ [6789/6796] Built Mathlib.Combinatorics.SimpleGraph.Extremal.ErdosStoneSimonovits (12s)
✔ [6790/6796] Built Mathlib.Combinatorics.SimpleGraph.FiveWheelLike (17s)
✔ [6791/6796] Built Mathlib.Combinatorics.SimpleGraph.Star (4.9s)
✔ [6792/6799] Built Mathlib.Combinatorics.SimpleGraph.Girth (6.3s)
✔ [6793/6800] Built Mathlib.Combinatorics.SimpleGraph.StronglyRegular (6.3s)
✔ [6794/6802] Built Mathlib.Combinatorics.SimpleGraph.ConcreteColorings (4.9s)
✔ [6795/6802] Built Mathlib.Combinatorics.SimpleGraph.Trails (5.3s)
✔ [6796/6803] Built Mathlib.Combinatorics.SimpleGraph.UniversalVerts (4.7s)
✔ [6797/6803] Built Mathlib.Combinatorics.SimpleGraph.UnitDistance.Basic (4.8s)
✔ [6798/6804] Built Mathlib.Combinatorics.SimpleGraph.Walks.Basic (3.7s)
✔ [6799/6805] Built Mathlib.Combinatorics.SimpleGraph.VertexCover (5.5s)
✔ [6800/6806] Built Mathlib.Combinatorics.SimpleGraph.Walks.Counting (3.5s)
✔ [6801/6807] Built Mathlib.Combinatorics.SimpleGraph.Walks.Decomp (3.4s)
✔ [6802/6808] Built Mathlib.Combinatorics.SimpleGraph.Walks.Maps (3.5s)
✔ [6803/6808] Built Mathlib.Combinatorics.SimpleGraph.Walks.Operations (3.5s)
✔ [6804/6810] Built Mathlib.Combinatorics.SimpleGraph.Walks.Subwalks (3.5s)
✔ [6805/6816] Built Mathlib.Combinatorics.SimpleGraph.Walks.Traversal (3.2s)
✔ [6806/6816] Built Mathlib.Combinatorics.Tiling.Tile (6.2s)
✔ [6807/6819] Built Mathlib.Combinatorics.SimpleGraph.Tutte (13s)
✔ [6808/6822] Built Mathlib.Combinatorics.Young.YoungDiagram (5.8s)
✔ [6809/6822] Built Mathlib.Computability.Primrec.Basic (6.7s)
✔ [6810/6822] Built Mathlib.Data.Nat.PSub (3.4s)
✔ [6811/6824] Built Mathlib.Combinatorics.Young.SemistandardTableau (4.6s)
✔ [6812/6824] Built Mathlib.Computability.Language (7.0s)
✔ [6813/6824] Built Mathlib.Data.Nat.Size (3.8s)
✔ [6814/6828] Built Mathlib.Computability.Primrec.List (9.6s)
✔ [6815/6828] Built Mathlib.Computability.AkraBazzi.GrowsPolynomially (14s)
✔ [6816/6828] Built Mathlib.Data.Nat.Bitwise (8.2s)
✔ [6817/6829] Built Mathlib.Computability.DFA (5.3s)
✔ [6818/6831] Built Mathlib.Computability.ContextFreeGrammar (5.1s)
✔ [6819/6831] Built Mathlib.Data.Num.Basic (3.0s)
✔ [6820/6833] Built Mathlib.Data.List.ReduceOption (3.9s)
✔ [6821/6834] Built Mathlib.Computability.Partrec (8.4s)
✔ [6822/6835] Built Mathlib.Computability.NFA (6.8s)
✔ [6823/6835] Built Mathlib.Data.Num.Bitwise (6.0s)
✔ [6824/6835] Built Mathlib.Computability.MyhillNerode (4.8s)
✔ [6825/6839] Built Mathlib.Computability.EpsilonNFA (6.0s)
✔ [6826/6840] Built Mathlib.Computability.AkraBazzi.SumTransform (22s)
✔ [6827/6841] Built Mathlib.Data.Num.Lemmas (11s)
✔ [6828/6841] Built Mathlib.Computability.TuringMachine.Tape (6.0s)
✔ [6829/6841] Built Mathlib.Computability.StateTransition (4.4s)
✔ [6830/6842] Built Mathlib.Computability.Primrec (3.7s)
✔ [6831/6842] Built Mathlib.Computability.PartrecCode (21s)
✔ [6832/6843] Built Mathlib.Computability.Encoding (4.4s)
✔ [6833/6843] Built Mathlib.Computability.RecursiveIn (5.1s)
✔ [6834/6843] Built Mathlib.Computability.PartrecBasis (7.0s)
✔ [6835/6843] Built Mathlib.Computability.TuringMachine.PostTuringMachine (11s)
✔ [6836/6843] Built Mathlib.Computability.RE (7.5s)
✔ [6837/6846] Built Mathlib.Computability.AkraBazzi.AkraBazzi (17s)
✔ [6838/6846] Built Mathlib.Computability.PostTuringMachine (3.5s)
✔ [6839/6846] Built Mathlib.Computability.Ackermann (6.6s)
✔ [6840/6852] Built Mathlib.Computability.RegularExpressions (5.5s)
✔ [6841/6853] Built Mathlib.Computability.Halting (4.1s)
✔ [6842/6853] Built Mathlib.Computability.Tape (3.3s)
✔ [6843/6857] Built Mathlib.Computability.TuringDegree (4.3s)
✔ [6844/6857] Built Mathlib.Computability.TuringMachine.StackTuringMachine (8.9s)
✔ [6845/6860] Built Mathlib.Computability.TuringMachine.Config (8.0s)
✔ [6846/6860] Built Mathlib.Computability.Reduce (5.3s)
✔ [6847/6860] Built Mathlib.Computability.TuringMachine (3.3s)
✔ [6848/6861] Built Mathlib.Topology.Category.CompHausLike.Limits (6.0s)
✔ [6849/6864] Built Mathlib.Computability.TuringMachine.Computable (4.8s)
✔ [6850/6864] Built Mathlib.Computability.TMConfig (4.3s)
✔ [6851/6864] Built Mathlib.Topology.Separation.Profinite (10s)
✔ [6852/6864] Built Mathlib.Topology.Category.CompHausLike.EffectiveEpi (7.6s)
✔ [6853/6864] Built Mathlib.Topology.Category.CompHaus.Limits (8.8s)
✔ [6854/6866] Built Mathlib.Topology.ExtremallyDisconnected (6.4s)
✔ [6855/6868] Built Mathlib.Computability.TMComputable (5.6s)
✔ [6856/6871] Built Mathlib.Computability.TuringMachine.ToPartrec (16s)
✔ [6857/6874] Built Mathlib.Topology.Category.CompHaus.Projective (6.2s)
✔ [6858/6881] Built Mathlib.Computability.TMToPartrec (4.1s)
✔ [6859/6883] Built Mathlib.Topology.Category.CompHaus.EffectiveEpi (6.4s)
✔ [6860/6883] Built Mathlib.Topology.Category.Profinite.Basic (8.7s)
✔ [6861/6883] Built Mathlib.Topology.ClopenBox (4.7s)
✔ [6862/6883] Built Mathlib.Topology.Category.TopCat.Limits.Cofiltered (5.6s)
✔ [6863/6883] Built Mathlib.Topology.DiscreteQuotient (5.9s)
✔ [6864/6885] Built Mathlib.Condensed.Basic (5.5s)
✔ [6865/6886] Built Mathlib.Topology.Category.Profinite.Limits (4.8s)
✔ [6866/6886] Built Mathlib.Topology.Category.Stonean.Basic (5.7s)
✔ [6867/6886] Built Mathlib.Topology.Category.Profinite.AsLimit (5.6s)
✔ [6868/6886] Built Mathlib.Topology.Category.Profinite.CofilteredLimit (6.0s)
✔ [6869/6889] Built Mathlib.Topology.Category.TopCat.Yoneda (4.7s)
✔ [6870/6889] Built Mathlib.Condensed.CartesianClosed (5.3s)
✔ [6871/6889] Built Mathlib.Condensed.Module (6.5s)
✔ [6872/6889] Built Mathlib.Topology.Category.CompHausLike.SigmaComparison (4.3s)
✔ [6873/6889] Built Mathlib.Topology.Category.Profinite.EffectiveEpi (4.9s)
✔ [6874/6890] Built Mathlib.Logic.Function.FiberPartition (2.5s)
✔ [6875/6893] Built Mathlib.Topology.Category.Stonean.Limits (4.0s)
✔ [6876/6893] Built Mathlib.Topology.FiberPartition (4.0s)
✔ [6877/6893] Built Mathlib.Condensed.TopComparison (5.9s)
✔ [6878/6898] Built Mathlib.Condensed.Limits (5.9s)
✔ [6879/6898] Built Mathlib.Topology.Category.LightProfinite.Basic (9.1s)
✔ [6880/6901] Built Mathlib.Topology.Category.Stonean.EffectiveEpi (5.1s)
✔ [6881/6901] Built Mathlib.Topology.Category.LightProfinite.AsLimit (5.0s)
✔ [6882/6901] Built Mathlib.Topology.Category.Profinite.Extend (7.3s)
✔ [6883/6901] Built Mathlib.Topology.Category.LightProfinite.Limits (5.5s)
✔ [6884/6905] Built Mathlib.Topology.LocallyConstant.Algebra (10s)
✔ [6885/6905] Built Mathlib.Condensed.Equivalence (5.4s)
✔ [6886/6905] Built Mathlib.Topology.Category.LightProfinite.Extend (7.2s)
✔ [6887/6908] Built Mathlib.Topology.Category.LightProfinite.EffectiveEpi (5.4s)
✔ [6888/6908] Built Mathlib.Topology.Category.Sequential (4.4s)
✔ [6889/6911] Built Mathlib.Topology.Category.LightProfinite.Sequence (5.8s)
✔ [6890/6911] Built Mathlib.Condensed.Explicit (6.4s)
✔ [6891/6913] Built Mathlib.Condensed.Epi (7.4s)
✔ [6892/6913] Built Mathlib.Topology.Category.CompHausLike.Cartesian (4.6s)
✔ [6893/6913] Built Mathlib.Condensed.Light.Instances (5.9s)
✔ [6894/6916] Built Mathlib.Condensed.AB (11s)
✔ [6895/6916] Built Mathlib.Condensed.Light.Basic (4.9s)
✔ [6896/6916] Built Mathlib.Condensed.Functors (5.6s)
✔ [6897/6916] Built Mathlib.Topology.Category.LightProfinite.Cartesian (4.6s)
✔ [6898/6918] Built Mathlib.Condensed.Light.TopComparison (4.7s)
✔ [6899/6918] Built Mathlib.Condensed.Light.CartesianClosed (5.0s)
✔ [6900/6919] Built Mathlib.Condensed.Light.Module (7.9s)
✔ [6901/6919] Built Mathlib.Condensed.Discrete.Basic (4.0s)
✔ [6902/6920] Built Mathlib.Condensed.EffectiveEpi (5.0s)
✔ [6903/6920] Built Mathlib.Condensed.Light.TopCatAdjunction (7.9s)
✔ [6904/6920] Built Mathlib.Condensed.Light.Explicit (5.3s)
✔ [6905/6920] Built Mathlib.Topology.Category.LightProfinite.Injective (7.6s)
✔ [6906/6920] Built Mathlib.Condensed.Light.Limits (5.9s)
✔ [6907/6920] Built Mathlib.Condensed.Light.Monoidal (14s)
✔ [6908/6923] Built Mathlib.Condensed.Light.Small (9.6s)
✔ [6909/6923] Built Mathlib.Condensed.Solid (6.9s)
✔ [6910/6926] Built Mathlib.Control.Bitraversable.Basic (3.0s)
✔ [6911/6927] Built Mathlib.Condensed.Light.Functors (5.8s)
✔ [6912/6927] Built Mathlib.Topology.Category.CompactlyGenerated (5.3s)
✔ [6913/6927] Built Mathlib.Condensed.Discrete.LocallyConstant (13s)
✔ [6914/6929] Built Mathlib.Control.Traversable.Lemmas (2.2s)
✔ [6915/6929] Built Mathlib.Control.Bitraversable.Lemmas (3.1s)
✔ [6916/6929] Built Mathlib.Control.EquivFunctor.Instances (3.1s)
✔ [6917/6929] Built Mathlib.Condensed.Light.Epi (9.4s)
✔ [6918/6931] Built Mathlib.Condensed.TopCatAdjunction (7.8s)
✔ [6919/6931] Built Mathlib.Data.Nat.Upto (2.4s)
✔ [6920/6931] Built Mathlib.Control.Bitraversable.Instances (3.6s)
✔ [6921/6931] Built Mathlib.Condensed.Light.EffectiveEpi (5.6s)
✔ [6922/6931] Built Mathlib.Condensed.Light.InternallyProjective (8.1s)
✔ [6923/6932] Built Mathlib.Condensed.Discrete.Module (21s)
✔ [6924/6934] Built Mathlib.Control.Traversable.Instances (4.3s)
✔ [6925/6934] Built Mathlib.Condensed.Light.AB (8.8s)
✔ [6926/6934] Built Mathlib.Control.Fix (4.4s)
✔ [6927/6935] Built Mathlib.Data.Fin.Fin2 (5.5s)
✔ [6928/6936] Built Mathlib.Control.Fold (5.9s)
✔ [6929/6936] Built Mathlib.Control.Lawful (2.5s)
✔ [6930/6938] Built Mathlib.Control.LawfulFix (4.0s)
✔ [6931/6940] Built Mathlib.Data.TypeVec (11s)
✔ [6932/6941] Built Mathlib.Control.Monad.Writer (3.8s)
✔ [6933/6942] Built Mathlib.Control.Monad.Cont (4.3s)
✔ [6934/6942] Built Mathlib.Control.Functor.Multivariate (5.0s)
✔ [6935/6943] Built Mathlib.Condensed.Discrete.Colimit (48s)
✔ [6936/6943] Built Mathlib.Control.Traversable.Equiv (3.4s)
✔ [6937/6944] Built Mathlib.Control.ULiftable (4.3s)
✔ [6938/6945] Built Mathlib.Control.Random (4.9s)
✔ [6939/6946] Built Mathlib.Data.Analysis.Filter (7.9s)
✔ [6940/6947] Built Mathlib.Data.Array.Defs (2.6s)
✔ [6941/6947] Built Mathlib.Data.BitVec (5.0s)
✔ [6942/6948] Built Mathlib.Condensed.Light.Sequence (40s)
✔ [6943/6948] Built Mathlib.Data.Bool.AllAny (2.4s)
✔ [6944/6950] Built Mathlib.Data.Analysis.Topology (6.1s)
✔ [6945/6951] Built Mathlib.Data.Char (2.4s)
✔ [6946/6952] Built Mathlib.Data.Bool.Count (5.6s)
✔ [6947/6953] Built Mathlib.Data.DFinsupp.FiniteInfinite (3.6s)
✔ [6948/6954] Built Mathlib.Data.DFinsupp.Interval (4.6s)
✔ [6949/6955] Built Mathlib.Condensed.Discrete.Characterization (22s)
✔ [6950/6955] Built Mathlib.Data.DFinsupp.Multiset (4.5s)
✔ [6951/6958] Built Mathlib.Data.DFinsupp.Notation (4.0s)
✔ [6952/6959] Built Mathlib.Data.DList.Instances (3.2s)
✔ [6953/6960] Built Mathlib.Data.Erased (2.2s)
✔ [6954/6960] Built Mathlib.Data.Semiquot (3.2s)
✔ [6955/6960] Built Mathlib.Data.ENat.BigOperators (4.0s)
✔ [6956/6964] Built Mathlib.Data.Fin.FlagRange (3.1s)
✔ [6957/6965] Built Mathlib.Data.Fin.Pigeonhole (3.2s)
✔ [6958/6966] Built Mathlib.Data.FP.Basic (3.2s)
✔ [6959/6967] Built Mathlib.Data.Fin.Tuple.BubbleSortInduction (3.6s)
✔ [6960/6969] Built Mathlib.Logic.Function.FromTypes (3.2s)
✔ [6961/6969] Built Mathlib.Data.Fin.Tuple.Embedding (3.7s)
✔ [6962/6970] Built Mathlib.Data.Fin.Tuple.Take (3.8s)
✔ [6963/6970] Built Mathlib.Data.Finite.Card (3.7s)
✔ [6964/6970] Built Mathlib.Logic.Function.OfArity (3.3s)
✔ [6965/6970] Built Mathlib.Data.FinEnum (5.5s)
✔ [6966/6975] Built Mathlib.Data.Finite.Perm (4.2s)
✔ [6967/6975] Built Mathlib.Data.Finite.Vector (3.8s)
✔ [6968/6978] Built Mathlib.Data.Fin.Tuple.Curry (3.9s)
✔ [6969/6979] Built Mathlib.Data.FinEnum.Option (4.2s)
✔ [6970/6980] Built Mathlib.Data.List.Lookmap (2.3s)
✔ [6971/6980] Built Mathlib.Data.Finset.DenselyOrdered (3.8s)
✔ [6972/6981] Built Mathlib.Data.Multiset.Functor (4.0s)
✔ [6973/6981] Built Mathlib.Data.Finset.Lattice.Pi (4.5s)
✔ [6974/6982] Built Mathlib.Data.Finset.NatDivisors (4.2s)
✔ [6975/6984] Built Mathlib.Data.List.Sigma (5.5s)
✔ [6976/6984] Built Mathlib.Data.Finset.PImage (5.9s)
✔ [6977/6986] Built Mathlib.Data.Finset.Functor (5.2s)
✔ [6978/6986] Built Mathlib.Data.Finset.PiInduction (4.0s)
✔ [6979/6987] Built Mathlib.Data.Finsupp.BigOperators (3.8s)
✔ [6980/6988] Built Mathlib.Data.Finsupp.PWO (3.9s)
✔ [6981/6989] Built Mathlib.Data.Finsupp.NeLocus (4.3s)
✔ [6982/6990] Built Mathlib.Data.List.AList (4.7s)
✔ [6983/6990] Built Mathlib.Data.Finsupp.Pointwise (5.4s)
✔ [6984/6991] Built Mathlib.Data.Finsupp.PointwiseSMul (4.1s)
✔ [6985/6991] Built Mathlib.Data.Fintype.Units (3.0s)
✔ [6986/6992] Built Mathlib.Data.Finsupp.Sigma (4.5s)
✔ [6987/6993] Built Mathlib.Data.Fintype.WithTopBot (3.7s)
✔ [6988/6994] Built Mathlib.Data.Finsupp.AList (4.8s)
✔ [6989/6995] Built Mathlib.Data.Finmap (6.7s)
✔ [6990/6995] Built Mathlib.Data.Holor (6.3s)
✔ [6991/6998] Built Mathlib.Data.Int.AbsoluteValue (4.5s)
✔ [6992/6999] Built Mathlib.Data.Int.Bitwise (5.5s)
✔ [6993/7000] Built Mathlib.Data.Int.Order.Lemmas (4.6s)
✔ [6994/7000] Built Mathlib.Data.Int.CardIntervalMod (7.3s)
✔ [6995/7000] Built Mathlib.Data.Int.Fib.Lemmas (6.9s)
✔ [6996/7003] Built Mathlib.Data.Int.NatPrime (4.4s)
✔ [6997/7004] Built Mathlib.Data.LawfulXor (2.8s)
✔ [6998/7005] Built Mathlib.Data.List.TakeWhile (3.4s)
✔ [6999/7005] Built Mathlib.Data.List.ChainOfFn (4.2s)
✔ [7000/7007] Built Mathlib.Data.Int.Lemmas (4.0s)
✔ [7001/7007] Built Mathlib.Data.List.Fold (2.7s)
✔ [7002/7008] Built Mathlib.Data.List.Indexes (2.6s)
✔ [7003/7009] Built Mathlib.Data.List.DropRight (4.3s)
✔ [7004/7010] Built Mathlib.Data.List.Intervals (4.6s)
✔ [7005/7011] Built Mathlib.Data.List.Lemmas (4.8s)
✔ [7006/7012] Built Mathlib.Data.List.Map2 (4.5s)
✔ [7007/7013] Built Mathlib.Data.List.ModifyLast (2.7s)
✔ [7008/7014] Built Mathlib.Data.List.Palindrome (3.8s)
✔ [7009/7015] Built Mathlib.Data.List.Sections (4.2s)
✔ [7010/7016] Built Mathlib.Data.List.Shortlex (5.9s)
✔ [7011/7017] Built Mathlib.Data.List.PeriodicityLemma (8.2s)
✔ [7012/7017] Built Mathlib.Data.List.SplitOn (1.2s)
✔ [7013/7020] Built Mathlib.Data.List.SplitLengths (4.1s)
✔ [7014/7021] Built Mathlib.Data.List.SplitBy (6.3s)
✔ [7015/7021] Built Mathlib.Data.Matrix.Auto (3.0s)
✔ [7016/7024] Built Mathlib.Data.Matrix.Action (4.8s)
✔ [7017/7025] Built Mathlib.Data.Matrix.Cartan (5.7s)
✔ [7018/7026] Built Mathlib.LinearAlgebra.Matrix.Bilinear (7.7s)
✔ [7019/7026] Built Mathlib.LinearAlgebra.Matrix.DualNumber (6.8s)
✔ [7020/7027] Built Mathlib.Data.Matrix.ColumnRowPartitioned (8.0s)
✔ [7021/7027] Built Mathlib.Data.Matrix.Invertible (5.6s)
✔ [7022/7028] Built Mathlib.Data.Matrix.Bilinear (4.4s)
✔ [7023/7029] Built Mathlib.Data.Multiset.DershowitzManna (8.0s)
✔ [7024/7030] Built Mathlib.Data.Multiset.Interval (4.7s)
✔ [7025/7031] Built Mathlib.Data.Matrix.DualNumber (4.6s)
✔ [7026/7032] Built Mathlib.Data.Multiset.Pairwise (3.7s)
✔ [7027/7033] Built Mathlib.Data.NNRat.Encodable (4.2s)
✔ [7028/7033] Built Mathlib.Data.NNRat.BigOperators (4.0s)
✔ [7029/7034] Built Mathlib.Data.Nat.Cast.Synonym (3.4s)
✔ [7030/7037] Built Mathlib.Data.NNRat.Lemmas (5.8s)
✔ [7031/7038] Built Mathlib.Data.NNRat.Floor (8.3s)
✔ [7032/7039] Built Mathlib.Data.Nat.Cast.SetInterval (5.3s)
✔ [7033/7040] Built Mathlib.Data.Nat.Prime.Factorial (4.6s)
✔ [7034/7040] Built Mathlib.Data.Nat.ChineseRemainder (6.1s)
✔ [7035/7041] Built Mathlib.Data.Nat.Digits.Div (5.8s)
✔ [7036/7042] Built Mathlib.Data.Nat.Choose.Lucas (10s)
✔ [7037/7043] Built Mathlib.Data.Nat.Choose.Dvd (5.8s)
✔ [7038/7044] Built Mathlib.Data.Nat.Dist (7.6s)
✔ [7039/7045] Built Mathlib.Data.Nat.Factorial.NatCast (6.4s)
✔ [7040/7046] Built Mathlib.Data.Nat.Factorization.Root (6.0s)
✔ [7041/7047] Built Mathlib.Data.Nat.Factorization.Divisors (7.4s)
✔ [7042/7048] Built Mathlib.Data.Nat.GCD.Prime (4.8s)
✔ [7043/7051] Built Mathlib.Data.Nat.Fib.Zeckendorf (6.4s)
✔ [7044/7051] Built Mathlib.Data.Nat.Lattice (4.0s)
✔ [7045/7054] Built Mathlib.Data.Nat.Hyperoperation (5.1s)
✔ [7046/7054] Built Mathlib.Data.Nat.Nth (6.5s)
✔ [7047/7056] Built Mathlib.Data.Ordering.Lemmas (3.6s)
✔ [7048/7061] Built Mathlib.Data.Nat.Prime.Nth (5.9s)
✔ [7049/7062] Built Mathlib.Data.Ordmap.Ordnode (8.3s)
✔ [7050/7062] Built Mathlib.Data.PFunctor.Univariate.Basic (5.0s)
✔ [7051/7063] Built Mathlib.Data.Num.ZNum (14s)
✔ [7052/7063] Built Mathlib.Data.PNat.Find (5.2s)
✔ [7053/7064] Built Mathlib.Data.PNat.Factors (6.6s)
✔ [7054/7064] Built Mathlib.Data.PNat.Interval (7.1s)
✔ [7055/7064] Built Mathlib.Data.PFunctor.Multivariate.Basic (6.3s)
✔ [7056/7065] Built Mathlib.Data.PFunctor.Univariate.M (8.5s)
✔ [7057/7065] Built Mathlib.Data.Ordmap.Invariants (13s)
✔ [7058/7066] Built Mathlib.Data.Num.Prime (5.6s)
✔ [7059/7066] Built Mathlib.Data.PNat.Order (4.2s)
✔ [7060/7067] Built Mathlib.Data.PFunctor.Multivariate.W (6.8s)
✔ [7061/7067] Built Mathlib.Data.PNat.Xgcd (7.4s)
✔ [7062/7068] Built Mathlib.Data.PFunctor.Multivariate.M (7.3s)
✔ [7063/7076] Built Mathlib.Data.PSigma.Order (5.7s)
✔ [7064/7077] Built Mathlib.Data.Pi.Interval (4.9s)
✔ [7065/7078] Built Mathlib.Data.QPF.Multivariate.Basic (5.3s)
✔ [7066/7078] Built Mathlib.Data.Ordmap.Ordset (8.2s)
✔ [7067/7079] Built Mathlib.Data.QPF.Univariate.Basic (6.9s)
✔ [7068/7079] Built Mathlib.Data.Rat.Cardinal (5.3s)
✔ [7069/7079] Built Mathlib.Data.Rat.Cast.OfScientific (5.0s)
✔ [7070/7079] Built Mathlib.Data.QPF.Multivariate.Constructions.Sigma (4.9s)
✔ [7071/7079] Built Mathlib.Data.QPF.Multivariate.Constructions.Quot (4.9s)
✔ [7072/7079] Built Mathlib.Data.QPF.Multivariate.Constructions.Prj (5.2s)
✔ [7073/7079] Built Mathlib.Data.QPF.Multivariate.Constructions.Fix (6.5s)
✔ [7074/7080] Built Mathlib.Data.QPF.Multivariate.Constructions.Const (5.2s)
✔ [7075/7081] Built Mathlib.Data.QPF.Multivariate.Constructions.Comp (5.6s)
✔ [7076/7082] Built Mathlib.Data.Rat.Denumerable (5.0s)
✔ [7077/7082] Built Mathlib.Data.QPF.Multivariate.Constructions.Cofix (9.7s)
✔ [7078/7084] Built Mathlib.Data.Rat.Star (6.6s)
✔ [7079/7085] Built Mathlib.Data.Rat.NatSqrt.Real (7.7s)
✔ [7080/7086] Built Mathlib.Data.Real.Archimedean (4.6s)
✔ [7081/7086] Built Mathlib.Data.Real.CompleteField (4.5s)
✔ [7082/7090] Built Mathlib.Data.Real.Sign (3.8s)
✔ [7083/7091] Built Mathlib.Data.Real.Hom (4.5s)
✔ [7084/7092] Built Mathlib.Data.Real.Sqrt (4.2s)
✔ [7085/7093] Built Mathlib.Data.Set.Accumulate (3.7s)
✔ [7086/7094] Built Mathlib.Data.Real.StarOrdered (5.1s)
✔ [7087/7095] Built Mathlib.Data.Set.Dissipate (4.2s)
✔ [7088/7096] Built Mathlib.Data.Set.Enumerate (4.5s)
✔ [7089/7097] Built Mathlib.Data.WSeq.Basic (8.6s)
✔ [7090/7097] Built Mathlib.Data.Set.Finite.List (3.0s)
✔ [7091/7098] Built Mathlib.Data.Set.Finite.Monad (3.6s)
✔ [7092/7098] Built Mathlib.Data.Set.Opposite (2.4s)
✔ [7093/7101] Built Mathlib.Data.Set.Pairwise.Chain (2.7s)
✔ [7094/7102] Built Mathlib.Data.Set.FiniteExhaustion (4.1s)
✔ [7095/7103] Built Mathlib.Data.WSeq.Relation (6.4s)
✔ [7096/7103] Built Mathlib.Data.Setoid.Partition.Card (5.3s)
✔ [7097/7104] Built Mathlib.Data.Sigma.Order (4.4s)
✔ [7098/7104] Built Mathlib.Data.String.Lemmas (1.8s)
✔ [7099/7105] Built Mathlib.Data.SubtypeNeLift (2.6s)
✔ [7100/7106] Built Mathlib.Data.String.Basic (7.5s)
✔ [7101/7107] Built Mathlib.Data.Seq.Parallel (6.8s)
✔ [7102/7108] Built Mathlib.Data.Sigma.Interval (7.1s)
✔ [7103/7109] Built Mathlib.Data.Sum.Lattice (6.5s)
✔ [7104/7110] Built Mathlib.Data.Sym.NatCard (4.6s)
✔ [7105/7111] Built Mathlib.Data.Sym.Sym2.Finsupp (3.8s)
✔ [7106/7111] Built Mathlib.Data.Tree.Get (1.0s)
✔ [7107/7114] Built Mathlib.Data.Tree.RBMap (1.8s)
✔ [7108/7115] Built Mathlib.Data.Tree.Traversable (2.5s)
✔ [7109/7116] Built Mathlib.Data.Vector.Snoc (3.9s)
✔ [7110/7116] Built Mathlib.Data.Sum.Interval (14s)
✔ [7111/7117] Built Mathlib.Data.Vector.Mem (3.7s)
✔ [7112/7118] Built Mathlib.Data.UInt (6.3s)
✔ [7113/7119] Built Mathlib.Data.Vector.Zip (3.9s)
✔ [7114/7119] Built Mathlib.Data.Vector.MapLemmas (6.1s)
✔ [7115/7121] Built Mathlib.Data.W.Constructions (5.5s)
✔ [7116/7122] Built Mathlib.Data.Vector3 (6.3s)
✔ [7117/7123] Built Mathlib.Data.WSeq.Defs (6.0s)
✔ [7118/7123] Built Mathlib.Data.WSeq.Productive (4.2s)
✔ [7119/7125] Built Mathlib.Deprecated.Aliases (1.9s)
✔ [7120/7128] Built Mathlib.Data.ZMod.Coprime (5.3s)
✔ [7121/7128] Built Mathlib.Data.ZMod.Factorial (4.7s)
✔ [7122/7131] Built Mathlib.Order.SemiconjSup (3.3s)
✔ [7123/7131] Built Mathlib.Dynamics.BirkhoffSum.QuasiMeasurePreserving (5.4s)
✔ [7124/7134] Built Mathlib.Dynamics.Ergodic.Ergodic (6.4s)
✔ [7125/7134] Built Mathlib.MeasureTheory.Group.AEStabilizer (7.9s)
✔ [7126/7136] Built Mathlib.Dynamics.FixedPoints.Prufer (4.7s)
✔ [7127/7137] Built Mathlib.MeasureTheory.Measure.ContinuousPreimage (7.5s)
✔ [7128/7137] Built Mathlib.Dynamics.Circle.RotationNumber.TranslationNumber (11s)
✔ [7129/7138] Built Mathlib.Topology.Instances.AddCircle.DenseSubgroup (8.8s)
✔ [7130/7139] Built Mathlib.Dynamics.Ergodic.Action.Basic (9.5s)
✔ [7131/7142] Built Mathlib.MeasureTheory.Group.AddCircle (13s)
✔ [7132/7143] Built Mathlib.Dynamics.Ergodic.Conservative (7.8s)
✔ [7133/7143] Built Mathlib.Dynamics.Ergodic.Function (6.6s)
✔ [7134/7144] Built Mathlib.Dynamics.Ergodic.Action.Regular (7.8s)
✔ [7135/7145] Built Mathlib.Dynamics.Ergodic.AddCircle (10s)
✔ [7136/7145] Built Mathlib.MeasureTheory.Measure.Decomposition.RadonNikodym (12s)
✔ [7137/7146] Built Mathlib.Dynamics.FixedPoints.Support (6.0s)
✔ [7138/7149] Built Mathlib.Topology.Order.CountableSeparating (7.0s)
✔ [7139/7149] Built Mathlib.Dynamics.TopologicalEntropy.DynamicalEntourage (4.0s)
✔ [7140/7150] Built Mathlib.Dynamics.Flow (6.6s)
✔ [7141/7151] Built Mathlib.Dynamics.SymbolicDynamics.Basic (6.8s)
✔ [7142/7153] Built Mathlib.Dynamics.OmegaLimit (6.5s)
✔ [7143/7153] Built Mathlib.Dynamics.Ergodic.RadonNikodym (8.2s)
✔ [7144/7153] Built Mathlib.Dynamics.TopologicalEntropy.CoverEntropy (8.1s)
✔ [7145/7155] Built Mathlib.Dynamics.Ergodic.Action.OfMinimal (16s)
✔ [7146/7155] Built Mathlib.Dynamics.Transitive (5.0s)
✔ [7147/7155] Built Mathlib.Dynamics.Ergodic.Extreme (7.8s)
✔ [7148/7155] Built Mathlib.Dynamics.TopologicalEntropy.Semiconj (6.9s)
✔ [7149/7157] Built Mathlib.FieldTheory.AbelRuffini (10s)
✔ [7150/7157] Built Mathlib.Dynamics.TopologicalEntropy.NetEntropy (7.4s)
✔ [7151/7157] Built Mathlib.Topology.Algebra.Group.TopologicalAbelianization (5.3s)
✔ [7152/7163] Built Mathlib.Dynamics.Ergodic.AddCircleAdd (6.6s)
✔ [7153/7165] Built Mathlib.RingTheory.Algebraic.Cardinality (5.3s)
✔ [7154/7180] Built Mathlib.Dynamics.TopologicalEntropy.Subset (5.9s)
✔ [7155/7180] Built Mathlib.FieldTheory.AbsoluteGaloisGroup (5.8s)
✔ [7156/7182] Built Mathlib.ModelTheory.Basic (7.0s)
✔ [7157/7182] Built Mathlib.FieldTheory.IsAlgClosed.Classification (8.1s)
✔ [7158/7186] Built Mathlib.RingTheory.MvPolynomial.FreeCommRing (6.1s)
✔ [7159/7189] Built Mathlib.RingTheory.Nullstellensatz (8.2s)
✔ [7160/7190] Built Mathlib.LinearAlgebra.FreeAlgebra (5.1s)
✔ [7161/7191] Built Mathlib.GroupTheory.OreLocalization.Cardinality (5.4s)
✔ [7162/7191] Built Mathlib.ModelTheory.LanguageMap (6.7s)
✔ [7163/7191] Built Mathlib.SetTheory.Cardinal.Divisibility (4.9s)
✔ [7164/7192] Built Mathlib.RingTheory.OreLocalization.Cardinality (5.2s)
✔ [7165/7192] Built Mathlib.GroupTheory.MonoidLocalization.Cardinality (5.1s)
✔ [7166/7193] Built Mathlib.FieldTheory.Differential.Basic (10s)
✔ [7167/7193] Built Mathlib.FieldTheory.Finite.Extension (8.4s)
✔ [7168/7194] Built Mathlib.FieldTheory.Finite.Polynomial (9.1s)
✔ [7169/7194] Built Mathlib.RingTheory.Localization.Cardinality (5.7s)
✔ [7170/7194] Built Mathlib.ModelTheory.Syntax (13s)
✔ [7171/7194] Built Mathlib.FieldTheory.Finite.Valuation (6.4s)
✔ [7172/7194] Built Mathlib.FieldTheory.Differential.Liouville (10s)
✔ [7173/7194] Built Mathlib.FieldTheory.Cardinality (6.3s)
✔ [7174/7198] Built Mathlib.FieldTheory.Galois.NormalBasis (12s)
✔ [7175/7198] Built Mathlib.ModelTheory.Encoding (9.5s)
✔ [7176/7201] Built Mathlib.Topology.Separation.Connected (5.1s)
✔ [7177/7201] Built Mathlib.FieldTheory.CardinalEmb (42s)
✔ [7178/7201] Built Mathlib.ModelTheory.Semantics (12s)
✔ [7179/7201] Built Mathlib.FieldTheory.PerfectClosure (12s)
✔ [7180/7203] Built Mathlib.FieldTheory.IntermediateField.ExtendRight (13s)
✔ [7181/7203] Built Mathlib.FieldTheory.IsRealClosed.Basic (8.5s)
✔ [7182/7204] Built Mathlib.ModelTheory.Algebra.Ring.Basic (9.7s)
✔ [7183/7204] Built Mathlib.ModelTheory.Definability (9.2s)
✔ [7184/7204] Built Mathlib.ModelTheory.Quotients (4.3s)
✔ [7185/7204] Built Mathlib.ModelTheory.Substructures (12s)
✔ [7186/7205] Built Mathlib.Topology.Algebra.Category.ProfiniteGrp.Basic (28s)
✔ [7187/7205] Built Mathlib.ModelTheory.Algebra.Field.Basic (7.7s)
✔ [7188/7206] Built Mathlib.FieldTheory.IsPerfectClosure (12s)
✔ [7189/7206] Built Mathlib.ModelTheory.Algebra.Ring.FreeCommRing (5.6s)
✔ [7190/7206] Built Mathlib.ModelTheory.Ultraproducts (4.8s)
✔ [7191/7206] Built Mathlib.ModelTheory.ElementaryMaps (6.5s)
✔ [7192/7206] Built Mathlib.FieldTheory.JacobsonNoether (11s)
✔ [7193/7206] Built Mathlib.GroupTheory.CosetCover (20s)
✔ [7194/7206] Built Mathlib.ModelTheory.Algebra.Ring.Definability (7.2s)
✔ [7195/7206] Built Mathlib.FieldTheory.Laurent (8.3s)
✔ [7196/7206] Built Mathlib.FieldTheory.Galois.Profinite (16s)
✔ [7197/7210] Built Mathlib.ModelTheory.Algebra.Field.CharP (6.7s)
✔ [7198/7210] Built Mathlib.ModelTheory.ElementarySubstructures (6.7s)
✔ [7199/7210] Built Mathlib.FieldTheory.KummerExtension (18s)
✔ [7200/7211] Built Mathlib.FieldTheory.Isaacs (9.2s)
✔ [7201/7214] Built Mathlib.ModelTheory.Skolem (4.6s)
✔ [7202/7215] Built Mathlib.RingTheory.Algebraic.LinearIndependent (6.3s)
✔ [7203/7216] Built Mathlib.RingTheory.MvPolynomial (5.7s)
✔ [7204/7217] Built Mathlib.ModelTheory.Bundled (4.5s)
✔ [7205/7217] Built Mathlib.FieldTheory.Minpoly.ConjRootClass (6.2s)
✔ [7206/7217] Built Mathlib.RingTheory.TensorProduct.Nontrivial (6.8s)
✔ [7207/7217] Built Mathlib.FieldTheory.MvRatFunc.Rank (6.4s)
✔ [7208/7220] Built Mathlib.ModelTheory.Satisfiability (6.8s)
✔ [7209/7220] Built Mathlib.FieldTheory.PrimeField (7.2s)
✔ [7210/7220] Built Mathlib.FieldTheory.NormalizedTrace (11s)
✔ [7211/7221] Built Mathlib.RingTheory.AlgebraicIndependent.RankAndCardinality (8.5s)
✔ [7212/7222] Built Mathlib.ModelTheory.Algebra.Field.IsAlgClosed (7.8s)
✔ [7213/7223] Built Mathlib.FieldTheory.PurelyInseparable.Exponent (9.7s)
✔ [7214/7223] Built Mathlib.FieldTheory.PurelyInseparable.PerfectClosure (15s)
✔ [7215/7225] Built Mathlib.LinearAlgebra.TensorProduct.Subalgebra (33s)
✔ [7216/7225] Built Mathlib.FieldTheory.AxGrothendieck (8.4s)
✔ [7217/7226] Built Mathlib.FieldTheory.PurelyInseparable.AdjoinPthRoots (5.5s)
✔ [7218/7227] Built Mathlib.FieldTheory.RatFunc.Degree (7.8s)
✔ [7219/7228] Built Mathlib.FieldTheory.RatFunc.IntermediateField (16s)
✔ [7220/7229] Built Mathlib.FieldTheory.RatFunc.Valuation (15s)
✔ [7221/7230] Built Mathlib.RingTheory.LinearDisjoint (20s)
✔ [7222/7230] Built Mathlib.FieldTheory.Relrank (17s)
✔ [7223/7230] Built Mathlib.Geometry.Convex.Cone.DualFinite (8.4s)
✔ [7224/7230] Built Mathlib.Geometry.Convex.Hull (4.7s)
✔ [7225/7232] Built Mathlib.Geometry.Convex.Cone.Face.Basic (9.7s)
✔ [7226/7236] Built Mathlib.FieldTheory.RatFunc.Luroth (17s)
✔ [7227/7238] Built Mathlib.Geometry.Diffeology.Basic (16s)
✔ [7228/7241] Built Mathlib.FieldTheory.LinearDisjoint (28s)
✔ [7229/7241] Built Mathlib.Geometry.Euclidean.Angle.Unoriented.Affine (12s)
✔ [7230/7242] Built Mathlib.Geometry.Euclidean.Projection (32s)
✔ [7231/7242] Built Mathlib.Geometry.Euclidean.Angle.Unoriented.RightAngle (9.5s)
✔ [7232/7242] Built Mathlib.FieldTheory.PurelyInseparable.Tower (13s)
✔ [7233/7242] Built Mathlib.Geometry.Euclidean.Angle.Oriented.Basic (29s)
✔ [7234/7249] Built Mathlib.Geometry.Euclidean.Angle.Unoriented.Projection (5.0s)
✔ [7235/7251] Built Mathlib.Geometry.Euclidean.PerpBisector (8.7s)
✔ [7236/7253] Built Mathlib.Geometry.Euclidean.Altitude (16s)
✔ [7237/7253] Built Mathlib.Geometry.Euclidean.SignedDist (16s)
✔ [7238/7255] Built Mathlib.Geometry.Euclidean.Basic (8.3s)
✔ [7239/7258] Built Mathlib.Geometry.Euclidean.Angle.Unoriented.Conformal (6.2s)
✔ [7240/7259] Built Mathlib.Geometry.Euclidean.Angle.Oriented.Rotation (19s)
✔ [7241/7260] Built Mathlib.Geometry.Euclidean.Angle.Unoriented.CrossProduct (6.3s)
✔ [7242/7260] Built Mathlib.Topology.MetricSpace.Congruence (4.5s)
✔ [7243/7261] Built Mathlib.Geometry.Euclidean.Sphere.Basic (10s)
✔ [7244/7261] Built Mathlib.Geometry.Euclidean.Inversion.ImageHyperplane (6.9s)
✔ [7245/7264] Built Mathlib.Geometry.Euclidean.Inversion.Calculus (11s)
✔ [7246/7265] Built Mathlib.Topology.MetricSpace.Similarity (9.2s)
✔ [7247/7266] Built Mathlib.Geometry.Euclidean.Sphere.OrthRadius (15s)
✔ [7248/7267] Built Mathlib.Geometry.Euclidean.Angle.Oriented.Affine (27s)
✔ [7249/7268] Built Mathlib.Geometry.Euclidean.Circumcenter (27s)
✔ [7250/7268] Built Mathlib.Geometry.Euclidean.Simplex (15s)
✔ [7251/7268] Built Mathlib.Geometry.Euclidean.Sphere.Tangent (15s)
✔ [7252/7269] Built Mathlib.Geometry.Euclidean.Triangle (18s)
✔ [7253/7269] Built Mathlib.Geometry.Euclidean.Angle.Oriented.Projection (11s)
✔ [7254/7269] Built Mathlib.Geometry.Group.Growth.LinearLowerBound (8.2s)
✔ [7255/7269] Built Mathlib.Geometry.Euclidean.Sphere.SecondInter (14s)
✔ [7256/7269] Built Mathlib.Geometry.Euclidean.Angle.Oriented.RightAngle (23s)
✔ [7257/7269] Built Mathlib.Geometry.Euclidean.MongePoint (21s)
✔ [7258/7269] Built Mathlib.Geometry.Euclidean.Congruence (10s)
✔ [7259/7272] Built Mathlib.Geometry.Euclidean.Similarity (15s)
✔ [7260/7272] Built Mathlib.Geometry.Group.Growth.QuotientInter (7.7s)
✔ [7261/7272] Built Mathlib.Geometry.Euclidean.Angle.Unoriented.TriangleInequality (18s)
✔ [7262/7272] Built Mathlib.Geometry.Euclidean.Angle.Sphere (21s)
✔ [7263/7272] Built Mathlib.Geometry.Euclidean.Incenter (43s)
✔ [7264/7272] Built Mathlib.Geometry.Euclidean.NinePointCircle (12s)
✔ [7265/7281] Built Mathlib.Geometry.Manifold.Algebra.SmoothFunctions (21s)
✔ [7266/7282] Built Mathlib.Geometry.Euclidean.Angle.Bisector (35s)
✔ [7267/7282] Built Mathlib.Geometry.Euclidean.Sphere.Power (14s)
✔ [7268/7282] Built Mathlib.Geometry.Manifold.ConformalGroupoid (5.0s)
✔ [7269/7283] Built Mathlib.Geometry.Manifold.VectorBundle.Tangent (14s)
✔ [7270/7284] Built Mathlib.Geometry.Euclidean.Sphere.Ptolemy (7.3s)
✔ [7271/7288] Built Mathlib.Geometry.Manifold.DerivationBundle (20s)
✔ [7272/7292] Built Mathlib.Geometry.Euclidean.Angle.Incenter (13s)
✔ [7273/7296] Built Mathlib.Geometry.Manifold.LocalSourceTargetProperty (8.3s)
✔ [7274/7299] Built Mathlib.Topology.Homeomorph.TransferInstance (3.7s)
✔ [7275/7300] Built Mathlib.Topology.Instances.Shrink (3.6s)
✔ [7276/7301] Built Mathlib.Geometry.Manifold.Instances.Quotient (4.9s)
✔ [7277/7302] Built Mathlib.Geometry.Manifold.MFDeriv.SpecificFunctions (53s)
✔ [7278/7302] Built Mathlib.Topology.Algebra.Module.TransferInstance (5.6s)
✔ [7279/7302] Built Mathlib.Topology.VectorBundle.Hom (39s)
✔ [7280/7304] Built Mathlib.Geometry.Manifold.Algebra.LeftInvariantDerivation (34s)
✔ [7281/7304] Built Mathlib.Geometry.Manifold.Instances.UnitsOfNormedAlgebra (7.7s)
✔ [7282/7307] Built Mathlib.Geometry.Manifold.Complex (7.3s)
✔ [7283/7309] Built Mathlib.Geometry.Manifold.Metrizable (6.7s)
✔ [7284/7312] Built Mathlib.Geometry.Manifold.MFDeriv.Atlas (12s)
✔ [7285/7313] Built Mathlib.MeasureTheory.Constructions.UnitInterval (8.1s)
✔ [7286/7313] Built Mathlib.Geometry.Manifold.MFDeriv.UniqueDifferential (8.7s)
✔ [7287/7313] Built Mathlib.Geometry.Manifold.Immersion (21s)
✔ [7288/7316] Built Mathlib.Geometry.Manifold.Sheaf.Basic (5.7s)
✔ [7289/7317] Built Mathlib.Geometry.Manifold.MFDeriv.NormedSpace (47s)
✔ [7290/7317] Built Mathlib.Geometry.Manifold.Diffeomorph (21s)
✔ [7291/7318] Built Mathlib.Topology.VectorBundle.Riemannian (26s)
✔ [7292/7318] Built Mathlib.Geometry.Manifold.Sheaf.Smooth (23s)
✔ [7293/7318] Built Mathlib.Geometry.Manifold.SmoothEmbedding (6.8s)
✔ [7294/7319] Built Mathlib.Geometry.Manifold.Submersion (15s)
✔ [7295/7319] Built Mathlib.Geometry.Manifold.MFDeriv.Tangent (7.9s)
✔ [7296/7322] Built Mathlib.Geometry.Manifold.VectorBundle.MDifferentiable (19s)
✔ [7297/7322] Built Mathlib.Geometry.Manifold.LocalDiffeomorph (12s)
✔ [7298/7323] Built Mathlib.Topology.Algebra.Module.FiniteDimensionBilinear (10s)
✔ [7299/7323] Built Mathlib.Topology.VectorBundle.FiniteDimensional (5.4s)
✔ [7300/7324] Built Mathlib.Geometry.Manifold.Sheaf.LocallyRingedSpace (12s)
✔ [7301/7325] Built Mathlib.Geometry.Manifold.IntegralCurve.Basic (7.8s)
✔ [7302/7326] Built Mathlib.Geometry.Manifold.IsManifold.InteriorBoundary (10s)
✔ [7303/7326] Built Mathlib.Geometry.Manifold.IntegralCurve.Transform (8.5s)
✔ [7304/7327] Built Mathlib.Geometry.Manifold.VectorBundle.Pullback (7.3s)
✔ [7305/7327] Built Mathlib.Geometry.Manifold.VectorBundle.LocalFrame (19s)
✔ [7306/7328] Built Mathlib.Geometry.Manifold.VectorBundle.SmoothSection (5.4s)
✔ [7307/7328] Built Mathlib.Geometry.Manifold.Instances.Real (12s)
✔ [7308/7329] Built Mathlib.Geometry.Manifold.Bordism (8.2s)
✔ [7309/7329] Built Mathlib.Geometry.Polygon.Basic (5.0s)
✔ [7310/7330] Built Mathlib.Geometry.Manifold.IntegralCurve.ExistUnique (8.9s)
✔ [7311/7330] Built Mathlib.Geometry.Manifold.VectorBundle.Hom (40s)
✔ [7312/7330] Built Mathlib.Geometry.Manifold.VectorBundle.Tensoriality (14s)
✔ [7313/7331] Built Mathlib.GroupTheory.Abelianization.Finite (4.5s)
✔ [7314/7331] Built Mathlib.Geometry.Manifold.Instances.Icc (9.3s)
✔ [7315/7331] Built Mathlib.Geometry.Manifold.WhitneyEmbedding (17s)
✔ [7316/7332] Built Mathlib.GroupTheory.ClassEquation (4.7s)
✔ [7317/7332] Built Mathlib.Geometry.Manifold.IntegralCurve.UniformTime (11s)
✔ [7318/7332] Built Mathlib.Geometry.Manifold.Instances.Sphere (23s)
✔ [7319/7332] Built Mathlib.GroupTheory.Commensurable (4.9s)
✔ [7320/7332] Built Mathlib.Geometry.Manifold.ContMDiffMFDeriv (15s)
✔ [7321/7332] Built Mathlib.GroupTheory.Commutator.Finite (4.5s)
✔ [7322/7333] Built Mathlib.Geometry.Manifold.VectorBundle.Riemannian (17s)
✔ [7323/7336] Built Mathlib.Geometry.Manifold.Riemannian.PathELength (9.8s)
✔ [7324/7337] Built Mathlib.GroupTheory.GroupAction.CardCommute (4.3s)
✔ [7325/7337] Built Mathlib.Geometry.Manifold.PoincareConjecture (6.9s)
✔ [7326/7338] Built Mathlib.Geometry.Manifold.VectorBundle.CovariantDerivative.Basic (22s)
✔ [7327/7338] Built Mathlib.GroupTheory.Congruence.Star (3.2s)
✔ [7328/7338] Built Mathlib.GroupTheory.SpecificGroups.KleinFour (6.3s)
✔ [7329/7340] Built Mathlib.Geometry.Manifold.VectorField.Pullback (16s)
✔ [7330/7340] Built Mathlib.GroupTheory.SpecificGroups.Dihedral (7.2s)
✔ [7331/7340] Built Mathlib.Geometry.Manifold.Riemannian.Basic (18s)
✔ [7332/7341] Built Mathlib.GroupTheory.Coprod.Basic (14s)
✔ [7333/7343] Built Mathlib.Geometry.Manifold.VectorBundle.CovariantDerivative.Metric (17s)
✔ [7334/7343] Built Mathlib.GroupTheory.FreeGroup.IsFreeGroup (3.6s)
✔ [7335/7345] Built Mathlib.GroupTheory.PresentedGroup (5.4s)
✔ [7336/7347] Built Mathlib.GroupTheory.CommutingProbability (7.6s)
✔ [7337/7348] Built Mathlib.Geometry.Manifold.VectorField.LieBracket (22s)
✔ [7338/7349] Built Mathlib.GroupTheory.CoprodI (15s)
✔ [7339/7349] Built Mathlib.GroupTheory.Descent (15s)
✔ [7340/7349] Built Mathlib.GroupTheory.Coxeter.Matrix (25s)
✔ [7341/7350] Built Mathlib.GroupTheory.DoubleCoset (6.8s)
✔ [7342/7350] Built Mathlib.Geometry.Manifold.VectorBundle.CovariantDerivative.Torsion (13s)
✔ [7343/7350] Built Mathlib.GroupTheory.DivisibleHull (16s)
✔ [7344/7350] Built Mathlib.Geometry.Manifold.GroupLieAlgebra (13s)
✔ [7345/7355] Built Mathlib.GroupTheory.FiniteIndexNormalSubgroup (4.9s)
✔ [7346/7358] Built Mathlib.GroupTheory.FiniteAbelian.Duality (10s)
✔ [7347/7359] Built Mathlib.GroupTheory.Coxeter.Basic (8.1s)
✔ [7348/7360] Built Mathlib.GroupTheory.Transfer (8.9s)
✔ [7349/7360] Built Mathlib.GroupTheory.FixedPointFree (4.6s)
✔ [7350/7361] Built Mathlib.Order.Radical (3.4s)
✔ [7351/7361] Built Mathlib.GroupTheory.Coxeter.Length (6.1s)
✔ [7352/7362] Built Mathlib.GroupTheory.FreeGroup.GeneratorEquiv (5.1s)
✔ [7353/7362] Built Mathlib.GroupTheory.FreeGroup.CyclicallyReduced (6.0s)
✔ [7354/7363] Built Mathlib.GroupTheory.Nilpotent (15s)
✔ [7355/7363] Built Mathlib.GroupTheory.FreeGroup.NielsenSchreier (6.4s)
✔ [7356/7364] Built Mathlib.GroupTheory.Schreier (8.5s)
✔ [7357/7364] Built Mathlib.GroupTheory.Focal (9.5s)
✔ [7358/7365] Built Mathlib.GroupTheory.FreeGroup.Orbit (5.0s)
✔ [7359/7365] Built Mathlib.GroupTheory.Frattini (5.8s)
✔ [7360/7366] Built Mathlib.GroupTheory.Coxeter.Inversion (9.1s)
✔ [7361/7366] Built Mathlib.GroupTheory.FinitelyPresentedGroup (6.8s)
✔ [7362/7369] Built Mathlib.GroupTheory.GroupAction.DomAct.ActionHom (3.9s)
✔ [7363/7372] Built Mathlib.GroupTheory.GroupAction.Embedding (3.6s)
✔ [7364/7372] Built Mathlib.GroupTheory.Goursat (14s)
✔ [7365/7378] Built Mathlib.GroupTheory.GroupAction.Transitive (4.7s)
✔ [7366/7379] Built Mathlib.GroupTheory.IndexNormal (4.7s)
✔ [7367/7380] Built Mathlib.GroupTheory.Perm.ConjAct (5.0s)
✔ [7368/7380] Built Mathlib.SetTheory.Cardinal.Embedding (4.7s)
✔ [7369/7380] Built Mathlib.GroupTheory.GroupAction.Blocks (18s)
✔ [7370/7380] Built Mathlib.GroupTheory.GroupAction.OfQuotient (4.7s)
✔ [7371/7384] Built Mathlib.GroupTheory.GroupAction.SubMulAction.OfStabilizer (10s)
✔ [7372/7387] Built Mathlib.GroupTheory.GroupAction.Period (6.1s)
✔ [7373/7388] Built Mathlib.GroupTheory.GroupAction.Support (3.8s)
✔ [7374/7389] Built Mathlib.GroupTheory.SpecificGroups.Alternating (9.0s)
✔ [7375/7390] Built Mathlib.GroupTheory.GroupAction.Primitive (10s)
✔ [7376/7390] Built Mathlib.GroupTheory.IndexNSmul (6.2s)
✔ [7377/7391] Built Mathlib.GroupTheory.GroupExtension.Defs (9.5s)
✔ [7378/7391] Built Mathlib.GroupTheory.IsPerfect (5.7s)
✔ [7379/7392] Built Mathlib.GroupTheory.GroupAction.Iwasawa (5.3s)
✔ [7380/7392] Built Mathlib.GroupTheory.HNNExtension (14s)
✔ [7381/7393] Built Mathlib.GroupTheory.IsSubnormal (7.3s)
✔ [7382/7394] Built Mathlib.GroupTheory.MonoidLocalization.DivPairs (3.8s)
✔ [7383/7395] Built Mathlib.GroupTheory.MonoidLocalization.Lemmas (3.7s)
✔ [7384/7395] Built Mathlib.GroupTheory.GroupExtension.Basic (7.8s)
✔ [7385/7398] Built Mathlib.GroupTheory.MonoidLocalization.Order (5.1s)
✔ [7386/7399] Built Mathlib.GroupTheory.MonoidLocalization.UniqueFactorization (4.3s)
✔ [7387/7400] Built Mathlib.GroupTheory.NoncommCoprod (4.8s)
✔ [7388/7401] Built Mathlib.GroupTheory.Perm.Cycle.PossibleTypes (4.6s)
✔ [7389/7402] Built Mathlib.GroupTheory.Perm.DomMulAct (4.7s)
✔ [7390/7403] Built Mathlib.GroupTheory.Perm.ClosureSwap (4.5s)
✔ [7391/7403] Built Mathlib.GroupTheory.Perm.Subgroup (3.0s)
✔ [7392/7404] Built Mathlib.GroupTheory.GroupAction.SubMulAction.OfFixingSubgroup (24s)
✔ [7393/7405] Built Mathlib.GroupTheory.ResiduallyFinite (5.2s)
✔ [7394/7405] Built Mathlib.GroupTheory.RegularWreathProduct (8.3s)
✔ [7395/7407] Built Mathlib.GroupTheory.Perm.Centralizer (9.6s)
✔ [7396/7409] Built Mathlib.GroupTheory.PushoutI (14s)
✔ [7397/7410] Built Mathlib.GroupTheory.SpecificGroups.Alternating.Centralizer (5.8s)
✔ [7398/7411] Built Mathlib.GroupTheory.SchurZassenhaus (7.5s)
✔ [7399/7411] Built Mathlib.GroupTheory.Subgroup.Saturated (3.6s)
✔ [7400/7411] Built Mathlib.GroupTheory.SpecificGroups.Quaternion (7.2s)
✔ [7401/7413] Built Mathlib.GroupTheory.SpecificGroups.Alternating.KleinFour (5.5s)
✔ [7402/7414] Built Mathlib.GroupTheory.Subsemigroup.Lemmas (2.0s)
✔ [7403/7414] Built Mathlib.InformationTheory.Coding.UniquelyDecodable (2.7s)
✔ [7404/7414] Built Mathlib.GroupTheory.GroupAction.MultipleTransitivity (16s)
✔ [7405/7418] Built Mathlib.GroupTheory.SpecificGroups.ZGroup (10s)
✔ [7406/7435] Built Mathlib.InformationTheory.Hamming (7.3s)
✔ [7407/7436] Built Mathlib.InformationTheory.Coding.KraftMcMillan (10s)
✔ [7408/7436] Built Mathlib.Probability.Kernel.Defs (6.9s)
✔ [7409/7436] Built Mathlib.MeasureTheory.Measure.Tilted (8.5s)
✔ [7410/7445] Built Mathlib.MeasureTheory.Function.LpSpace.CompleteOfCompleteLp (9.2s)
✔ [7411/7446] Built Mathlib.GroupTheory.GroupAction.MultiplePrimitivity (19s)
✔ [7412/7446] Built Mathlib.Probability.Kernel.Basic (6.6s)
✔ [7413/7447] Built Mathlib.MeasureTheory.Measure.LogLikelihoodRatio (6.9s)
✔ [7414/7447] Built Mathlib.Lean.CoreM (1.7s)
✔ [7415/7448] Built Mathlib.MeasureTheory.Function.LpSeminorm.Trim (5.3s)
✔ [7416/7448] Built Mathlib.MeasureTheory.Function.LpSpace.InfiniteSum (7.8s)
✔ [7417/7448] Built Mathlib.Probability.Kernel.Composition.CompNotation (5.7s)
✔ [7418/7449] Built Mathlib.Lean.Elab.Tactic.Basic (1.9s)
✔ [7419/7449] Built Mathlib.GroupTheory.GroupAction.Jordan (12s)
✔ [7420/7450] Built Mathlib.Probability.Kernel.Composition.MapComap (8.3s)
✔ [7421/7450] Built Mathlib.Probability.Kernel.MeasurableLIntegral (5.7s)
✔ [7422/7450] Built Mathlib.Lean.EnvExtension (1.6s)
✔ [7423/7450] Built Mathlib.Lean.Exception (1.7s)
✔ [7424/7452] Built Mathlib.Lean.Expr (1.1s)
✔ [7425/7452] Built Mathlib.Probability.Kernel.Composition.ParallelComp (6.7s)
✔ [7426/7453] Built Mathlib.GroupTheory.Perm.MaximalSubgroups (10s)
✔ [7427/7454] Built Mathlib.MeasureTheory.Function.ConditionalExpectation.AEMeasurable (13s)
✔ [7428/7454] Built Mathlib.Util.MemoFix (1.9s)
✔ [7429/7454] Built Mathlib.Lean.Json (2.0s)
✔ [7430/7454] Built Mathlib.Probability.Kernel.Composition.Comp (6.3s)
✔ [7431/7455] Built Mathlib.Probability.Kernel.MeasurableIntegral (12s)
✔ [7432/7455] Built Mathlib.Lean.LocalContext (1.9s)
✔ [7433/7456] Built Mathlib.Lean.Expr.ReplaceRec (2.1s)
✔ [7434/7456] Built Mathlib.GroupTheory.SpecificGroups.Alternating.MaximalSubgroups (8.3s)
✔ [7435/7457] Built Mathlib.MeasureTheory.Function.ConditionalExpectation.Unique (7.2s)
✔ [7436/7457] Built Mathlib.Probability.Kernel.Composition.CompMap (5.4s)
✔ [7437/7458] Built Mathlib.Lean.MessageData.ForExprs (2.3s)
✔ [7438/7458] Built Mathlib.Lean.Meta.DiscrTree (2.7s)
✔ [7439/7459] Built Mathlib.Probability.Kernel.Composition.CompProd (8.3s)
✔ [7440/7459] Built Mathlib.Lean.Thunk (1.0s)
✔ [7441/7460] Built Mathlib.Probability.Kernel.Composition.Prod (7.4s)
✔ [7442/7460] Built Mathlib.GroupTheory.GroupAction.SubMulAction.Combination (12s)
✔ [7443/7461] Built Mathlib.LinearAlgebra.AffineSpace.AffineSubspace.Shift (9.6s)
✔ [7444/7461] Built Mathlib.Probability.Kernel.Composition.MeasureCompProd (7.6s)
✔ [7445/7462] Built Mathlib.MeasureTheory.Function.ConditionalExpectation.CondexpL2 (18s)
✔ [7446/7462] Built Mathlib.LinearAlgebra.AffineSpace.Matrix (6.7s)
✔ [7447/7462] Built Mathlib.Probability.Kernel.Composition.KernelLemmas (6.2s)
✔ [7448/7463] Built Mathlib.LinearAlgebra.AffineSpace.MidpointZero (4.0s)
✔ [7449/7463] Built Mathlib.Probability.Kernel.Composition.RadonNikodym (6.5s)
✔ [7450/7464] Built Mathlib.LinearAlgebra.Alternating.DomCoprod (11s)
✔ [7451/7464] Built Mathlib.LinearAlgebra.Basis.Flag (4.7s)
✔ [7452/7464] Built Mathlib.GroupTheory.SpecificGroups.Alternating.Simple (12s)
✔ [7453/7470] Built Mathlib.LinearAlgebra.BilinearForm.Isometry (6.0s)
✔ [7454/7470] Built Mathlib.Probability.Kernel.Composition.MeasureComp (7.0s)
✔ [7455/7470] Built Mathlib.MeasureTheory.Function.ConditionalExpectation.CondexpL1 (15s)
✔ [7456/7471] Built Mathlib.RingTheory.TensorProduct.IsBaseChangeFree (7.0s)
✔ [7457/7473] Built Mathlib.LinearAlgebra.BilinearForm.IsometryEquiv (5.7s)
✔ [7458/7473] Built Mathlib.LinearAlgebra.FixedSubmodule (6.8s)
✔ [7459/7473] Built Mathlib.Probability.Kernel.Composition.IntegralCompProd (11s)
✔ [7460/7473] Built Mathlib.MeasureTheory.Function.ConditionalExpectation.Basic (13s)
✔ [7461/7475] Built Mathlib.LinearAlgebra.TensorProduct.Opposite (8.6s)
✔ [7462/7476] Built Mathlib.RingTheory.TensorProduct.IsBaseChangeHom (17s)
✔ [7463/7476] Built Mathlib.LinearAlgebra.QuadraticForm.TensorProduct (22s)
✔ [7464/7476] Built Mathlib.MeasureTheory.Measure.Decomposition.IntegralRNDeriv (14s)
✔ [7465/7476] Built Mathlib.Probability.Notation (8.4s)
✔ [7466/7478] Built Mathlib.LinearAlgebra.QuadraticForm.QuadraticModuleCat (8.7s)
✔ [7467/7479] Built Mathlib.LinearAlgebra.Dual.BaseChange (12s)
✔ [7468/7479] Built Mathlib.InformationTheory.KullbackLeibler.KLFun (8.0s)
✔ [7469/7480] Built Mathlib.LinearAlgebra.CliffordAlgebra.BaseChange (13s)
✔ [7470/7480] Built Mathlib.LinearAlgebra.CliffordAlgebra.Contraction (17s)
✔ [7471/7480] Built Mathlib.LinearAlgebra.CliffordAlgebra.CategoryTheory (6.2s)
✔ [7472/7481] Built Mathlib.LinearAlgebra.CliffordAlgebra.Star (5.8s)
✔ [7473/7481] Built Mathlib.InformationTheory.KullbackLeibler.Basic (8.9s)
✔ [7474/7481] Built Mathlib.LinearAlgebra.CliffordAlgebra.Inversion (7.5s)
✔ [7475/7485] Built Mathlib.LinearAlgebra.Transvection.Basic (15s)
✔ [7476/7485] Built Mathlib.LinearAlgebra.CliffordAlgebra.Even (14s)
✔ [7477/7485] Built Mathlib.InformationTheory.KullbackLeibler.ChainRule (8.2s)
✔ [7478/7487] Built Mathlib.LinearAlgebra.CliffordAlgebra.Equivs (10s)
✔ [7479/7487] Built Mathlib.LinearAlgebra.Center (11s)
✔ [7480/7488] Built Mathlib.LinearAlgebra.CliffordAlgebra.SpinGroup (11s)
✔ [7481/7489] Built Mathlib.LinearAlgebra.ConvexSpace (4.3s)
✔ [7482/7490] Built Mathlib.LinearAlgebra.TensorProduct.Graded.External (17s)
✔ [7483/7490] Built Mathlib.LinearAlgebra.ConvexSpace.AffineSpace (3.8s)
✔ [7484/7490] Built Mathlib.LinearAlgebra.CliffordAlgebra.EvenEquiv (14s)
✔ [7485/7493] Built Mathlib.LinearAlgebra.Dimension.Torsion.Basic (4.8s)
✔ [7486/7494] Built Mathlib.LinearAlgebra.Dimension.Torsion.Finite (4.8s)
✔ [7487/7494] Built Mathlib.LinearAlgebra.DirectSum.Basis (3.6s)
✔ [7488/7497] Built Mathlib.LinearAlgebra.ExteriorAlgebra.Grading (7.8s)
✔ [7489/7497] Built Mathlib.LinearAlgebra.FreeModule.Int (9.5s)
✔ [7490/7498] Built Mathlib.LinearAlgebra.FreeModule.ModN (10s)
✔ [7491/7499] Built Mathlib.LinearAlgebra.TensorAlgebra.ToTensorPower (6.8s)
✔ [7492/7500] Built Mathlib.LinearAlgebra.ExteriorAlgebra.Basis (6.9s)
✔ [7493/7500] Built Mathlib.LinearAlgebra.LeftExact (5.4s)
✔ [7494/7500] Built Mathlib.LinearAlgebra.TensorProduct.Graded.Internal (25s)
✔ [7495/7501] Built Mathlib.LinearAlgebra.Goursat (10s)
✔ [7496/7502] Built Mathlib.LinearAlgebra.FreeProduct.Basic (8.5s)
✔ [7497/7504] Built Mathlib.LinearAlgebra.LinearIndependent.BaseChange (6.1s)
✔ [7498/7505] Built Mathlib.LinearAlgebra.Matrix.AbsoluteValue (4.7s)
✔ [7499/7506] Built Mathlib.LinearAlgebra.Matrix.CharP (3.0s)
✔ [7500/7507] Built Mathlib.LinearAlgebra.Matrix.Determinant.Bird (2.8s)
✔ [7501/7507] Built Mathlib.LinearAlgebra.Matrix.Circulant (4.4s)
✔ [7502/7508] Built Mathlib.LinearAlgebra.Matrix.Determinant.Misc (5.4s)
✔ [7503/7508] Built Mathlib.LinearAlgebra.CliffordAlgebra.Prod (9.9s)
✔ [7504/7509] Built Mathlib.LinearAlgebra.Matrix.Charpoly.FiniteField (5.9s)
✔ [7505/7511] Built Mathlib.LinearAlgebra.Matrix.Determinant.TotallyUnimodular (5.6s)
✔ [7506/7512] Built Mathlib.LinearAlgebra.Matrix.GeneralLinearGroup.MvPolynomial (5.4s)
✔ [7507/7513] Built Mathlib.LinearAlgebra.Matrix.FixedDetMatrices (7.9s)
✔ [7508/7513] Built Mathlib.LinearAlgebra.Matrix.GeneralLinearGroup.Card (8.1s)
✔ [7509/7516] Built Mathlib.LinearAlgebra.Matrix.Gershgorin (6.7s)
✔ [7510/7517] Built Mathlib.LinearAlgebra.Matrix.Integer (4.8s)
✔ [7511/7518] Built Mathlib.LinearAlgebra.Matrix.Orthogonal (4.2s)
✔ [7512/7518] Built Mathlib.LinearAlgebra.Matrix.Irreducible.Defs (6.2s)
✔ [7513/7518] Built Mathlib.LinearAlgebra.Matrix.HadamardMatrix (9.3s)
✔ [7514/7520] Built Mathlib.LinearAlgebra.Matrix.Permanent (4.9s)
✔ [7515/7521] Built Mathlib.LinearAlgebra.Matrix.IsDiag (5.6s)
✔ [7516/7522] Built Mathlib.LinearAlgebra.Matrix.Module (8.0s)
✔ [7517/7523] Built Mathlib.LinearAlgebra.Matrix.Unique (4.0s)
✔ [7518/7524] Built Mathlib.LinearAlgebra.Matrix.Swap (7.8s)
✔ [7519/7524] Built Mathlib.LinearAlgebra.Multilinear.FiniteDimensional (5.2s)
✔ [7520/7528] Built Mathlib.LinearAlgebra.Multilinear.Pi (5.1s)
✔ [7521/7529] Built Mathlib.LinearAlgebra.Multilinear.DirectSum (8.5s)
✔ [7522/7532] Built Mathlib.LinearAlgebra.PiTensorProduct (4.8s)
✔ [7523/7535] Built Mathlib.LinearAlgebra.Matrix.WithConv (12s)
✔ [7524/7535] Built Mathlib.LinearAlgebra.PiTensorProduct.DFinsupp (7.1s)
✔ [7525/7535] Built Mathlib.LinearAlgebra.PiTensorProduct.Generators (6.7s)
✔ [7526/7536] Built Mathlib.LinearAlgebra.Projectivization.Cardinality (7.4s)
✔ [7527/7538] Built Mathlib.RingTheory.PiTensorProduct (18s)
✔ [7528/7538] Built Mathlib.LinearAlgebra.PiTensorProduct.Finite (4.8s)
✔ [7529/7538] Built Mathlib.LinearAlgebra.PiTensorProduct.DirectSum (12s)
✔ [7530/7541] Built Mathlib.LinearAlgebra.PiTensorProduct.Finsupp (5.0s)
✔ [7531/7542] Built Mathlib.LinearAlgebra.Projectivization.Subspace (7.3s)
✔ [7532/7543] Built Mathlib.LinearAlgebra.SpecialLinearGroup (23s)
✔ [7533/7543] Built Mathlib.LinearAlgebra.Projectivization.Independence (5.9s)
✔ [7534/7545] Built Mathlib.LinearAlgebra.PiTensorProduct.Basis (5.8s)
✔ [7535/7545] Built Mathlib.LinearAlgebra.QuadraticForm.AlgClosed (7.2s)
✔ [7536/7546] Built Mathlib.LinearAlgebra.QuadraticForm.Basis (8.4s)
✔ [7537/7546] Built Mathlib.LinearAlgebra.Projectivization.Collinear (6.4s)
✔ [7538/7549] Built Mathlib.LinearAlgebra.PiTensorProduct.Dual (8.2s)
✔ [7539/7550] Built Mathlib.LinearAlgebra.Projectivization.Action (18s)
✔ [7540/7550] Built Mathlib.LinearAlgebra.QuadraticForm.Complex (9.6s)
✔ [7541/7551] Built Mathlib.LinearAlgebra.Quotient.Bilinear (6.4s)
✔ [7542/7552] Built Mathlib.LinearAlgebra.QuadraticForm.TensorProduct.Isometries (19s)
✔ [7543/7552] Built Mathlib.LinearAlgebra.QuadraticForm.Real (10s)
✔ [7544/7552] Built Mathlib.LinearAlgebra.Projectivization.PSL.Stabilizer (11s)
✔ [7545/7552] Built Mathlib.LinearAlgebra.QuadraticForm.Radical (12s)
✔ [7546/7553] Built Mathlib.LinearAlgebra.Projectivization.PSL.PSL2 (7.9s)
✔ [7547/7556] Built Mathlib.LinearAlgebra.QuadraticForm.QuadraticModuleCat.Monoidal (25s)
✔ [7548/7558] Built Mathlib.LinearAlgebra.QuadraticForm.Signature (20s)
✔ [7549/7559] Built Mathlib.LinearAlgebra.RootSystem.GeckConstruction.Basic (32s)
✔ [7550/7560] Built Mathlib.LinearAlgebra.QuadraticForm.QuadraticModuleCat.Symmetric (11s)
✔ [7551/7560] Built Mathlib.LinearAlgebra.RootSystem.RootPairingCat (6.2s)
✔ [7552/7561] Built Mathlib.LinearAlgebra.RootSystem.OfBilinear (10s)
✔ [7553/7562] Built Mathlib.LinearAlgebra.RootSystem.Finite.G2 (46s)
✔ [7554/7562] Built Mathlib.LinearAlgebra.SModEq.Pow (6.7s)
✔ [7555/7564] Built Mathlib.LinearAlgebra.SesquilinearForm.Star (6.4s)
✔ [7556/7565] Built Mathlib.LinearAlgebra.TensorAlgebra.Basis (7.6s)
✔ [7557/7566] Built Mathlib.LinearAlgebra.SymmetricAlgebra.Basic (13s)
✔ [7558/7566] Built Mathlib.LinearAlgebra.TensorAlgebra.Grading (9.0s)
✔ [7559/7567] Built Mathlib.LinearAlgebra.TensorPower.Symmetric (9.0s)
✔ [7560/7568] Built Mathlib.LinearAlgebra.RootSystem.GeckConstruction.Lemmas (20s)
✔ [7561/7568] Built Mathlib.LinearAlgebra.SymmetricAlgebra.Basis (8.6s)
✔ [7562/7569] Built Mathlib.LinearAlgebra.TensorProduct.Free (7.1s)
✔ [7563/7570] Built Mathlib.LinearAlgebra.TensorProduct.Decomposition (11s)
✔ [7564/7571] Built Mathlib.LinearAlgebra.TensorProduct.Matrix (9.8s)
✔ [7565/7572] Built Mathlib.LinearAlgebra.Transvection (9.0s)
✔ [7566/7573] Built Mathlib.Logic.Equiv.Array (7.1s)
✔ [7567/7574] Built Mathlib.Logic.Equiv.Bool (4.7s)
✔ [7568/7575] Built Mathlib.Logic.Equiv.Pairwise (3.4s)
✔ [7569/7576] Built Mathlib.Logic.Godel.GodelBetaFunction (6.7s)
✔ [7570/7577] Built Mathlib.LinearAlgebra.RootSystem.GeckConstruction.Relations (26s)
✔ [7571/7577] Built Mathlib.LinearAlgebra.RootSystem.GeckConstruction.Semisimple (63s)
✔ [7572/7577] Built Mathlib.Logic.Hydra (5.9s)
✔ [7573/7579] Built Mathlib.Logic.IsEmpty (2.4s)
✔ [7574/7582] Built Mathlib.MeasureTheory.Constructions.AddChar (4.5s)
✔ [7575/7586] Built Mathlib.MeasureTheory.Category.MeasCat (8.4s)
✔ [7576/7587] Built Mathlib.MeasureTheory.Constructions.Cylinders (7.3s)
✔ [7577/7588] Built Mathlib.MeasureTheory.Constructions.Projective (9.7s)
✔ [7578/7588] Built Mathlib.MeasureTheory.SetSemiring (13s)
✔ [7579/7588] Built Mathlib.LinearAlgebra.RootSystem.GeckConstruction.Basis (24s)
✔ [7580/7589] Built Mathlib.MeasureTheory.Constructions.SimpleGraph (5.7s)
✔ [7581/7590] Built Mathlib.MeasureTheory.Constructions.ClosedCompactCylinders (7.4s)
✔ [7582/7590] Built Mathlib.Topology.Order.WithTop (28s)
✔ [7583/7590] Built Mathlib.MeasureTheory.Constructions.SubmoduleQuotient (5.9s)
✔ [7584/7592] Built Mathlib.MeasureTheory.SetAlgebra (6.7s)
✔ [7585/7592] Built Mathlib.MeasureTheory.Constructions.BorelSpace.WithTop (7.9s)
✔ [7586/7595] Built Mathlib.MeasureTheory.Covering.LiminfLimsup (14s)
✔ [7587/7597] Built Mathlib.MeasureTheory.Function.AEEqFun.DomAct (13s)
✔ [7588/7597] Built Mathlib.MeasureTheory.Measure.AddContent (18s)
✔ [7589/7597] Built Mathlib.MeasureTheory.Function.ConditionalExpectation.Indicator (10s)
✔ [7590/7599] Built Mathlib.MeasureTheory.Function.ConditionalLExpectation (11s)
✔ [7591/7599] Built Mathlib.MeasureTheory.Constructions.ProjectiveFamilyContent (9.1s)
✔ [7592/7599] Built Mathlib.MeasureTheory.Function.UniformIntegrable (16s)
✔ [7593/7606] Built Mathlib.MeasureTheory.Function.ConditionalExpectation.CondJensen (16s)
✔ [7594/7611] Built Mathlib.MeasureTheory.Function.ConditionalExpectation.PullOut (19s)
✔ [7595/7611] Built Mathlib.MeasureTheory.Function.ConditionalExpectation.LebesgueBochner (11s)
✔ [7596/7611] Built Mathlib.MeasureTheory.VectorMeasure.Basic (23s)
✔ [7597/7611] Built Mathlib.MeasureTheory.Measure.HasOuterApproxClosed (10s)
✔ [7598/7611] Built Mathlib.MeasureTheory.Function.LpSeminorm.LpNorm (11s)
✔ [7599/7611] Built Mathlib.MeasureTheory.Measure.Tight (12s)
✔ [7600/7611] Built Mathlib.MeasureTheory.Function.ConditionalExpectation.RadonNikodym (8.9s)
✔ [7601/7615] Built Mathlib.MeasureTheory.VectorMeasure.WithDensity (9.4s)
✔ [7602/7615] Built Mathlib.MeasureTheory.VectorMeasure.Decomposition.Hahn (10s)
✔ [7603/7627] Built Mathlib.MeasureTheory.Measure.Complex (9.2s)
✔ [7604/7628] Built Mathlib.Order.Restriction (4.8s)
✔ [7605/7628] Built Mathlib.Probability.Independence.Kernel.Indep (11s)
✔ [7606/7629] Built Mathlib.MeasureTheory.VectorMeasure.Decomposition.Jordan (10s)
✔ [7607/7629] Built Mathlib.MeasureTheory.Function.Floor (8.0s)
✔ [7608/7630] Built Mathlib.MeasureTheory.Measure.FiniteMeasure (19s)
✔ [7609/7630] Built Mathlib.MeasureTheory.MeasurableSpace.PreorderRestrict (4.5s)
✔ [7610/7631] Built Mathlib.MeasureTheory.Function.Intersectivity (10s)
✔ [7611/7631] Built Mathlib.MeasureTheory.Function.LpSeminorm.Count (6.6s)
✔ [7612/7631] Built Mathlib.MeasureTheory.VectorMeasure.Decomposition.Lebesgue (10s)
✔ [7613/7631] Built Mathlib.MeasureTheory.Function.LpSpace.ContinuousCompMeasurePreserving (8.0s)
✔ [7614/7634] Built Mathlib.Probability.Independence.Kernel.IndepFun (17s)
✔ [7615/7634] Built Mathlib.MeasureTheory.Measure.ProbabilityMeasure (14s)
✔ [7616/7635] Built Mathlib.MeasureTheory.VectorMeasure.Decomposition.RadonNikodym (6.7s)
✔ [7617/7635] Built Mathlib.Topology.Algebra.Constructions.DomMulAct (5.2s)
✔ [7618/7636] Built Mathlib.MeasureTheory.Function.LpSpace.DomAct.Basic (12s)
✔ [7619/7636] Built Mathlib.MeasureTheory.Function.Piecewise (8.0s)
✔ [7620/7637] Built Mathlib.Probability.Independence.Basic (15s)
✔ [7621/7637] Built Mathlib.MeasureTheory.Function.ConditionalExpectation.Real (15s)
✔ [7622/7638] Built Mathlib.MeasureTheory.Function.SpecialFunctions.Arctan (8.0s)
✔ [7623/7638] Built Mathlib.MeasureTheory.Measure.Portmanteau (18s)
✔ [7624/7638] Built Mathlib.MeasureTheory.Function.SpecialFunctions.Inner (8.5s)
✔ [7625/7639] Built Mathlib.MeasureTheory.Function.LpSpace.DomAct.Continuous (9.9s)
✔ [7626/7639] Built Mathlib.Probability.Independence.Integrable (7.9s)
✔ [7627/7640] Built Mathlib.Probability.Density (9.7s)
✔ [7628/7640] Built Mathlib.MeasureTheory.Function.SpecialFunctions.RCLike (7.1s)
✔ [7629/7641] Built Mathlib.MeasureTheory.Function.SpecialFunctions.Sinc (8.6s)
✔ [7630/7642] Built Mathlib.Probability.Process.Filtration (15s)
✔ [7631/7643] Built Mathlib.MeasureTheory.Function.UnifTight (12s)
✔ [7632/7643] Built Mathlib.MeasureTheory.Group.FoelnerFilter (13s)
✔ [7633/7644] Built Mathlib.Probability.Independence.Integration (19s)
✔ [7634/7644] Built Mathlib.MeasureTheory.Function.FactorsThrough (10s)
✔ [7635/7644] Built Mathlib.MeasureTheory.Group.GeometryOfNumbers (15s)
✔ [7636/7648] Built Mathlib.MeasureTheory.Group.IntegralConvolution (9.6s)
✔ [7637/7648] Built Mathlib.MeasureTheory.Group.ModularCharacter (11s)
✔ [7638/7650] Built Mathlib.Probability.Moments.Covariance (11s)
✔ [7639/7651] Built Mathlib.Topology.Algebra.Order.Support (6.8s)
✔ [7640/7651] Built Mathlib.MeasureTheory.Integral.CircleTransform (13s)
✔ [7641/7652] Built Mathlib.Topology.Homotopy.Affine (6.0s)
✔ [7642/7653] Built Mathlib.Probability.Moments.Variance (19s)
✔ [7643/7653] Built Mathlib.MeasureTheory.Integral.Gamma (13s)
✔ [7644/7653] Built Mathlib.MeasureTheory.Integral.Indicator (8.5s)
✔ [7645/7656] Built Mathlib.MeasureTheory.Integral.CurveIntegral.Basic (32s)
✔ [7646/7656] Built Mathlib.Probability.HasLaw (13s)
✔ [7647/7657] Built Mathlib.MeasureTheory.Integral.IntervalIntegral.DistLEIntegral (16s)
✔ [7648/7658] Built Mathlib.Topology.ContinuousMap.CompactlySupported (42s)
✔ [7649/7658] Built Mathlib.MeasureTheory.Integral.MeanValue (16s)
✔ [7650/7658] Built Mathlib.MeasureTheory.Integral.LebesgueNormedSpace (26s)
✔ [7651/7659] Built Mathlib.Probability.IdentDistrib (49s)
✔ [7652/7659] Built Mathlib.MeasureTheory.Integral.IntervalIntegral.MeanValue (106s)
✔ [7653/7659] Built Mathlib.MeasureTheory.Integral.CompactlySupported (93s)
✔ [7654/7659] Built Mathlib.MeasureTheory.Integral.IntervalIntegral.TrapezoidalRule (153s)
✔ [7655/7662] Built Mathlib.MeasureTheory.Integral.Regular (28s)
✔ [7656/7664] Built Mathlib.MeasureTheory.Integral.CurveIntegral.Poincare (179s)
✔ [7657/7665] Built Mathlib.Order.Interval.Set.Union (15s)
✔ [7658/7665] Built Mathlib.MeasureTheory.Integral.RieszMarkovKakutani.Basic (935s)
✔ [7659/7666] Built Mathlib.MeasureTheory.Function.ConvergenceInDistribution (948s)
✔ [7660/7666] Built Mathlib.MeasureTheory.MeasurableSpace.Card (919s)
✔ [7661/7669] Built Mathlib.MeasureTheory.Integral.TorusIntegral (932s)
✔ [7662/7672] Built Mathlib.MeasureTheory.MeasurableSpace.Invariants (12s)
✔ [7663/7675] Built Mathlib.MeasureTheory.MeasurableSpace.NCard (9.4s)
✔ [7664/7676] Built Mathlib.MeasureTheory.Measure.FiniteMeasureExt (20s)
✔ [7665/7676] Built Mathlib.Topology.Separation.CompletelyRegular (20s)
✔ [7666/7676] Built Mathlib.MeasureTheory.Measure.LevyProkhorovMetric (23s)
✔ [7667/7678] Built Mathlib.MeasureTheory.Measure.CharacteristicFunction (9.4s)
✔ [7668/7679] Built Mathlib.MeasureTheory.Integral.RieszMarkovKakutani.Real (42s)
✔ [7669/7679] Built Mathlib.MeasureTheory.Measure.DiracProba (9.2s)
✔ [7670/7679] Built Mathlib.MeasureTheory.Measure.Haar.DistribChar (13s)
✔ [7671/7680] Built Mathlib.MeasureTheory.Measure.CharacteristicFunction.Basic (25s)
✔ [7672/7680] Built Mathlib.MeasureTheory.Measure.FiniteMeasureProd (11s)
✔ [7673/7681] Built Mathlib.Topology.Algebra.Group.Extension (7.0s)
✔ [7674/7681] Built Mathlib.MeasureTheory.Measure.FiniteMeasurePi (10s)
✔ [7675/7682] Built Mathlib.MeasureTheory.Integral.RieszMarkovKakutani.NNReal (9.9s)
✔ [7676/7682] Built Mathlib.MeasureTheory.Measure.Haar.MulEquivHaarChar (14s)
✔ [7677/7682] Built Mathlib.MeasureTheory.Measure.CharacteristicFunction.TaylorExpansion (19s)
✔ [7678/7685] Built Mathlib.MeasureTheory.Measure.IntegralCharFun (17s)
✔ [7679/7686] Built Mathlib.MeasureTheory.Measure.Lebesgue.VolumeOfBalls (17s)
✔ [7680/7686] Built Mathlib.MeasureTheory.Measure.Haar.Extension (37s)
✔ [7681/7687] Built Mathlib.MeasureTheory.Measure.TightNormed (15s)
✔ [7682/7690] Built Mathlib.MeasureTheory.Measure.MeasuredSets (16s)
✔ [7683/7691] Built Mathlib.MeasureTheory.Measure.Prokhorov (33s)
✔ [7684/7691] Built Mathlib.MeasureTheory.Measure.HasOuterApproxClosedProd (64s)
✔ [7685/7692] Built Mathlib.MeasureTheory.Measure.PreVariation (12s)
✔ [7686/7693] Built Mathlib.MeasureTheory.Measure.Support (11s)
✔ [7687/7694] Built Mathlib.MeasureTheory.Measure.Typeclasses.NoAtoms (1.8s)
✔ [7688/7694] Built Mathlib.MeasureTheory.Measure.SubFinite (9.4s)
✔ [7689/7695] Built Mathlib.MeasureTheory.Measure.SeparableMeasure (23s)
✔ [7690/7695] Built Mathlib.MeasureTheory.Measure.LevyConvergence (23s)
✔ [7691/7696] Built Mathlib.MeasureTheory.Measure.ResolventTransform (19s)
✔ [7692/7698] Built Mathlib.MeasureTheory.Measure.Typeclasses.ZeroOne (18s)
✔ [7693/7698] Built Mathlib.MeasureTheory.Measure.WithDensityFinite (9.4s)
✔ [7694/7701] Built Mathlib.MeasureTheory.Order.Group.Lattice (9.6s)
✔ [7695/7702] Built Mathlib.MeasureTheory.OuterMeasure.OfAddContent (9.2s)
✔ [7696/7706] Built Mathlib.MeasureTheory.Order.UpperLower (14s)
✔ [7697/7709] Built Mathlib.MeasureTheory.VectorMeasure.Decomposition.JordanSub (8.8s)
✔ [7698/7709] Built Mathlib.MeasureTheory.SpecificCodomains.Pi (15s)
✔ [7699/7712] Built Mathlib.MeasureTheory.VectorMeasure.Variation.Defs (8.4s)
✔ [7700/7712] Built Mathlib.ModelTheory.Arithmetic.Presburger.Basic (6.5s)
✔ [7701/7714] Built Mathlib.MeasureTheory.VectorMeasure.AddContent (20s)
✔ [7702/7714] Built Mathlib.MeasureTheory.SpecificCodomains.WithLp (10s)
✔ [7703/7716] Built Mathlib.ModelTheory.Arithmetic.Presburger.Semilinear.Defs (13s)
✔ [7704/7716] Built Mathlib.MeasureTheory.VectorMeasure.BoundedVariation (14s)
✔ [7705/7719] Built Mathlib.ModelTheory.Equivalence (12s)
✔ [7706/7719] Built Mathlib.ModelTheory.FinitelyGenerated (9.4s)
✔ [7707/7721] Built Mathlib.ModelTheory.Graph (11s)
✔ [7708/7721] Built Mathlib.ModelTheory.Complexity (13s)
✔ [7709/7723] Built Mathlib.ModelTheory.Arithmetic.Presburger.Semilinear.Basic (18s)
✔ [7710/7723] Built Mathlib.MeasureTheory.VectorMeasure.Variation.Basic (34s)
✔ [7711/7725] Built Mathlib.Order.CountableDenseLinearOrder (7.0s)
✔ [7712/7725] Built Mathlib.ModelTheory.Types (8.4s)
✔ [7713/7726] Built Mathlib.ModelTheory.Arithmetic.Presburger.Definability (10s)
✔ [7714/7726] Built Mathlib.ModelTheory.DirectLimit (15s)
✔ [7715/7726] Built Mathlib.Topology.Connected.Separation (7.1s)
✔ [7716/7726] Built Mathlib.Topology.Baire.LocallyCompactRegular (7.0s)
✔ [7717/7729] Built Mathlib.NumberTheory.ADEInequality (7.8s)
✔ [7718/7729] Built Mathlib.MeasureTheory.VectorMeasure.Variation.Semivariation (12s)
✔ [7719/7729] Built Mathlib.Topology.Order.IsLocallyClosed (7.4s)
✔ [7720/7729] Built Mathlib.ModelTheory.Topology.Types (8.6s)
✔ [7721/7732] Built Mathlib.ModelTheory.PartialEquiv (14s)
✔ [7722/7732] Built Mathlib.NumberTheory.AlmostPrime (9.2s)
✔ [7723/7733] Built Mathlib.ModelTheory.Fraisse (12s)
✔ [7724/7733] Built Mathlib.RingTheory.ZMod.UnitsCyclic (17s)
✔ [7725/7734] Built Mathlib.NumberTheory.AbelSummation (23s)
✔ [7726/7734] Built Mathlib.NumberTheory.ArithmeticFunction.Liouville (6.8s)
✔ [7727/7734] Built Mathlib.NumberTheory.ArithmeticFunction.VonMangoldt (9.9s)
✔ [7728/7738] Built Mathlib.ModelTheory.Order (13s)
✔ [7729/7742] Built Mathlib.NumberTheory.ArithmeticFunction.Carmichael (12s)
✔ [7730/7745] Built Mathlib.NumberTheory.Basic (7.7s)
✔ [7731/7746] Built Mathlib.NumberTheory.PrimeCounting (8.6s)
✔ [7732/7746] Built Mathlib.RingTheory.PowerSeries.Derivative (13s)
✔ [7733/7749] Built Mathlib.NumberTheory.ClassNumber.AdmissibleAbsoluteValue (9.3s)
✔ [7734/7749] Built Mathlib.NumberTheory.Primorial (10s)
✔ [7735/7751] Built Mathlib.RingTheory.PowerSeries.Exp (11s)
✔ [7736/7751] Built Mathlib.RingTheory.Adjoin.Polynomial.Bivariate (15s)
✔ [7737/7751] Built Mathlib.NumberTheory.ClassNumber.AdmissibleCardPowDegree (12s)
✔ [7738/7751] Built Mathlib.NumberTheory.ClassNumber.AdmissibleAbs (8.8s)
✔ [7739/7751] Built Mathlib.NumberTheory.ClassNumber.Finite (20s)
✔ [7740/7751] Built Mathlib.NumberTheory.Bertrand (13s)
✔ [7741/7751] Built Mathlib.NumberTheory.Padics.RingHoms (21s)
✔ [7742/7755] Built Mathlib.NumberTheory.Chebyshev (29s)
✔ [7743/7756] Built Mathlib.NumberTheory.Bernoulli (28s)
✔ [7744/7756] Built Mathlib.NumberTheory.Cyclotomic.CyclotomicCharacter (18s)
✔ [7745/7756] Built Mathlib.NumberTheory.FunctionField (23s)
✔ [7746/7756] Built Mathlib.MeasureTheory.VectorMeasure.Integral (145s)
✔ [7747/7759] Built Mathlib.RingTheory.Discriminant (15s)
✔ [7748/7760] Built Mathlib.NumberTheory.BernoulliPolynomials (15s)
✔ [7749/7760] Built Mathlib.NumberTheory.Cyclotomic.Gal (13s)
✔ [7750/7761] Built Mathlib.NumberTheory.ClassNumber.FunctionField (13s)
✔ [7751/7762] Built Mathlib.RingTheory.Localization.NormTrace (11s)
✔ [7752/7762] Built Mathlib.NumberTheory.DiophantineApproximation.Basic (17s)
✔ [7753/7764] Built Mathlib.NumberTheory.Zsqrtd.Basic (21s)
✔ [7754/7764] Built Mathlib.NumberTheory.NumberField.Discriminant.Defs (14s)
✔ [7755/7764] Built Mathlib.NumberTheory.DirichletCharacter.Bounds (8.3s)
✔ [7756/7764] Built Mathlib.NumberTheory.DiophantineApproximation.ContinuedFractions (7.9s)
✔ [7757/7766] Built Mathlib.NumberTheory.PellMatiyasevic (13s)
✔ [7758/7766] Built Mathlib.NumberTheory.MulChar.Duality (13s)
✔ [7759/7767] Built Mathlib.NumberTheory.Cyclotomic.Discriminant (15s)
✔ [7760/7767] Built Mathlib.NumberTheory.SmoothNumbers (7.2s)
✔ [7761/7770] Built Mathlib.MeasureTheory.VectorMeasure.SetIntegral (54s)
✔ [7762/7770] Built Mathlib.NumberTheory.DirichletCharacter.Orthogonality (6.4s)
✔ [7763/7771] Built Mathlib.NumberTheory.EulerProduct.Basic (6.5s)
✔ [7764/7772] Built Mathlib.NumberTheory.Dioph (11s)
✔ [7765/7776] Built Mathlib.NumberTheory.LSeries.Convergence (6.3s)
✔ [7766/7776] Built Mathlib.NumberTheory.EulerProduct.ExpLog (6.2s)
✔ [7767/7779] Built Mathlib.NumberTheory.LSeries.AbstractFuncEq (14s)
✔ [7768/7779] Built Mathlib.NumberTheory.ModularForms.JacobiTheta.TwoVariable (13s)
✔ [7769/7783] Built Mathlib.NumberTheory.LSeries.Deriv (10s)
✔ [7770/7783] Built Mathlib.NumberTheory.LSeries.Convolution (7.5s)
✔ [7771/7783] Built Mathlib.NumberTheory.ModularForms.JacobiTheta.Bounds (9.4s)
✔ [7772/7783] Built Mathlib.NumberTheory.LSeries.MellinEqDirichlet (9.6s)
✔ [7773/7785] Built Mathlib.NumberTheory.SumPrimeReciprocals (9.8s)
✔ [7774/7785] Built Mathlib.NumberTheory.LSeries.Positivity (11s)
✔ [7775/7785] Built Mathlib.NumberTheory.FLT.Basic (12s)
✔ [7776/7788] Built Mathlib.NumberTheory.LSeries.HurwitzZetaEven (37s)
✔ [7777/7790] Built Mathlib.NumberTheory.LSeries.HurwitzZetaOdd (34s)
✔ [7778/7790] Built Mathlib.MeasureTheory.VectorMeasure.WithDensityVec (75s)
✔ [7779/7790] Built Mathlib.NumberTheory.PythagoreanTriples (40s)
✔ [7780/7792] Built Mathlib.RingTheory.Polynomial.Wronskian (11s)
✔ [7781/7793] Built Mathlib.RingTheory.Radical.Basic (12s)
✔ [7782/7798] Built Mathlib.NumberTheory.LSeries.HurwitzZeta (15s)
✔ [7783/7799] Built Mathlib.RingTheory.Polynomial.Radical (12s)
✔ [7784/7799] Built Mathlib.NumberTheory.FLT.Four (17s)
✔ [7785/7799] Built Mathlib.RingTheory.FractionalIdeal.Norm (22s)
✔ [7786/7799] Built Mathlib.NumberTheory.NumberField.Norm (14s)
✔ [7787/7802] Built Mathlib.Topology.Instances.Complex (10s)
✔ [7788/7802] Built Mathlib.NumberTheory.LSeries.RiemannZeta (12s)
✔ [7789/7806] Built Mathlib.NumberTheory.FLT.MasonStothers (8.6s)
✔ [7790/7806] Built Mathlib.NumberTheory.NumberField.FractionalIdeal (14s)
✔ [7791/7807] Built Mathlib.NumberTheory.LSeries.Dirichlet (14s)
✔ [7792/7807] Built Mathlib.NumberTheory.NumberField.InfinitePlace.Basic (19s)
✔ [7793/7807] Built Mathlib.NumberTheory.FLT.Polynomial (12s)
✔ [7794/7807] Built Mathlib.NumberTheory.EulerProduct.DirichletLSeries (13s)
✔ [7795/7810] Built Mathlib.RingTheory.Ideal.Quotient.HasFiniteQuotients (14s)
✔ [7796/7810] Built Mathlib.NumberTheory.NumberField.InfinitePlace.Ramification (30s)
✔ [7797/7815] Built Mathlib.NumberTheory.NumberField.Units.Basic (27s)
✔ [7798/7815] Built Mathlib.RingTheory.FractionalIdeal.Extended (21s)
✔ [7799/7815] Built Mathlib.NumberTheory.RamificationInertia.Unramified (17s)
✔ [7800/7815] Built Mathlib.NumberTheory.NumberField.InfinitePlace.TotallyRealComplex (16s)
✔ [7801/7817] Built Mathlib.RingTheory.IntegralClosure.IntegralRestrict (63s)
✔ [7802/7818] Built Mathlib.RingTheory.Ideal.Quotient.Index (9.4s)
✔ [7803/7821] Built Mathlib.NumberTheory.NumberField.Cyclotomic.Embeddings (11s)
✔ [7804/7821] Built Mathlib.RingTheory.Invariant.Galois (15s)
✔ [7805/7822] Built Mathlib.RingTheory.DedekindDomain.PID (13s)
✔ [7806/7822] Built Mathlib.RingTheory.LocalRing.Quotient (13s)
✔ [7807/7825] Built Mathlib.RingTheory.Ideal.Int (13s)
✔ [7808/7825] Built Mathlib.NumberTheory.NumberField.CanonicalEmbedding.Basic (49s)
✔ [7809/7825] Built Mathlib.NumberTheory.RamificationInertia.Galois (37s)
✔ [7810/7825] Built Mathlib.RingTheory.Polynomial.Eisenstein.IsIntegral (36s)
✔ [7811/7829] Built Mathlib.RingTheory.DedekindDomain.Instances (61s)
✔ [7812/7829] Built Mathlib.RingTheory.Prime (9.7s)
✔ [7813/7830] Built Mathlib.RingTheory.Trace.Quotient (28s)
✔ [7814/7830] Built Mathlib.RingTheory.NormalClosure (73s)
✔ [7815/7830] Built Mathlib.RingTheory.Fintype (11s)
✔ [7816/7830] Built Mathlib.NumberTheory.NumberField.EquivReindex (19s)
✔ [7817/7833] Built Mathlib.NumberTheory.FactorisationProperties (10s)
✔ [7818/7834] Built Mathlib.NumberTheory.NumberField.CanonicalEmbedding.ConvexBody (34s)
✔ [7819/7837] Built Mathlib.NumberTheory.LegendreSymbol.QuadraticChar.Basic (16s)
✔ [7820/7837] Built Mathlib.NumberTheory.NumberField.Units.DirichletTheorem (56s)
✔ [7821/7837] Built Mathlib.NumberTheory.NumberField.Discriminant.Basic (55s)
✔ [7822/7837] Built Mathlib.RingTheory.Ideal.Norm.RelNorm (76s)
✔ [7823/7837] Built Mathlib.NumberTheory.LucasPrimality (13s)
✔ [7824/7839] Built Mathlib.NumberTheory.LegendreSymbol.Basic (16s)
✔ [7825/7839] Built Mathlib.NumberTheory.LegendreSymbol.QuadraticChar.GaussSum (19s)
✔ [7826/7840] Built Mathlib.NumberTheory.FermatPsp (20s)
✔ [7827/7841] Built Mathlib.RingTheory.Ideal.NatInt (15s)
✔ [7828/7841] Built Mathlib.NumberTheory.NumberField.ClassNumber (34s)
✔ [7829/7841] Built Mathlib.NumberTheory.LegendreSymbol.QuadraticReciprocity (26s)
✔ [7830/7843] Built Mathlib.NumberTheory.Harmonic.Bounds (25s)
✔ [7831/7843] Built Mathlib.NumberTheory.Harmonic.Int (12s)
✔ [7832/7844] Built Mathlib.NumberTheory.FrobeniusNumber (18s)
✔ [7833/7844] Built Mathlib.NumberTheory.Fermat (21s)
✔ [7834/7850] Built Mathlib.NumberTheory.HeckeRing.Defs (17s)
✔ [7835/7852] Built Mathlib.NumberTheory.NumberField.ProductFormula (34s)
✔ [7836/7854] Built Mathlib.NumberTheory.Height.Basic (43s)
✔ [7837/7854] Built Mathlib.RingTheory.RootsOfUnity.Lemmas (13s)
✔ [7838/7856] Built Mathlib.NumberTheory.Harmonic.ZetaAsymp (79s)
✔ [7839/7856] Built Mathlib.NumberTheory.Height.Projectivization (12s)
✔ [7840/7856] Built Mathlib.RingTheory.IsAdjoinRoot (26s)
✔ [7841/7856] Built Mathlib.NumberTheory.Height.Northcott (6.9s)
✔ [7842/7856] Built Mathlib.RingTheory.DedekindDomain.Different (255s)
✔ [7843/7858] Built Mathlib.NumberTheory.JacobiSum.Basic (13s)
✔ [7844/7858] Built Mathlib.NumberTheory.Height.MvPolynomial (21s)
✔ [7845/7858] Built Mathlib.NumberTheory.LSeries.ZMod (17s)
✔ [7846/7860] Built Mathlib.NumberTheory.KummerDedekind (20s)
✔ [7847/7861] Built Mathlib.NumberTheory.ZetaValues (14s)
✔ [7848/7861] Built Mathlib.NumberTheory.Height.NumberField (25s)
✔ [7849/7862] Built Mathlib.NumberTheory.Height.EllipticCurve (15s)
✔ [7850/7864] Built Mathlib.NumberTheory.LSeries.DirichletContinuation (23s)
✔ [7851/7864] Built Mathlib.NumberTheory.LSeries.Linearity (21s)
✔ [7852/7865] Built Mathlib.NumberTheory.LSeries.HurwitzZetaValues (27s)
✔ [7853/7866] Built Mathlib.NumberTheory.LSeries.SumCoeff (32s)
✔ [7854/7867] Built Mathlib.NumberTheory.LSeries.Nonvanishing (26s)
✔ [7855/7867] Built Mathlib.NumberTheory.LSeries.Injectivity (21s)
✔ [7856/7867] Built Mathlib.NumberTheory.LegendreSymbol.Complex (14s)
✔ [7857/7867] Built Mathlib.NumberTheory.LegendreSymbol.GaussEisensteinLemmas (15s)
✔ [7858/7869] Built Mathlib.NumberTheory.LSeries.ZetaZeros (13s)
✔ [7859/7869] Built Mathlib.NumberTheory.LSeries.PrimesInAP (22s)
✔ [7860/7873] Built Mathlib.NumberTheory.LegendreSymbol.JacobiSymbol (15s)
✔ [7861/7874] Built Mathlib.Topology.Algebra.Module.Compact (7.8s)
✔ [7862/7874] Built Mathlib.RingTheory.Valuation.DiscreteValuativeRel (10s)
✔ [7863/7874] Built Mathlib.RingTheory.Ideal.IsPrincipalPowQuotient (8.6s)
✔ [7864/7878] Built Mathlib.Topology.Algebra.Valued.ValuativeRel (12s)
✔ [7865/7879] Built Mathlib.RingTheory.SimpleRing.Field (7.6s)
✔ [7866/7879] Built Mathlib.RingTheory.DedekindDomain.LinearDisjoint (134s)
✔ [7867/7879] Built Mathlib.NumberTheory.LucasLehmer (22s)
✔ [7868/7879] Built Mathlib.RingTheory.SimpleRing.Principal (6.2s)
✔ [7869/7881] Built Mathlib.NumberTheory.MaricaSchoenheim (7.2s)
✔ [7870/7881] Built Mathlib.Topology.Algebra.Valued.LocallyCompact (20s)
✔ [7871/7881] Built Mathlib.Topology.Algebra.IsUniformGroup.DiscreteSubgroup (9.3s)
✔ [7872/7881] Built Mathlib.NumberTheory.MahlerMeasure (22s)
✔ [7873/7881] Built Mathlib.NumberTheory.NumberField.Discriminant.Different (33s)
✔ [7874/7882] Built Mathlib.NumberTheory.LocalField.Basic (26s)
✔ [7875/7887] Built Mathlib.NumberTheory.Modular (41s)
✔ [7876/7889] Built Mathlib.NumberTheory.ModularForms.ArithmeticSubgroups (17s)
✔ [7877/7889] Built Mathlib.Topology.Algebra.Order.ArchimedeanDiscrete (9.6s)
✔ [7878/7889] Built Mathlib.NumberTheory.ModularForms.SlashActions (16s)
✔ [7879/7902] Built Mathlib.Topology.Compactification.OnePoint.ProjectiveLine (20s)
✔ [7880/7902] Built Mathlib.NumberTheory.ModularForms.CongruenceSubgroups (18s)
✔ [7881/7907] Built Mathlib.NumberTheory.TsumDivisorsAntidiagonal (13s)
✔ [7882/7909] Built Mathlib.NumberTheory.ModularForms.SlashInvariantForms (17s)
✔ [7883/7911] Built Mathlib.Order.Filter.AtTopBot.Interval (9.1s)
✔ [7884/7914] Built Mathlib.NumberTheory.NumberField.Cyclotomic.Basic (49s)
✔ [7885/7914] Built Mathlib.NumberTheory.ModularForms.EisensteinSeries.Defs (17s)
✔ [7886/7916] Built Mathlib.NumberTheory.ModularForms.Cusps (28s)
✔ [7887/7917] Built Mathlib.NumberTheory.NumberField.Cyclotomic.PID (14s)
✔ [7888/7917] Built Mathlib.Topology.Algebra.InfiniteSum.ConditionalInt (16s)
✔ [7889/7917] Built Mathlib.NumberTheory.ModularForms.EisensteinSeries.UniformConvergence (8.7s)
✔ [7890/7918] Built Mathlib.NumberTheory.ModularForms.Identities (8.0s)
✔ [7891/7919] Built Mathlib.NumberTheory.NumberField.Cyclotomic.Three (15s)
✔ [7892/7919] Built Mathlib.NumberTheory.ModularForms.JacobiTheta.OneVariable (11s)
✔ [7893/7919] Built Mathlib.NumberTheory.ModularForms.BoundedAtCusp (16s)
✔ [7894/7919] Built Mathlib.NumberTheory.ModularForms.EisensteinSeries.MDifferentiable (10s)
✔ [7895/7921] Built Mathlib.NumberTheory.ModularForms.EisensteinSeries.E2.Defs (13s)
✔ [7896/7922] Built Mathlib.NumberTheory.ModularForms.EisensteinSeries.IsBoundedAtImInfty (9.1s)
✔ [7897/7922] Built Mathlib.NumberTheory.ModularForms.JacobiTheta.Manifold (9.1s)
✔ [7898/7924] Built Mathlib.NumberTheory.FLT.Three (23s)
✔ [7899/7929] Built Mathlib.NumberTheory.Multiplicity (12s)
✔ [7900/7929] Built Mathlib.NumberTheory.ModularForms.Basic (23s)
✔ [7901/7931] Built Mathlib.Topology.Algebra.Group.DiscontinuousSubgroup (20s)
✔ [7902/7932] Built Mathlib.NumberTheory.ModularForms.EisensteinSeries.Basic (9.0s)
✔ [7903/7932] Built Mathlib.Topology.Algebra.RestrictedProduct.Basic (18s)
✔ [7904/7932] Built Mathlib.NumberTheory.NumberField.Completion.InfinitePlace (20s)
✔ [7905/7932] Built Mathlib.NumberTheory.ModularForms.QExpansion (20s)
✔ [7906/7934] Built Mathlib.NumberTheory.ModularForms.ProperlyDiscontinuous (12s)
✔ [7907/7934] Built Mathlib.Topology.Algebra.RestrictedProduct.Units (9.4s)
✔ [7908/7935] Built Mathlib.NumberTheory.NumberField.Units.Regulator (21s)
✔ [7909/7935] Built Mathlib.Topology.Algebra.RestrictedProduct.TopologicalSpace (17s)
✔ [7910/7935] Built Mathlib.NumberTheory.NumberField.CanonicalEmbedding.FundamentalCone (29s)
✔ [7911/7936] Built Mathlib.NumberTheory.NumberField.InfiniteAdeleRing (18s)
✔ [7912/7936] Built Mathlib.NumberTheory.ModularForms.LevelOne.Basic (17s)
✔ [7913/7936] Built Mathlib.NumberTheory.ModularForms.Petersson (19s)
✔ [7914/7936] Built Mathlib.NumberTheory.NumberField.Completion.LiesOverInstances (16s)
✔ [7915/7936] Built Mathlib.NumberTheory.NumberField.CanonicalEmbedding.PolarCoord (24s)
✔ [7916/7936] Built Mathlib.RingTheory.DedekindDomain.FiniteAdeleRing (22s)
✔ [7917/7936] Built Mathlib.NumberTheory.NumberField.CMField (45s)
✔ [7918/7936] Built Mathlib.NumberTheory.ModularForms.NormTrace (23s)
✔ [7919/7937] Built Mathlib.NumberTheory.ModularForms.LevelOne (12s)
✔ [7920/7937] Built Mathlib.NumberTheory.NumberField.Completion.Ramification (14s)
✔ [7921/7937] Built Mathlib.NumberTheory.ModularForms.Bounds (21s)
✔ [7922/7940] Built Mathlib.NumberTheory.NumberField.CanonicalEmbedding.NormLeOne (24s)
✔ [7923/7942] Built Mathlib.NumberTheory.NumberField.AdeleRing (15s)
✔ [7924/7942] Built Mathlib.RingTheory.RootsOfUnity.CyclotomicUnits (9.7s)
✔ [7925/7944] Built Mathlib.NumberTheory.ModularForms.EisensteinSeries.QExpansion (68s)
✔ [7926/7944] Built Mathlib.RingTheory.Polynomial.Cyclotomic.Factorization (12s)
✔ [7927/7946] Built Mathlib.NumberTheory.NumberField.Ideal.KummerDedekind (20s)
✔ [7928/7947] Built Mathlib.NumberTheory.NumberField.Ideal.Basic (12s)
✔ [7929/7947] Built Mathlib.NumberTheory.ModularForms.CuspFormSubmodule (12s)
✔ [7930/7947] Built Mathlib.RingTheory.Unramified.Dedekind (12s)
✔ [7931/7947] Built Mathlib.NumberTheory.NumberField.Ideal.Asymptotics (31s)
✔ [7932/7950] Built Mathlib.NumberTheory.NumberField.FinitePlaces (10s)
✔ [7933/7950] Built Mathlib.NumberTheory.NumberField.ExistsRamified (14s)
✔ [7934/7951] Built Mathlib.NumberTheory.NumberField.DedekindZeta (11s)
✔ [7935/7951] Built Mathlib.NumberTheory.ModularForms.EisensteinSeries.E2.Summable (48s)
✔ [7936/7951] Built Mathlib.NumberTheory.NumberField.Cyclotomic.Ideal (38s)
✔ [7937/7951] Built Mathlib.NumberTheory.NumberField.InfinitePlace.Completion (9.6s)
✔ [7938/7951] Built Mathlib.NumberTheory.Ostrowski (16s)
✔ [7939/7952] Built Mathlib.NumberTheory.ModularForms.EisensteinSeries.E2.Transform (16s)
✔ [7940/7953] Built Mathlib.NumberTheory.SiegelsLemma (25s)
✔ [7941/7953] Built Mathlib.NumberTheory.ModularForms.DedekindEta (19s)
✔ [7942/7955] Built Mathlib.NumberTheory.Padics.ProperSpace (8.7s)
✔ [7943/7957] Built Mathlib.NumberTheory.NumberField.Cyclotomic.Galois (17s)
✔ [7944/7957] Built Mathlib.Topology.Algebra.InfiniteSum.GroupCompletion (9.4s)
✔ [7945/7957] Built Mathlib.NumberTheory.NumberField.House (21s)
✔ [7946/7957] Built Mathlib.NumberTheory.ModularForms.Discriminant (19s)
✔ [7947/7959] Built Mathlib.NumberTheory.ModularForms.Delta (10s)
✔ [7948/7960] Built Mathlib.NumberTheory.ModularForms.EisensteinSeries.E2.MDifferentiable (12s)
✔ [7949/7960] Built Mathlib.Topology.Algebra.Nonarchimedean.Completion (7.1s)
✔ [7950/7960] Built Mathlib.Topology.Algebra.Monoid.AddChar (5.4s)
✔ [7951/7962] Built Mathlib.Topology.MetricSpace.Ultra.ContinuousMaps (7.3s)
✔ [7952/7963] Built Mathlib.Topology.Algebra.InfiniteSum.Nonarchimedean (9.0s)
✔ [7953/7963] Built Mathlib.NumberTheory.Padics.Complex (12s)
✔ [7954/7963] Built Mathlib.NumberTheory.ModularForms.Derivative (17s)
✔ [7955/7963] Built Mathlib.NumberTheory.ModularForms.LevelOne.DimensionFormula (23s)
✔ [7956/7966] Built Mathlib.NumberTheory.Padics.MahlerBasis (13s)
✔ [7957/7967] Built Mathlib.NumberTheory.ModularForms.LevelOne.GradedRing (10s)
✔ [7958/7967] Built Mathlib.NumberTheory.Padics.WithVal (18s)
✔ [7959/7968] Built Mathlib.Topology.Separation.DisjointCover (5.5s)
✔ [7960/7968] Built Mathlib.NumberTheory.ModularForms.DimensionFormulas.LevelOne (7.8s)
✔ [7961/7969] Built Mathlib.NumberTheory.Padics.AddChar (10s)
✔ [7962/7970] Built Mathlib.Topology.UniformSpace.ProdApproximation (8.8s)
✔ [7963/7970] Built Mathlib.NumberTheory.Padics.ValuativeRel (6.3s)
✔ [7964/7971] Built Mathlib.NumberTheory.Pell (13s)
✔ [7965/7972] Built Mathlib.NumberTheory.Padics.Hensel (41s)
✔ [7966/7973] Built Mathlib.NumberTheory.Padics.HeightOneSpectrum (26s)
✔ [7967/7974] Built Mathlib.NumberTheory.PowModTotient (5.0s)
✔ [7968/7975] Built Mathlib.NumberTheory.PrimesCongruentOne (8.3s)
✔ [7969/7976] Built Mathlib.NumberTheory.Padics.Measure.Basic (24s)
✔ [7970/7976] Built Mathlib.NumberTheory.RamificationInertia.Valuation (16s)
✔ [7971/7977] Built Mathlib.NumberTheory.RamificationInertia.HilbertTheory (28s)
✔ [7972/7978] Built Mathlib.NumberTheory.Padics.Measure.Topology (11s)
✔ [7973/7978] Built Mathlib.NumberTheory.RatFunc.Ostrowski (25s)
✔ [7974/7982] Built Mathlib.NumberTheory.Rayleigh (9.5s)
✔ [7975/7983] Built Mathlib.NumberTheory.SelbergSieve (9.7s)
✔ [7976/7983] Built Mathlib.NumberTheory.RamificationInertia.Basic (43s)
✔ [7977/7986] Built Mathlib.NumberTheory.SumFourSquares (16s)
✔ [7978/7989] Built Mathlib.NumberTheory.Zsqrtd.GaussianInt (10s)
✔ [7979/7990] Built Mathlib.NumberTheory.Transcendental.Lindemann.AnalyticalPart (13s)
✔ [7980/7991] Built Mathlib.NumberTheory.Transcendental.Liouville.Basic (16s)
✔ [7981/7992] Built Mathlib.Topology.Instances.Irrational (9.1s)
✔ [7982/7992] Built Mathlib.NumberTheory.Zsqrtd.QuadraticReciprocity (11s)
✔ [7983/7993] Built Mathlib.NumberTheory.Wilson (8.3s)
✔ [7984/7993] Built Mathlib.NumberTheory.Transcendental.Liouville.LiouvilleNumber (9.9s)
✔ [7985/7993] Built Mathlib.NumberTheory.Zsqrtd.ToReal (7.5s)
✔ [7986/7993] Built Mathlib.NumberTheory.WellApproximable (18s)
✔ [7987/7994] Built Mathlib.Order.Bounded (5.5s)
✔ [7988/7995] Built Mathlib.NumberTheory.Transcendental.Liouville.LiouvilleWith (11s)
✔ [7989/7996] Built Mathlib.NumberTheory.Transcendental.Liouville.Residual (10s)
✔ [7990/7996] Built Mathlib.Order.Bounds.Lattice (5.2s)
✔ [7991/7998] Built Mathlib.Order.Category.CompleteLat (7.4s)
✔ [7992/7999] Built Mathlib.NumberTheory.SumTwoSquares (14s)
✔ [7993/8000] Built Mathlib.Order.Category.FinBddDistLat (10s)
✔ [7994/8000] Built Mathlib.NumberTheory.Transcendental.Liouville.Measure (11s)
✔ [7995/8001] Built Mathlib.Order.Category.Frm (7.9s)
✔ [7996/8001] Built Mathlib.Order.Circular.ZMod (6.2s)
✔ [7997/8004] Built Mathlib.Order.Category.OmegaCompletePartialOrder (7.4s)
✔ [7998/8004] Built Mathlib.Order.Comparable (5.6s)
✔ [7999/8007] Built Mathlib.Order.CompleteLattice.PiLex (7.7s)
✔ [8000/8007] Built Mathlib.Order.Category.FinBoolAlg (12s)
✔ [8001/8008] Built Mathlib.Order.CompletePartialOrder (5.3s)
✔ [8002/8011] Built Mathlib.Order.CompleteSublattice (9.2s)
✔ [8003/8011] Built Mathlib.Order.Extension.Linear (4.8s)
✔ [8004/8012] Built Mathlib.Order.Concept (6.5s)
✔ [8005/8012] Built Mathlib.SetTheory.Ordinal.Rank (5.6s)
✔ [8006/8014] Built Mathlib.Order.CountableSupClosed (10s)
✔ [8007/8014] Built Mathlib.Order.CompleteLattice.SetLike (5.7s)
✔ [8008/8014] Built Mathlib.Order.Completion (6.0s)
✔ [8009/8016] Built Mathlib.Order.Filter.CardinalInter (8.4s)
✔ [8010/8016] Built Mathlib.Order.Extension.Well (5.8s)
✔ [8011/8017] Built Mathlib.Order.Filter.ListTraverse (5.5s)
✔ [8012/8018] Built Mathlib.Order.Filter.Partial (5.8s)
✔ [8013/8019] Built Mathlib.Order.Height (7.2s)
✔ [8014/8020] Built Mathlib.Order.Heyting.Regular (7.1s)
✔ [8015/8021] Built Mathlib.Order.Interval.Lex (5.5s)
✔ [8016/8022] Built Mathlib.Order.Interval.Set.Nat (5.3s)
✔ [8017/8023] Built Mathlib.Order.Interval.Set.SurjOn (3.9s)
✔ [8018/8023] Built Mathlib.Order.Filter.Cocardinal (15s)
✔ [8019/8026] Built Mathlib.Order.KonigLemma (7.6s)
✔ [8020/8026] Built Mathlib.Order.Lattice.Congruence (5.9s)
✔ [8021/8029] Built Mathlib.Order.Monotone.MonovaryOrder (6.3s)
✔ [8022/8029] Built Mathlib.Order.Rel.GaloisConnection (3.9s)
✔ [8023/8031] Built Mathlib.Order.PFilter (5.7s)
✔ [8024/8032] Built Mathlib.Order.Nucleus (8.7s)
✔ [8025/8033] Built Mathlib.Order.SaddlePoint (5.2s)
✔ [8026/8034] Built Mathlib.Order.Partition.Basic (10s)
✔ [8027/8035] Built Mathlib.Order.PrimeIdeal (5.7s)
✔ [8028/8036] Built Mathlib.Order.Set (3.2s)
✔ [8029/8036] Built Mathlib.Order.ScottContinuity.Prod (5.7s)
✔ [8030/8037] Built Mathlib.Order.Std (3.6s)
✔ [8031/8037] Built Mathlib.Order.Synonym (2.5s)
✔ [8032/8037] Built Mathlib.Order.SuccPred.Tree (4.8s)
✔ [8033/8040] Built Mathlib.Order.PrimeSeparator (5.9s)
✔ [8034/8041] Built Mathlib.Order.Sublocale (8.8s)
✔ [8035/8041] Built Mathlib.Order.ScottContinuity.Complete (3.3s)
✔ [8036/8042] Built Mathlib.Order.TeichmullerTukey (3.8s)
✔ [8037/8042] Built Mathlib.Order.Types.Defs (4.0s)
✔ [8038/8047] Built Mathlib.Order.UpperLower.Hom (3.9s)
✔ [8039/8054] Built Mathlib.Order.UpperLower.LocallyFinite (3.0s)
✔ [8040/8060] Built Mathlib.Order.UpperLower.Prod (4.0s)
✔ [8041/8060] Built Mathlib.Order.Types.Arithmetic (6.4s)
✔ [8042/8062] Built Mathlib.Probability.Process.Adapted (8.8s)
✔ [8043/8062] Built Mathlib.Probability.ConditionalExpectation (8.9s)
✔ [8044/8062] Built Mathlib.Probability.Moments.Basic (11s)
✔ [8045/8066] Built Mathlib.Probability.Moments.IntegrableExpMul (12s)
✔ [8046/8066] Built Mathlib.Probability.Moments.CovarianceBilinDual (25s)
✔ [8047/8070] Built Mathlib.Probability.Process.Predictable (20s)
✔ [8048/8071] Built Mathlib.Probability.Process.Stopping (27s)
✔ [8049/8071] Built Mathlib.Probability.Distributions.Fernique (22s)
✔ [8050/8071] Built Mathlib.Probability.Moments.ComplexMGF (12s)
✔ [8051/8073] Built Mathlib.Probability.Moments.CovarianceBilin (17s)
✔ [8052/8073] Built Mathlib.Probability.Martingale.Basic (20s)
✔ [8053/8075] Built Mathlib.Probability.Process.HittingTime (17s)
✔ [8054/8075] Built Mathlib.Probability.Independence.Process.HasIndepIncrements.Basic (12s)
✔ [8055/8075] Built Mathlib.Probability.Moments.MGFAnalytic (13s)
✔ [8056/8075] Built Mathlib.Probability.Martingale.Centering (15s)
✔ [8057/8079] Built Mathlib.Probability.Independence.CharacteristicFunction (24s)
✔ [8058/8079] Built Mathlib.Probability.Martingale.OptionalStopping (24s)
✔ [8059/8084] Built Mathlib.Probability.Process.FiniteDimensionalLaws (12s)
✔ [8060/8084] Built Mathlib.Probability.Martingale.Upcrossing (20s)
✔ [8061/8084] Built Mathlib.Probability.Kernel.Disintegration.MeasurableStieltjes (14s)
✔ [8062/8085] Built Mathlib.Probability.Independence.Process.Basic (18s)
✔ [8063/8085] Built Mathlib.Probability.Martingale.Convergence (20s)
✔ [8064/8086] Built Mathlib.Probability.Distributions.Gaussian.Real (29s)
✔ [8065/8086] Built Mathlib.Probability.Kernel.Composition.Lemmas (13s)
✔ [8066/8092] Built Mathlib.Probability.Martingale.BorelCantelli (16s)
✔ [8067/8092] Built Mathlib.Probability.Kernel.Disintegration.CDFToKernel (23s)
✔ [8068/8092] Built Mathlib.Probability.Kernel.Disintegration.Basic (14s)
✔ [8069/8093] Built Mathlib.Probability.Process.PartitionFiltration (9.2s)
✔ [8070/8094] Built Mathlib.Probability.BorelCantelli (10s)
✔ [8071/8094] Built Mathlib.Probability.CentralLimitTheorem (25s)
✔ [8072/8101] Built Mathlib.Probability.Kernel.Disintegration.CondCDF (9.4s)
✔ [8073/8101] Built Mathlib.Probability.Distributions.Gaussian.Basic (22s)
✔ [8074/8101] Built Mathlib.Probability.Kernel.Disintegration.Density (13s)
✔ [8075/8101] Built Mathlib.Probability.Kernel.IonescuTulcea.Maps (11s)
✔ [8076/8102] Built Mathlib.Probability.Kernel.Integral (9.8s)
✔ [8077/8102] Built Mathlib.Probability.CDF (8.8s)
✔ [8078/8102] Built Mathlib.Probability.CondVar (10s)
✔ [8079/8102] Built Mathlib.Probability.Distributions.Gaussian.HasGaussianLaw.Def (8.2s)
✔ [8080/8102] Built Mathlib.Probability.Kernel.Disintegration.StandardBorel (10s)
✔ [8081/8102] Built Mathlib.Probability.Distributions.Gaussian.Fernique (14s)
✔ [8082/8102] Built Mathlib.Probability.Kernel.SetIntegral (8.5s)
✔ [8083/8102] Built Mathlib.Probability.Decision.Risk.Defs (7.7s)
✔ [8084/8102] Built Mathlib.Probability.Kernel.IonescuTulcea.PartialTraj (13s)
✔ [8085/8108] Built Mathlib.Probability.Distributions.Gaussian.IsGaussianProcess.Def (8.5s)
✔ [8086/8110] Built Mathlib.Probability.Kernel.Disintegration.Integral (10s)
✔ [8087/8110] Built Mathlib.Probability.Kernel.WithDensity (11s)
✔ [8088/8111] Built Mathlib.Probability.Distributions.Gaussian.HasGaussianLaw.Basic (15s)
✔ [8089/8111] Built Mathlib.Probability.Kernel.Deterministic (9.8s)
✔ [8090/8112] Built Mathlib.Probability.Distributions.Gaussian.CharFun (18s)
✔ [8091/8113] Built Mathlib.Probability.Kernel.Disintegration.Unique (11s)
✔ [8092/8113] Built Mathlib.Probability.Decision.Risk.Basic (10s)
✔ [8093/8113] Built Mathlib.Probability.Kernel.RadonNikodym (13s)
✔ [8094/8113] Built Mathlib.Probability.Distributions.Gaussian.IsGaussianProcess.Basic (15s)
✔ [8095/8114] Built Mathlib.Probability.Distributions.Bernoulli (17s)
✔ [8096/8114] Built Mathlib.Probability.Kernel.CondDistrib (15s)
✔ [8097/8115] Built Mathlib.Probability.Distributions.Gaussian.Multivariate (27s)
✔ [8098/8115] Built Mathlib.Probability.Decision.Risk.Countable (8.1s)
✔ [8099/8115] Built Mathlib.Probability.Distributions.Beta (10s)
✔ [8100/8115] Built Mathlib.Probability.Kernel.Composition.AbsolutelyContinuous (8.4s)
✔ [8101/8117] Built Mathlib.Probability.BrownianMotion.GaussianProjectiveFamily (12s)
✔ [8102/8117] Built Mathlib.Probability.Distributions.Cauchy (12s)
✔ [8103/8120] Built Mathlib.Probability.Kernel.IonescuTulcea.Traj (17s)
✔ [8104/8120] Built Mathlib.Probability.Distributions.Gaussian.HasGaussianLaw.Independence (51s)
✔ [8105/8121] Built Mathlib.Probability.Kernel.CompProdEqIff (8.9s)
✔ [8106/8121] Built Mathlib.Probability.Distributions.Gamma (9.1s)
✔ [8107/8122] Built Mathlib.Probability.ProbabilityMassFunction.Basic (7.6s)
✔ [8108/8122] Built Mathlib.Probability.Distributions.Pareto (12s)
✔ [8109/8123] Built Mathlib.Probability.ProductMeasure (17s)
✔ [8110/8123] Built Mathlib.Probability.Independence.Process.HasIndepIncrements.IsGaussianProcess (12s)
✔ [8111/8123] Built Mathlib.Probability.Distributions.Gaussian.IsGaussianProcess.Independence (15s)
✔ [8112/8123] Built Mathlib.Probability.Kernel.Posterior (13s)
✔ [8113/8123] Built Mathlib.Probability.Distributions.Exponential (13s)
✔ [8114/8123] Built Mathlib.Probability.Distributions.Poisson.Basic (15s)
✔ [8115/8123] Built Mathlib.Probability.Distributions.Geometric (13s)
✔ [8116/8126] Built Mathlib.Probability.Distributions.SetBernoulli (11s)
✔ [8117/8127] Built Mathlib.Probability.Distributions.TwoValued (11s)
✔ [8118/8127] Built Mathlib.Probability.Decision.BayesEstimator (9.5s)
✔ [8119/8127] Built Mathlib.Probability.BrownianMotion.Basic (15s)
✔ [8120/8127] Built Mathlib.Probability.Combinatorics.BinomialRandomGraph.Defs (9.3s)
✔ [8121/8131] Built Mathlib.Probability.Distributions.Binomial (11s)
✔ [8122/8131] Built Mathlib.Probability.ProbabilityMassFunction.Monad (8.7s)
✔ [8123/8134] Built Mathlib.Probability.HasCondDistrib (10s)
✔ [8124/8134] Built Mathlib.Probability.Independence.InfinitePi (9.0s)
✔ [8125/8135] Built Mathlib.Probability.Distributions.Poisson.PoissonLimitThm (10s)
✔ [8126/8135] Built Mathlib.Probability.ProbabilityMassFunction.Constructions (12s)
✔ [8127/8136] Built Mathlib.Probability.Independence.Process.HasIndepIncrements (7.8s)
✔ [8128/8137] Built Mathlib.Probability.Independence.BoundedContinuousFunction (21s)
✔ [8129/8137] Built Mathlib.Probability.Kernel.Condexp (13s)
✔ [8130/8139] Built Mathlib.Probability.IdentDistribIndep (7.8s)
✔ [8131/8139] Built Mathlib.Probability.HasLawExists (7.8s)
✔ [8132/8140] Built Mathlib.Probability.Kernel.Invariance (6.7s)
✔ [8133/8140] Built Mathlib.Probability.Distributions.Uniform (15s)
✔ [8134/8141] Built Mathlib.Probability.Kernel.Category.SFinKer (21s)
✔ [8135/8142] Built Mathlib.Probability.Kernel.Irreducible (8.2s)
✔ [8136/8142] Built Mathlib.Probability.Independence.Conditional (16s)
✔ [8137/8144] Built Mathlib.Probability.Kernel.Proper (12s)
✔ [8138/8145] Built Mathlib.Probability.Kernel.Representation (10s)
✔ [8139/8146] Built Mathlib.Probability.Martingale.OptionalSampling (9.7s)
✔ [8140/8147] Built Mathlib.Probability.Kernel.Category.Stoch (11s)
✔ [8141/8147] Built Mathlib.Probability.Independence.ZeroOne (9.9s)
✔ [8142/8149] Built Mathlib.Probability.ProbabilityMassFunction.Integrals (8.7s)
✔ [8143/8149] Built Mathlib.Probability.ProbabilityMassFunction.Binomial (9.7s)
✔ [8144/8149] Built Mathlib.Probability.Moments.Tilted (10s)
✔ [8145/8153] Built Mathlib.Probability.Process.Kolmogorov (7.9s)
✔ [8146/8153] Built Mathlib.Probability.Process.LocalProperty (17s)
✔ [8147/8153] Built Mathlib.RepresentationTheory.Subrepresentation (14s)
✔ [8148/8169] Built Mathlib.Probability.StrongLaw (21s)
✔ [8149/8169] Built Mathlib.Probability.Moments.SubGaussian (22s)
✔ [8150/8194] Built Mathlib.RepresentationTheory.AlgebraRepresentation.Basic (9.6s)
✔ [8151/8194] Built Mathlib.RepresentationTheory.Semisimple (6.9s)
✔ [8152/8197] Built Mathlib.RingTheory.SimpleModule.InjectiveProjective (6.2s)
✔ [8153/8198] Built Mathlib.RingTheory.MvPolynomial.Ideal (12s)
✔ [8154/8199] Built Mathlib.RingTheory.MvPowerSeries.Rename (16s)
✔ [8155/8200] Built Mathlib.RepresentationTheory.Maschke (19s)
✔ [8156/8201] Built Mathlib.Topology.Algebra.Nonarchimedean.AdicTopology (12s)
✔ [8157/8201] Built Mathlib.RingTheory.AdicCompletion.Noetherian (9.5s)
✔ [8158/8202] Built Mathlib.RepresentationTheory.Intertwining (43s)
✔ [8159/8203] Built Mathlib.RingTheory.AdicCompletion.RingHom (11s)
✔ [8160/8203] Built Mathlib.RingTheory.MvPowerSeries.Equiv (20s)
✔ [8161/8203] Built Mathlib.RingTheory.Adjoin.Polynomial (5.9s)
✔ [8162/8203] Built Mathlib.RingTheory.AdicCompletion.Topology (9.7s)
✔ [8163/8203] Built Mathlib.RepresentationTheory.Irreducible (8.6s)
✔ [8164/8203] Built Mathlib.RingTheory.Algebraic.Pi (8.2s)
✔ [8165/8203] Built Mathlib.RepresentationTheory.Equiv (16s)
✔ [8166/8206] Built Mathlib.RepresentationTheory.Action (19s)
✔ [8167/8206] Built Mathlib.RingTheory.Artinian.Algebra (9.4s)
✔ [8168/8208] Built Mathlib.RingTheory.AdicCompletion.Completeness (32s)
✔ [8169/8208] Built Mathlib.RingTheory.Flat.Domain (28s)
✔ [8170/8211] Built Mathlib.RingTheory.Coalgebra.MonoidAlgebra (12s)
✔ [8171/8211] Built Mathlib.RepresentationTheory.Continuous.Basic (72s)
✔ [8172/8211] Built Mathlib.RingTheory.AdicCompletion.LocalRing (18s)
✔ [8173/8212] Built Mathlib.RingTheory.Coalgebra.GroupLike (13s)
✔ [8174/8212] Built Mathlib.RingTheory.Coalgebra.Quotient (9.7s)
✔ [8175/8213] Built Mathlib.RingTheory.Bialgebra.MonoidAlgebra (11s)
✔ [8176/8213] Built Mathlib.RingTheory.Bialgebra.GroupLike (7.1s)
✔ [8177/8214] Built Mathlib.RingTheory.Bialgebra.SymmetricAlgebra (14s)
✔ [8178/8214] Built Mathlib.RingTheory.ClassGroup (5.9s)
✔ [8179/8215] Built Mathlib.RingTheory.Bialgebra.Quotient (8.3s)
✔ [8180/8216] Built Mathlib.RingTheory.Coalgebra.MulOpposite (5.7s)
✔ [8181/8216] Built Mathlib.RingTheory.ClassGroup.ExtendedHom (9.9s)
✔ [8182/8219] Built Mathlib.RepresentationTheory.Continuous.TopRep (27s)
✔ [8183/8219] Built Mathlib.RingTheory.Congruence.BigOperators (4.9s)
✔ [8184/8220] Built Mathlib.RingTheory.Congruence.Star (4.3s)
✔ [8185/8220] Built Mathlib.RingTheory.Polynomial.ContentIdeal (7.3s)
✔ [8186/8220] Built Mathlib.RepresentationTheory.Rep.Basic (95s)
✔ [8187/8221] Built Mathlib.RingTheory.DedekindDomain.SInteger (8.4s)
✔ [8188/8221] Built Mathlib.RingTheory.DedekindDomain.GaussLemma (7.9s)
✔ [8189/8221] Built Mathlib.RingTheory.DedekindDomain.SelmerGroup (11s)
✔ [8190/8222] Built Mathlib.RepresentationTheory.Homological.ContCohomology.Basic (19s)
✔ [8191/8224] Built Mathlib.RepresentationTheory.Rep.Iso (11s)
✔ [8192/8224] Built Mathlib.RingTheory.Regular.Category (5.8s)
✔ [8193/8226] Built Mathlib.RepresentationTheory.FDRep (14s)
✔ [8194/8226] Built Mathlib.RingTheory.Ideal.AssociatedPrime.Localization (9.6s)
✔ [8195/8226] Built Mathlib.RepresentationTheory.Rep.Res (9.0s)
✔ [8196/8226] Built Mathlib.RepresentationTheory.Homological.ContCohomology.Functoriality (28s)
✔ [8197/8228] Built Mathlib.RepresentationTheory.Homological.ContCohomology.LowDegree (29s)
✔ [8198/8228] Built Mathlib.RingTheory.Regular.IsSMulRegular (9.6s)
✔ [8199/8228] Built Mathlib.RepresentationTheory.Homological.Resolution (32s)
✔ [8200/8229] Built Mathlib.RepresentationTheory.Tannaka (18s)
✔ [8201/8229] Built Mathlib.RepresentationTheory.Invariants (18s)
✔ [8202/8229] Built Mathlib.RingTheory.DividedPowers.Basic (9.9s)
✔ [8203/8229] Built Mathlib.RingTheory.Regular.LinearMap (12s)
✔ [8204/8231] Built Mathlib.RepresentationTheory.Coinduced (29s)
✔ [8205/8231] Built Mathlib.RepresentationTheory.Character (12s)
✔ [8206/8231] Built Mathlib.RepresentationTheory.Homological.GroupCohomology.Basic (16s)
✔ [8207/8232] Built Mathlib.RingTheory.Regular.RegularSequence (20s)
✔ [8208/8232] Built Mathlib.RepresentationTheory.Coinvariants (38s)
✔ [8209/8233] Built Mathlib.RingTheory.DividedPowers.DPMorphism (8.3s)
✔ [8210/8233] Built Mathlib.RingTheory.DividedPowers.RatAlgebra (7.9s)
✔ [8211/8233] Built Mathlib.RingTheory.DividedPowerAlgebra.Init (14s)
✔ [8212/8233] Built Mathlib.RepresentationTheory.FinGroupCharZero (11s)
✔ [8213/8233] Built Mathlib.RingTheory.Depth.Rees (17s)
✔ [8214/8233] Built Mathlib.RepresentationTheory.Homological.GroupHomology.Basic (16s)
✔ [8215/8233] Built Mathlib.RepresentationTheory.Homological.FiniteCyclic (16s)
✔ [8216/8233] Built Mathlib.RepresentationTheory.Homological.GroupCohomology.LowDegree (37s)
✔ [8217/8236] Built Mathlib.RingTheory.DualNumber (10s)
✔ [8218/8236] Built Mathlib.RingTheory.DividedPowers.SubDPIdeal (13s)
✔ [8219/8236] Built Mathlib.RingTheory.DividedPowers.Padic (10s)
✔ [8220/8236] Built Mathlib.RepresentationTheory.Homological.GroupCohomology.FiniteCyclic (16s)
✔ [8221/8237] Built Mathlib.RingTheory.TotallySplit (18s)
✔ [8222/8237] Built Mathlib.RepresentationTheory.Induced (57s)
✔ [8223/8238] Built Mathlib.RepresentationTheory.Homological.GroupHomology.LowDegree (50s)
✔ [8224/8238] Built Mathlib.RingTheory.Etale.Weakly (15s)
✔ [8225/8239] Built Mathlib.RepresentationTheory.Homological.GroupCohomology.Hilbert90 (11s)
✔ [8226/8239] Built Mathlib.RepresentationTheory.Homological.GroupCohomology.Functoriality (45s)
✔ [8227/8239] Built Mathlib.RingTheory.Extension.ExtendScalars (10s)
✔ [8228/8239] Built Mathlib.RepresentationTheory.Homological.GroupHomology.Shapiro (10s)
✔ [8229/8239] Built Mathlib.RepresentationTheory.Homological.GroupCohomology.Shapiro (10s)
✔ [8230/8239] Built Mathlib.RingTheory.Etale.Finite (16s)
✔ [8231/8240] Built Mathlib.RingTheory.FilteredAlgebra.Basic (4.7s)
✔ [8232/8240] Built Mathlib.RepresentationTheory.Homological.GroupHomology.FiniteCyclic (16s)
✔ [8233/8241] Built Mathlib.RingTheory.Flat.IsBaseChange (10s)
✔ [8234/8242] Built Mathlib.RepresentationTheory.FiniteIndex (24s)
✔ [8235/8242] Built Mathlib.RepresentationTheory.Homological.GroupCohomology.LongExactSequence (12s)
✔ [8236/8244] Built Mathlib.RingTheory.Flat.LocallyFree (11s)
✔ [8237/8245] Built Mathlib.RingTheory.Frobenius (10s)
✔ [8238/8246] Built Mathlib.RingTheory.GradedAlgebra.AlgHom (15s)
✔ [8239/8247] Built Mathlib.RingTheory.GradedAlgebra.Homogeneous.Subsemiring (8.9s)
✔ [8240/8247] Built Mathlib.RingTheory.GradedAlgebra.Noetherian (8.9s)
✔ [8241/8247] Built Mathlib.RingTheory.GradedAlgebra.TensorProduct (16s)
✔ [8242/8253] Built Mathlib.RingTheory.FormalGroup.Basic (42s)
✔ [8243/8254] Built Mathlib.RepresentationTheory.Homological.GroupHomology.Functoriality (64s)
✔ [8244/8255] Built Mathlib.RingTheory.PowerSeries.WellKnown (9.3s)
✔ [8245/8255] Built Mathlib.RingTheory.Grassmannian (22s)
✔ [8246/8256] Built Mathlib.RepresentationTheory.Homological.GroupHomology.LongExactSequence (12s)
✔ [8247/8256] Built Mathlib.RingTheory.PowerSeries.Binomial (5.4s)
✔ [8248/8257] Built Mathlib.RingTheory.HahnSeries.HahnEmbedding (8.8s)
✔ [8249/8258] Built Mathlib.RingTheory.HahnSeries.Summable (21s)
✔ [8250/8259] Built Mathlib.RingTheory.HahnSeries.PowerSeries (5.9s)
✔ [8251/8259] Built Mathlib.RingTheory.HahnSeries.Valuation (4.2s)
✔ [8252/8259] Built Mathlib.RingTheory.Henselian (7.1s)
✔ [8253/8259] Built Mathlib.RepresentationTheory.Homological.TateCohomology.Basic (10s)
✔ [8254/8261] Built Mathlib.RingTheory.HahnSeries.HEval (8.4s)
✔ [8255/8262] Built Mathlib.RingTheory.HopfAlgebra.GroupLike (4.0s)
✔ [8256/8262] Built Mathlib.RingTheory.HopfAlgebra.MonoidAlgebra (5.8s)
✔ [8257/8263] Built Mathlib.RingTheory.HopfAlgebra.Quotient (5.2s)
✔ [8258/8265] Built Mathlib.RingTheory.HahnSeries.Binomial (5.4s)
✔ [8259/8265] Built Mathlib.RingTheory.HahnSeries.Cardinal (17s)
✔ [8260/8265] Built Mathlib.RingTheory.Ideal.Finsupp (3.7s)
✔ [8261/8267] Built Mathlib.RingTheory.Ideal.IsAugmentation (3.5s)
✔ [8262/8269] Built Mathlib.RingTheory.Ideal.MonicSpan (4.7s)
✔ [8263/8272] Built Mathlib.RingTheory.UniqueFactorizationDomain.Kaplansky (5.2s)
✔ [8264/8274] Built Mathlib.RingTheory.Ideal.Pure (8.5s)
✔ [8265/8274] Built Mathlib.RingTheory.IdealFilter.Basic (4.9s)
✔ [8266/8277] Built Mathlib.RingTheory.Ideal.KrullsHeightTheorem (9.9s)
✔ [8267/8277] Built Mathlib.Topology.Algebra.ClopenNhdofOne (4.6s)
✔ [8268/8278] Built Mathlib.RingTheory.KrullDimension.Field (3.9s)
✔ [8269/8278] Built Mathlib.RingTheory.Spectrum.Prime.Module (4.8s)
✔ [8270/8278] Built Mathlib.RingTheory.IdealFilter.Topology (5.9s)
✔ [8271/8280] Built Mathlib.RingTheory.Ideal.UFD (5.8s)
✔ [8272/8281] Built Mathlib.RingTheory.KrullDimension.PID (5.3s)
✔ [8273/8281] Built Mathlib.RingTheory.KrullDimension.LocalRing (5.8s)
✔ [8274/8282] Built Mathlib.RingTheory.KrullDimension.Module (6.4s)
✔ [8275/8283] Built Mathlib.RingTheory.Spectrum.Prime.LTSeries (7.0s)
✔ [8276/8284] Built Mathlib.Topology.Algebra.Category.ProfiniteGrp.Limits (11s)
✔ [8277/8284] Built Mathlib.RingTheory.KrullDimension.Polynomial (7.2s)
✔ [8278/8284] Built Mathlib.RingTheory.KrullDimension.Regular (9.9s)
✔ [8279/8285] Built Mathlib.RingTheory.Lasker (11s)
✔ [8280/8286] Built Mathlib.RingTheory.LittleWedderburn (13s)
✔ [8281/8287] Built Mathlib.RingTheory.LocalIso (10s)
✔ [8282/8289] Built Mathlib.RingTheory.LocalProperties.FinitePresentation (6.3s)
✔ [8283/8290] Built Mathlib.RingTheory.LocalProperties.ProjectiveDimension (9.7s)
✔ [8284/8290] Built Mathlib.RingTheory.LaurentSeries (34s)
✔ [8285/8292] Built Mathlib.RingTheory.LocalProperties.Injective (13s)
✔ [8286/8293] Built Mathlib.RingTheory.LocalProperties.Semilocal (7.9s)
✔ [8287/8293] Built Mathlib.RingTheory.LocalRing.MaximalIdeal.Square (5.5s)
✔ [8288/8294] Built Mathlib.RingTheory.LocalRing.Etale (8.6s)
✔ [8289/8295] Built Mathlib.RingTheory.LocalRing.NonLocalRing (5.2s)
✔ [8290/8296] Built Mathlib.RingTheory.LocalProperties.InjectiveDimension (7.5s)
✔ [8291/8297] Built Mathlib.RingTheory.Invariant.Profinite (38s)
✔ [8292/8298] Built Mathlib.RingTheory.LocalRing.Subring (3.6s)
✔ [8293/8298] Built Mathlib.RingTheory.LocalRing.Pullback (8.1s)
✔ [8294/8301] Built Mathlib.RingTheory.Localization.Rat (4.3s)
✔ [8295/8302] Built Mathlib.RingTheory.Localization.Pi (6.1s)
✔ [8296/8302] Built Mathlib.RingTheory.Localization.AtPrime.Extension (8.3s)
✔ [8297/8304] Built Mathlib.RingTheory.Morita.Basic (4.7s)
✔ [8298/8305] Built Mathlib.RingTheory.MvPolynomial.EulerIdentity (4.9s)
✔ [8299/8305] Built Mathlib.RingTheory.MvPolynomial.Expand (4.7s)
✔ [8300/8307] Built Mathlib.RingTheory.MvPolynomial.Symmetric.FundamentalTheorem (7.0s)
✔ [8301/8307] Built Mathlib.RingTheory.MvPolynomial.IrreducibleQuadratic (9.1s)
✔ [8302/8308] Built Mathlib.RingTheory.MvPowerSeries.Expand (8.2s)
✔ [8303/8309] Built Mathlib.RingTheory.MvPowerSeries.Restricted (8.2s)
✔ [8304/8310] Built Mathlib.RingTheory.Nilpotent.GeometricallyReduced (9.0s)
✔ [8305/8311] Built Mathlib.RingTheory.MvPolynomial.Symmetric.NewtonIdentities (22s)
✔ [8306/8312] Built Mathlib.RingTheory.Noetherian.Filter (5.2s)
✔ [8307/8312] Built Mathlib.RingTheory.Noetherian.OfPrime (6.5s)
✔ [8308/8320] Built Mathlib.RingTheory.NoetherNormalization (16s)
✔ [8309/8333] Built Mathlib.RingTheory.NormTrace (6.6s)
✔ [8310/8333] Built Mathlib.RingTheory.Morita.Matrix (38s)
✔ [8311/8335] Built Mathlib.RingTheory.WittVector.WittPolynomial (8.7s)
✔ [8312/8336] Built Mathlib.RingTheory.Polynomial.Dickson (8.8s)
✔ [8313/8337] Built Mathlib.RingTheory.Polynomial.Eisenstein.Distinguished (6.6s)
✔ [8314/8338] Built Mathlib.RingTheory.Polynomial.Hermite.Basic (7.2s)
✔ [8315/8339] Built Mathlib.RingTheory.Polynomial.HilbertPoly (6.9s)
✔ [8316/8339] Built Mathlib.RingTheory.WittVector.StructurePolynomial (9.8s)
✔ [8317/8340] Built Mathlib.RingTheory.Polynomial.IrreducibleRing (6.6s)
✔ [8318/8340] Built Mathlib.RingTheory.Perfection (26s)
✔ [8319/8341] Built Mathlib.RingTheory.Polynomial.Opposites (5.6s)
✔ [8320/8341] Built Mathlib.RingTheory.Polynomial.Hermite.Gaussian (7.3s)
✔ [8321/8342] Built Mathlib.RingTheory.WittVector.Defs (7.2s)
✔ [8322/8342] Built Mathlib.RingTheory.Polynomial.Selmer (8.3s)
✔ [8323/8342] Built Mathlib.RingTheory.Polynomial.Morse (16s)
✔ [8324/8345] Built Mathlib.RingTheory.Teichmuller (9.8s)
✔ [8325/8345] Built Mathlib.RingTheory.Polynomial.ShiftedLegendre (6.6s)
✔ [8326/8346] Built Mathlib.RingTheory.Polynomial.SmallDegreeVieta (8.2s)
✔ [8327/8347] Built Mathlib.RingTheory.Perfectoid.Untilt (8.2s)
✔ [8328/8348] Built Mathlib.RingTheory.WittVector.Basic (11s)
✔ [8329/8349] Built Mathlib.RingTheory.TensorProduct.DirectLimitFG (13s)
✔ [8330/8349] Built Mathlib.RingTheory.PowerSeries.Catalan (6.1s)
✔ [8331/8349] Built Mathlib.RingTheory.PowerSeries.CoeffMulMem (6.2s)
✔ [8332/8349] Built Mathlib.RingTheory.PowerSeries.Expand (6.7s)
✔ [8333/8350] Built Mathlib.RingTheory.WittVector.Teichmuller (6.8s)
✔ [8334/8351] Built Mathlib.RingTheory.PowerSeries.Ideal (8.9s)
✔ [8335/8352] Built Mathlib.RingTheory.PowerSeries.Log (9.5s)
✔ [8336/8352] Built Mathlib.RingTheory.WittVector.IsPoly (18s)
✔ [8337/8354] Built Mathlib.RingTheory.PolynomialLaw.Basic (18s)
✔ [8338/8354] Built Mathlib.RingTheory.PowerSeries.Schroder (8.4s)
✔ [8339/8354] Built Mathlib.RingTheory.PowerSeries.Restricted (16s)
✔ [8340/8354] Built Mathlib.RingTheory.WittVector.Verschiebung (10s)
✔ [8341/8355] Built Mathlib.RingTheory.WittVector.Frobenius (16s)
✔ [8342/8356] Built Mathlib.RingTheory.PowerSeries.WeierstrassPreparation (20s)
✔ [8343/8357] Built Mathlib.RingTheory.WittVector.InitTail (14s)
✔ [8344/8357] Built Mathlib.RingTheory.WittVector.MulP (8.7s)
✔ [8345/8358] Built Mathlib.RingTheory.Radical.NatInt (7.8s)
✔ [8346/8358] Built Mathlib.RingTheory.Regular.Depth (7.6s)
✔ [8347/8359] Built Mathlib.RingTheory.Regular.Flat (8.6s)
✔ [8348/8359] Built Mathlib.RingTheory.Radical (5.7s)
✔ [8349/8360] Built Mathlib.RingTheory.WittVector.Truncated (10s)
✔ [8350/8362] Built Mathlib.RingTheory.WittVector.Identities (8.3s)
✔ [8351/8362] Built Mathlib.RingTheory.Regular.Free (10s)
✔ [8352/8362] Built Mathlib.RingTheory.RingHom.Bijective (6.4s)
✔ [8353/8362] Built Mathlib.RingTheory.WittVector.Domain (6.6s)
✔ [8354/8366] Built Mathlib.RingTheory.RegularLocalRing.Defs (9.5s)
✔ [8355/8366] Built Mathlib.RingTheory.RingInvo (3.9s)
✔ [8356/8367] Built Mathlib.RingTheory.WittVector.Complete (7.0s)
✔ [8357/8367] Built Mathlib.RingTheory.RegularLocalRing.Polynomial (8.8s)
✔ [8358/8368] Built Mathlib.RingTheory.Regular.ProjectiveDimension (20s)
✔ [8359/8369] Built Mathlib.RingTheory.SimpleRing.Congr (5.6s)
✔ [8360/8370] Built Mathlib.RingTheory.SimpleModule.Isotypic (15s)
✔ [8361/8370] Built Mathlib.RingTheory.SimpleModule.Rank (5.5s)
✔ [8362/8371] Built Mathlib.RingTheory.SimpleRing.DivisionRing (6.2s)
✔ [8363/8372] Built Mathlib.RingTheory.WittVector.TeichmullerSeries (9.0s)
✔ [8364/8373] Built Mathlib.RingTheory.Spectrum.Maximal.Topology (6.6s)
✔ [8365/8373] Built Mathlib.RingTheory.SimpleModule.WedderburnArtin (13s)
✔ [8366/8374] Built Mathlib.RingTheory.Spectrum.Prime.Homeomorph (10s)
✔ [8367/8374] Built Mathlib.RingTheory.Perfectoid.FontaineTheta (11s)
✔ [8368/8375] Built Mathlib.RingTheory.Spectrum.Prime.IsOpenComapC (6.9s)
✔ [8369/8375] Built Mathlib.RingTheory.TensorProduct.IsBaseChangeRightExact (9.7s)
✔ [8370/8376] Built Mathlib.RingTheory.Smooth.Quotient (24s)
✔ [8371/8377] Built Mathlib.RingTheory.TwoSidedIdeal.BigOperators (5.2s)
✔ [8372/8378] Built Mathlib.RingTheory.SimpleModule.IsAlgClosed (6.8s)
✔ [8373/8379] Built Mathlib.RingTheory.TwoSidedIdeal.Instances (5.1s)
✔ [8374/8380] Built Mathlib.RingTheory.UniqueFactorizationDomain.Localization (5.0s)
✔ [8375/8381] Built Mathlib.RingTheory.UniqueFactorizationDomain.Moebius (6.0s)
✔ [8376/8381] Built Mathlib.RingTheory.Perfectoid.BDeRham (13s)
✔ [8377/8383] Built Mathlib.RingTheory.Valuation.FiniteField (6.7s)
✔ [8378/8384] Built Mathlib.RingTheory.Valuation.AlgebraInstances (10s)
✔ [8379/8385] Built Mathlib.RingTheory.Valuation.Minpoly (6.7s)
✔ [8380/8385] Built Mathlib.RingTheory.Valuation.Quotient (6.2s)
✔ [8381/8388] Built Mathlib.RingTheory.Valuation.Extension (15s)
✔ [8382/8391] Built Mathlib.RingTheory.Valuation.RamificationGroup (7.2s)
✔ [8383/8392] Built Mathlib.RingTheory.Valuation.ValuativeRel.Trivial (7.2s)
✔ [8384/8393] Built Mathlib.RingTheory.WittVector.Compare (10s)
✔ [8385/8394] Built Mathlib.RingTheory.ZMod.Torsion (9.1s)
✔ [8386/8395] Built Mathlib.SetTheory.Cardinal.Cofinality (6.8s)
✔ [8387/8396] Built Mathlib.RingTheory.WittVector.MulCoeff (14s)
✔ [8388/8396] Built Mathlib.SetTheory.Cardinal.EventuallyConst (5.5s)
✔ [8389/8397] Built Mathlib.SetTheory.Cardinal.NatCount (5.2s)
✔ [8390/8398] Built Mathlib.SetTheory.Cardinal.UnivLE (5.0s)
✔ [8391/8398] Built Mathlib.SetTheory.Descriptive.Tree (5.8s)
✔ [8392/8400] Built Mathlib.RingTheory.WittVector.DiscreteValuationRing (9.6s)
✔ [8393/8401] Built Mathlib.SetTheory.Cardinal.Cofinality.Club (18s)
✔ [8394/8401] Built Mathlib.SetTheory.Lists (9.2s)
✔ [8395/8401] Built Mathlib.SetTheory.Ordinal.Commute (6.2s)
✔ [8396/8404] Built Mathlib.SetTheory.Ordinal.CantorNormalForm (9.7s)
✔ [8397/8405] Built Mathlib.SetTheory.Ordinal.FixedPointApproximants (6.8s)
✔ [8398/8405] Built Mathlib.RingTheory.WittVector.FrobeniusFractionField (19s)
✔ [8399/8407] Built Mathlib.Topology.Order.SuccPred (12s)
✔ [8400/8408] Built Mathlib.SetTheory.Ordinal.Notation (16s)
✔ [8401/8408] Built Mathlib.Topology.Order.IsNormal (15s)
✔ [8402/8408] Built Mathlib.SetTheory.ZFC.PSet (5.7s)
✔ [8403/8412] Built Mathlib.SetTheory.Ordinal.Topology (8.9s)
✔ [8404/8417] Built Mathlib.SetTheory.Ordinal.Veblen (10s)
✔ [8405/8418] Built Mathlib.Tactic.CancelDenoms (5.0s)
✔ [8406/8419] Built Mathlib.Tactic.Algebra.Lemmas (7.4s)
✔ [8407/8420] Built Mathlib.SetTheory.ZFC.Basic (11s)
✔ [8408/8421] Built Mathlib.Tactic.Cases (5.0s)
✔ [8409/8421] Built Mathlib.Tactic.Change (3.5s)
✔ [8410/8421] Built Mathlib.Tactic.CategoryTheory.CheckCompositions (5.6s)
✔ [8411/8421] Built Mathlib.RingTheory.WittVector.Isocrystal (25s)
✔ [8412/8421] Built Mathlib.SetTheory.ZFC.Rank (6.2s)
✔ [8413/8425] Built Mathlib.Tactic.Clean (3.2s)
✔ [8414/8426] Built Mathlib.SetTheory.ZFC.Cardinal (6.4s)
✔ [8415/8426] Built Mathlib.Tactic.ComputeAsymptotics.Lemmas (6.9s)
✔ [8416/8429] Built Mathlib.Tactic.Algebra.Basic (14s)
✔ [8417/8429] Built Mathlib.SetTheory.ZFC.Ordinal (6.8s)
✔ [8418/8430] Built Mathlib.Tactic.ComputeAsymptotics.Multiseries.Majorized (7.9s)
✔ [8419/8431] Built Mathlib.Tactic.ComputeAsymptotics.Multiseries.Monomial.Predicates (4.0s)
✔ [8420/8431] Built Mathlib.Tactic.Algebra.AlgebraNF (5.5s)
✔ [8421/8432] Built Mathlib.SetTheory.ZFC.Class (7.0s)
✔ [8422/8432] Built Mathlib.Tactic.DeriveCountable (6.9s)
✔ [8423/8432] Built Mathlib.Tactic.ComputeAsymptotics.Multiseries.Corecursion (15s)
✔ [8424/8436] Built Mathlib.Tactic.DeriveEncodable (11s)
✔ [8425/8437] Built Mathlib.SetTheory.ZFC.VonNeumann (8.6s)
✔ [8426/8437] Built Mathlib.Tactic.DeriveTraversable (9.8s)
✔ [8427/8440] Built Mathlib.Tactic.Eval (2.8s)
✔ [8428/8442] Built Mathlib.Tactic.DuplicateDecls (5.6s)
✔ [8429/8443] Built Mathlib.Tactic.ComputeAsymptotics.Multiseries.Defs (22s)
✔ [8430/8444] Built Mathlib.Tactic.Explode.Datatypes (3.1s)
✔ [8431/8444] Built Mathlib.Tactic.Ext (2.9s)
✔ [8432/8444] Built Mathlib.Tactic.Determinant.Bird.Meta (11s)
✔ [8433/8445] Built Mathlib.Tactic.FindSyntax (5.0s)
✔ [8434/8445] Built Mathlib.Tactic.Generalize (3.8s)
✔ [8435/8446] Built Mathlib.Tactic.Explode.Pretty (3.3s)
✔ [8436/8446] Built Mathlib.Tactic.Have (4.0s)
✔ [8437/8447] Built Mathlib.Tactic.ComputeAsymptotics.Multiseries.Trimming (10s)
✔ [8438/8447] Built Mathlib.Tactic.ComputeAsymptotics.Multiseries.Basis (13s)
✔ [8439/8448] Built Mathlib.Tactic.Explode (6.4s)
✔ [8440/8448] Built Mathlib.Tactic.Determinant.Bird.Cert (13s)
✔ [8441/8448] Built Mathlib.Tactic.ITauto (13s)
✔ [8442/8449] Built Mathlib.Tactic.Linarith.NNRealPreprocessor (11s)
✔ [8443/8449] Built Mathlib.Tactic.Linarith.Oracle.FourierMotzkin (9.5s)
✔ [8444/8450] Built Mathlib.Tactic.Determinant.Bird (11s)
✔ [8445/8451] Built Mathlib.Tactic.ComputeAsymptotics.Multiseries.Basic (21s)
✔ [8446/8452] Built Mathlib.Tactic.LinearCombinationPrime (19s)
✔ [8447/8452] Built Mathlib.Tactic.ComputeAsymptotics.Multiseries.Monomial.Basic (21s)
✔ [8448/8452] Built Mathlib.Tactic.Linter.CommandRanges (6.5s)
✔ [8449/8457] Built Mathlib.Tactic.Linter.CommandStart (4.1s)
✔ [8450/8458] Built Mathlib.Tactic.Linter.DeprecatedModule (3.9s)
✔ [8451/8459] Built Mathlib.Tactic.Linter.FindDeprecations (7.4s)
✔ [8452/8460] Built Mathlib.Tactic.Linter.TextBased.UnicodeLinter (8.0s)
✔ [8453/8460] Built Mathlib.Tactic.ModCases (10s)
✔ [8454/8461] Built Mathlib.Tactic.NormNum.IsCoprime (11s)
✔ [8455/8461] Built Mathlib.Tactic.Linter.ValidatePRTitle (10s)
✔ [8456/8462] Built Mathlib.Tactic.NormNum.Irrational (24s)
✔ [8457/8463] Built Mathlib.Tactic.NormNum.IsSquare (22s)
✔ [8458/8464] Built Mathlib.Tactic.Linter.TextBased (13s)
✔ [8459/8465] Built Mathlib.Tactic.NormNum.ModEq (10s)
✔ [8460/8466] Built Mathlib.Tactic.NormNum.NatLog (11s)
✔ [8461/8467] Built Mathlib.Tactic.NormNum.NatSqrt (10s)
✔ [8462/8468] Built Mathlib.Tactic.NormNum.LegendreSymbol (29s)
✔ [8463/8469] Built Mathlib.Tactic.NormNum.PowMod (10s)
✔ [8464/8470] Built Mathlib.Tactic.NormNum.Parity (11s)
✔ [8465/8471] Built Mathlib.Tactic.NormNum.Ordinal (17s)
✔ [8466/8472] Built Mathlib.Tactic.Polyrith (3.8s)
✔ [8467/8472] Built Mathlib.Tactic.PNatToNat (8.9s)
✔ [8468/8475] Built Mathlib.Tactic.Polynomial.Basic (11s)
✔ [8469/8477] Built Mathlib.Tactic.NormNum.RealSqrt (14s)
✔ [8470/8477] Built Mathlib.Tactic.ProdAssoc (6.1s)
✔ [8471/8478] Built Mathlib.Tactic.ReduceModChar.Ext (3.7s)
✔ [8472/8479] Built Mathlib.Tactic.Recall (6.7s)
✔ [8473/8479] Built Mathlib.Tactic.Relation.Symm (4.0s)
✔ [8474/8480] Built Mathlib.Tactic.Replace (4.4s)
✔ [8475/8481] Built Mathlib.Tactic.RewriteSearch (4.1s)
✔ [8476/8482] Built Mathlib.Tactic.Sat.FromLRAT (10s)
✔ [8477/8483] Built Mathlib.Tactic.Simproc.Divisors (10s)
✔ [8478/8484] Built Mathlib.Tactic.Simproc.Factors (13s)
✔ [8479/8484] Built Mathlib.Tactic.ReduceModChar (18s)
✔ [8480/8487] Built Mathlib.Tactic.StacksAttribute (3.8s)
✔ [8481/8488] Built Mathlib.Tactic.Simproc.VecPerm (10s)
✔ [8482/8488] Built Mathlib.Tactic.TypeCheck (3.0s)
✔ [8483/8491] Built ProofWidgets.Component.PenroseDiagram (5.4s)
✔ [8484/8493] Built ProofWidgets.Presentation.Expr (6.1s)
✔ [8485/8494] Built Mathlib.Tactic.Simproc.FinsetInterval (17s)
✔ [8486/8494] Built Mathlib.Tactic.Widget.GCongr (5.9s)
✔ [8487/8495] Built ProofWidgets.Component.HtmlDisplay (4.5s)
✔ [8488/8495] Built Mathlib.Tactic.WithoutCDot (5.5s)
✔ [8489/8496] Built Mathlib.Testing.Plausible.Sampleable (6.4s)
✔ [8490/8497] Built Mathlib.Tactic.Widget.CommDiag (9.6s)
✔ [8491/8498] Built Mathlib.Testing.Plausible.Functions (13s)
✔ [8492/8498] Built Mathlib.Testing.Plausible.Testable (5.4s)
✔ [8493/8501] Built Mathlib.Topology.Algebra.Algebra.Rat (11s)
✔ [8494/8501] Built Mathlib.Topology.Algebra.Group.AddTorsor (9.9s)
✔ [8495/8503] Built Mathlib.Topology.UniformSpace.Ascoli (12s)
✔ [8496/8503] Built Mathlib.Tactic.Widget.StringDiagram (33s)
✔ [8497/8504] Built Mathlib.Topology.Algebra.Category.ProfiniteGrp.Completion (28s)
✔ [8498/8504] Built Mathlib.Topology.Algebra.Group.OpenMapping (18s)
✔ [8499/8505] Built Mathlib.Topology.Algebra.Group.SubmonoidClosure (12s)
✔ [8500/8506] Built Mathlib.Topology.Algebra.Group.Units (9.8s)
✔ [8501/8507] Built Mathlib.Topology.Algebra.Group.CompactOpen (18s)
✔ [8502/8507] Built Mathlib.Tactic (17s)
✔ [8503/8508] Built Mathlib.Topology.Algebra.IntermediateField (11s)
✔ [8504/8510] Built Mathlib.Topology.Algebra.Localization (9.6s)
✔ [8505/8511] Built Mathlib.Topology.Algebra.IsOpenUnits (15s)
✔ [8506/8511] Built Mathlib.Topology.Algebra.InfiniteSum.DiscreteConvolution (28s)
✔ [8507/8512] Built Mathlib.Topology.Algebra.Module.IsWeak (13s)
✔ [8508/8513] Built Mathlib.Topology.Algebra.Module.LinearMap (9.9s)
✔ [8509/8514] Built Mathlib.Topology.Algebra.Module.LinearMapPiProd (9.9s)
✔ [8510/8515] Built Mathlib.Topology.Algebra.Module.StrongTopology (10s)
✔ [8511/8518] Built Mathlib.Topology.Algebra.Module.WeakDual (9.3s)
✔ [8512/8519] Built Mathlib.Topology.Algebra.MvPolynomial (11s)
✔ [8513/8520] Built Mathlib.Topology.Algebra.Nonarchimedean.TotallyDisconnected (10s)
✔ [8514/8521] Built Mathlib.Topology.Algebra.ProperAction.Torsor (9.8s)
✔ [8515/8522] Built Mathlib.Topology.Algebra.PontryaginDual (15s)
✔ [8516/8522] Built Mathlib.Topology.Algebra.ProperConstSMul (8.8s)
✔ [8517/8523] Built Mathlib.Topology.Algebra.ProperAction.ProperlyDiscontinuous (10s)
✔ [8518/8523] Built Mathlib.Topology.Algebra.ProperAction.AddTorsor (8.4s)
✔ [8519/8524] Built Mathlib.Topology.Algebra.Ring.Compact (15s)
✔ [8520/8526] Built Mathlib.Topology.Algebra.Star.Unitary (10s)
✔ [8521/8528] Built Mathlib.Topology.Algebra.Star.LinearMap (15s)
✔ [8522/8533] Built Mathlib.Topology.Algebra.Valued.WithZeroMulInt (10s)
✔ [8523/8534] Built Mathlib.Util.AliasIn (4.2s)
✔ [8524/8534] Built Mathlib.Topology.Baire.BaireMeasurable (11s)
✔ [8525/8534] Built Mathlib.Topology.Category.TopCat.Sphere (14s)
✔ [8526/8534] Built Mathlib.Topology.Category.Born (6.6s)
✔ [8527/8536] Built Mathlib.Topology.Category.CompHaus.Frm (9.2s)
✔ [8528/8540] Built Mathlib.Topology.CWComplex.Abstract.Basic (12s)
✔ [8529/8542] Built Mathlib.Topology.Convenient.GeneratedBy (10s)
✔ [8530/8542] Built Mathlib.Topology.Category.Compactum (14s)
✔ [8531/8543] Built Mathlib.Topology.Convenient.ContinuousMapGeneratedBy (9.6s)
✔ [8532/8544] Built Mathlib.Topology.Category.Locale (12s)
✔ [8533/8547] Built Mathlib.Topology.Category.Profinite.Product (14s)
✔ [8534/8548] Built Mathlib.Topology.Compactness.DeltaGeneratedSpace (11s)
✔ [8535/8549] Built Mathlib.Topology.Convenient.Category (13s)
✔ [8536/8549] Built Mathlib.Topology.CWComplex.Classical.Basic (49s)
✔ [8537/8550] Built Mathlib.Topology.Category.Profinite.Projective (13s)
✔ [8538/8550] Built Mathlib.Topology.Category.Profinite.Nobeling.Basic (22s)
✔ [8539/8551] Built Mathlib.Topology.Category.Stonean.Adjunctions (13s)
✔ [8540/8551] Built Mathlib.Topology.Category.DeltaGenerated (11s)
✔ [8541/8552] Built Mathlib.Topology.Category.UniformSpace (11s)
✔ [8542/8552] Built Mathlib.Topology.CWComplex.Classical.Finite (14s)
✔ [8543/8552] Built Mathlib.Topology.Compactification.OnePoint.Sphere (16s)
✔ [8544/8552] Built Mathlib.Topology.Category.Profinite.Nobeling.ZeroLimit (12s)
✔ [8545/8553] Built Mathlib.Topology.Compactness.CompactSystem (9.7s)
✔ [8546/8553] Built Mathlib.Topology.Category.Profinite.Nobeling.Span (14s)
✔ [8547/8554] Built Mathlib.Topology.Category.Profinite.Nobeling.Successor (29s)
✔ [8548/8555] Built Mathlib.Topology.CWComplex.Classical.Graph (12s)
✔ [8549/8555] Built Mathlib.Topology.CWComplex.Classical.Subcomplex (15s)
✔ [8550/8556] Built Mathlib.Topology.Connected.LocPathConnected (8.9s)
✔ [8551/8557] Built Mathlib.Topology.Connected.CardComponents (11s)
✔ [8552/8557] Built Mathlib.Topology.Category.Profinite.Nobeling.Induction (13s)
✔ [8553/8559] Built Mathlib.Topology.Compactness.CountablyCompact (41s)
✔ [8554/8560] Built Mathlib.Topology.Connected.PathComponentOne (10s)
✔ [8555/8561] Built Mathlib.Topology.ContinuousMap.Bounded.ArzelaAscoli (12s)
✔ [8556/8561] Built Mathlib.Topology.ContinuousMap.BoundedCompactlySupported (11s)
✔ [8557/8563] Built Mathlib.Topology.ContinuousMap.Interval (11s)
✔ [8558/8564] Built Mathlib.Topology.ContinuousMap.LocallyConstant (11s)
✔ [8559/8564] Built Mathlib.Topology.ContinuousMap.LocallyConvex (9.6s)
✔ [8560/8566] Built Mathlib.Topology.ContinuousMap.SecondCountableSpace (8.6s)
✔ [8561/8567] Built Mathlib.Topology.ContinuousMap.Sigma (7.1s)
✔ [8562/8567] Built Mathlib.Topology.ContinuousMap.T0Sierpinski (7.1s)
✔ [8563/8568] Built Mathlib.Topology.Convenient.HomSpace (7.9s)
✔ [8564/8570] Built Mathlib.Topology.Convenient.Localization (7.3s)
✔ [8565/8571] Built Mathlib.Topology.DerivedSet (7.4s)
✔ [8566/8572] Built Mathlib.Topology.EMetricSpace.Weak (11s)
✔ [8567/8572] Built Mathlib.Topology.Convenient.OpenClosed (15s)
✔ [8568/8574] Built Mathlib.Topology.Filter (9.1s)
✔ [8569/8575] Built Mathlib.Topology.Hom.Open (9.2s)
✔ [8570/8576] Built Mathlib.Topology.Germ (10s)
✔ [8571/8576] Built Mathlib.Topology.EMetricSpace.PairReduction (28s)
✔ [8572/8578] Built Mathlib.Topology.Homotopy.HSpaces (14s)
✔ [8573/8579] Built Mathlib.Topology.Homotopy.LocallyContractible (10s)
✔ [8574/8580] Built Mathlib.Topology.Instances.ENNReal.ENatENNReal (10s)
✔ [8575/8581] Built Mathlib.Topology.Instances.PNat (12s)
✔ [8576/8582] Built Mathlib.Topology.Instances.CantorSet (21s)
✔ [8577/8582] Built Mathlib.Topology.Homotopy.HomotopyGroup (30s)
✔ [8578/8583] Built Mathlib.Topology.Instances.RatLemmas (15s)
✔ [8579/8585] Built Mathlib.Topology.Instances.ZMod (9.4s)
✔ [8580/8586] Built Mathlib.Topology.IsClosedRestrict (9.7s)
✔ [8581/8590] Built Mathlib.Topology.Maps.Proper.UniversallyClosed (8.5s)
✔ [8582/8590] Built Mathlib.Topology.List (11s)
✔ [8583/8591] Built Mathlib.Topology.Maps.Strict.Group (12s)
✔ [8584/8593] Built Mathlib.Topology.MetricSpace.BundledFun (14s)
✔ [8585/8594] Built Mathlib.Topology.MetricSpace.CoveringNumbers (16s)
✔ [8586/8595] Built Mathlib.Topology.Maps.Strict.Module (15s)
✔ [8587/8596] Built Mathlib.Topology.MetricSpace.GromovHausdorffRealized (20s)
✔ [8588/8597] Built Mathlib.Topology.MetricSpace.HausdorffAlexandroff (14s)
✔ [8589/8598] Built Mathlib.Topology.MetricSpace.Kuratowski (18s)
✔ [8590/8599] Built Mathlib.Topology.Sets.VietorisTopology (36s)
✔ [8591/8599] Built Mathlib.Topology.MetricSpace.ShrinkingLemma (11s)
✔ [8592/8601] Built Mathlib.Topology.MetricSpace.HolderNorm (18s)
✔ [8593/8601] Built Mathlib.Topology.MetricSpace.Infsep (14s)
✔ [8594/8602] Built Mathlib.Topology.MetricSpace.Snowflaking (23s)
✔ [8595/8602] Built Mathlib.Topology.MetricSpace.Ultra.TotallySeparated (13s)
✔ [8596/8606] Built Mathlib.Topology.MetricSpace.Ultra.Pi (13s)
✔ [8597/8610] Built Mathlib.Topology.Metrizable.ContinuousMap (16s)
✔ [8598/8611] Built Mathlib.Topology.NatEmbedding (16s)
✔ [8599/8612] Built Mathlib.Topology.Order.LowerUpperTopology (22s)
✔ [8600/8612] Built Mathlib.Topology.Order.Filter (13s)
✔ [8601/8613] Built Mathlib.Topology.Order.Completion (21s)
✔ [8602/8615] Built Mathlib.Topology.UniformSpace.Closeds (53s)
✔ [8603/8615] Built Mathlib.Topology.Order.Category.FrameAdjunction (29s)
✔ [8604/8617] Built Mathlib.Topology.Order.UpperLowerSetTopology (12s)
✔ [8605/8617] Built Mathlib.Topology.Order.Hom.Basic (10s)
✔ [8606/8618] Built Mathlib.Topology.Order.HullKernel (12s)
✔ [8607/8618] Built Mathlib.Topology.Specialization (9.8s)
✔ [8608/8618] Built Mathlib.Topology.MetricSpace.Closeds (18s)
✔ [8609/8619] Built Mathlib.Topology.Order.NhdsSet (13s)
✔ [8610/8619] Built Mathlib.Topology.Order.ScottTopology (11s)
✔ [8611/8620] Built Mathlib.Topology.Order.PartialSups (10s)
✔ [8612/8620] Built Mathlib.Topology.Order.Priestley (9.9s)
✔ [8613/8621] Built Mathlib.Topology.Order.Hom.Esakia (12s)
✔ [8614/8621] Built Mathlib.Topology.Order.Category.AlexDisc (12s)
✔ [8615/8621] Built Mathlib.Topology.Partial (8.6s)
✔ [8616/8622] Built Mathlib.Topology.OmegaCompletePartialOrder (10s)
✔ [8617/8623] Built Mathlib.Topology.Order.LawsonTopology (13s)
✔ [8618/8624] Built Mathlib.Topology.PreorderRestrict (11s)
✔ [8619/8625] Built Mathlib.Topology.Separation.AlexandrovDiscrete (11s)
✔ [8620/8626] Built Mathlib.Topology.Separation.LinearUpperLowerSetTopology (10s)
✔ [8621/8627] Built Mathlib.Topology.Separation.Lemmas (15s)
✔ [8622/8627] Built Mathlib.Topology.Separation.NotNormal (11s)
✔ [8623/8627] Built Mathlib.Topology.MetricSpace.GromovHausdorff (42s)
✔ [8624/8633] Built Mathlib.Topology.Sets.BaseChangeNhds (11s)
✔ [8625/8633] Built Mathlib.Topology.Sets.Order (9.1s)
✔ [8626/8636] Built Mathlib.Topology.Sheaves.PUnit (9.0s)
✔ [8627/8636] Built Mathlib.Topology.Separation.PerfectlyNormal (29s)
✔ [8628/8637] Built Mathlib.Topology.Sheaves.EtaleSpace (15s)
✔ [8629/8638] Built Mathlib.Topology.Sheaves.Alexandrov (18s)
✔ [8630/8639] Built Mathlib.Topology.Sheaves.LocallySurjective (11s)
✔ [8631/8641] Built Mathlib.Topology.Sheaves.Points (10s)
✔ [8632/8642] Built Mathlib.Topology.Sheaves.MayerVietoris (11s)
✔ [8633/8643] Built Mathlib.Topology.SmallInductiveDimension (8.7s)
✔ [8634/8644] Built Mathlib.Topology.Sheaves.Skyscraper (21s)
✔ [8635/8645] Built Mathlib.Topology.Sheaves.SheafCondition.EqualizerProducts (34s)
✔ [8636/8645] Built Mathlib.Topology.Sion (25s)
✔ [8637/8645] Built Mathlib.Topology.Subpath (16s)
✔ [8638/8647] Built Mathlib.Topology.Spectral.ConstructibleTopology (22s)
✔ [8639/8648] Built Mathlib.Topology.Sheaves.Sheafify (10s)
✔ [8640/8649] Built Mathlib.Topology.UniformSpace.AbsoluteValue (9.1s)
✔ [8641/8649] Built Mathlib.Topology.UniformSpace.Dini (12s)
✔ [8642/8649] Built Mathlib.Topology.UniformSpace.Path (12s)
✔ [8643/8654] Built Mathlib.Topology.UniformSpace.CompareReals (12s)
✔ [8644/8655] Built Mathlib.Topology.UniformSpace.Ultra.Basic (9.6s)
✔ [8645/8656] Built Mathlib.Util.AssertNoSorry (4.5s)
✔ [8646/8656] Built Mathlib.Topology.Sheaves.Abelian (36s)
✔ [8647/8657] Built Mathlib.Topology.UniformSpace.OfCompactT2 (27s)
✔ [8648/8657] Built Mathlib.Util.FormatTable (5.1s)
✔ [8649/8658] Built Mathlib.Topology.UniformSpace.Ultra.Constructions (10s)
✔ [8650/8658] Built Mathlib.Util.Export (10s)
✔ [8651/8659] Built Mathlib.Util.GetAllModules (6.7s)
✔ [8652/8659] Built Mathlib.Topology.UniformSpace.Uniformizable (20s)
✔ [8653/8660] Built Mathlib.Topology.UniformSpace.Ultra.Completion (16s)
✔ [8654/8670] Built Mathlib.Util.LongNames (7.0s)
✔ [8655/8670] Built Mathlib.Topology.Sheaves.AddCommGrpCat (34s)
✔ [8656/8675] Built Mathlib.Util.Simp (6.9s)
✔ [8658/9776] Built Mathlib.Util.SleepHeartbeats (7.3s)
✔ [8659/9776] Built Mathlib.Topology.VectorBundle.ContinuousAlternatingMap (71s)
✔ [8660/9776] Built Mathlib.Topology.Sheaves.Flasque (38s)
✔ [8661/9776] Built Mathlib (50s)
✔ [8662/9776] Built EulerBlowup.Lit.CZ.CZCore.Defs (141s)
⚠ [8663/9776] Built Challenge (141s)
warning: Challenge.lean:56:8: declaration uses `sorry`
✔ [8665/9776] Built EulerBlowup.Num.Tube (142s)
✔ [8666/9776] Built EulerBlowup.Num.Kernel (160s)
⚠ [8667/9776] Built EulerBlowup.Kit.WeightCalc (80s)
warning: EulerBlowup/Kit/WeightCalc.lean:255:5: Variable name `hc` is not explicitly referenced.

The binding can be removed (if unused) or named `_` (if used implicitly).

Note: This linter can be disabled with `set_option linter.unusedVariables false`
⚠ [8668/9776] Built EulerBlowup.Kit.Volterra (100s)
warning: EulerBlowup/Kit/Volterra.lean:21:0: automatically included section variable(s) unused in theorem `EulerBlowup.Kit.VolterraAdm.mono`:
  [NormedSpace ℝ E]
consider restructuring your `variable` declarations so that the variables are not in scope or explicitly omit them:
  omit [NormedSpace ℝ E] in theorem ...

Note: This linter can be disabled with `set_option linter.unusedSectionVars false`
⚠ [8669/9776] Built EulerBlowup.S3.Fan (168s)
warning: EulerBlowup/S3/Fan.lean:419:58: Variable name `hΩ` is not explicitly referenced.

The binding can be removed (if unused) or named `_` (if used implicitly).

Note: This linter can be disabled with `set_option linter.unusedVariables false`
warning: EulerBlowup/S3/Fan.lean:704:35: Variable name `hψ0` is not explicitly referenced.

The binding can be removed (if unused) or named `_` (if used implicitly).

Note: This linter can be disabled with `set_option linter.unusedVariables false`
✔ [8670/9776] Built Cm24.Basic (113s)
✔ [8671/9776] Built EulerBlowup.S6.Schedule (182s)
✔ [8672/9776] Built EulerBlowup.Main (101s)
✔ [8673/9776] Built EulerBlowup.Elementary (72s)
⚠ [8674/9776] Built EulerBlowup.Kit.ODE (77s)
warning: EulerBlowup/Kit/ODE.lean:118:47: Variable name `hd` is not explicitly referenced.

The binding can be removed (if unused) or named `_` (if used implicitly).

Note: This linter can be disabled with `set_option linter.unusedVariables false`
warning: EulerBlowup/Kit/ODE.lean:118:86: Variable name `hx` is not explicitly referenced.

The binding can be removed (if unused) or named `_` (if used implicitly).

Note: This linter can be disabled with `set_option linter.unusedVariables false`
warning: EulerBlowup/Kit/ODE.lean:155:19: This simp argument is unused:
  NNReal.coe_mk

Hint: Omit it from the simp argument list.
  simp only [NNReal.coe_m̵k̵,̵ ̵N̵N̵R̵e̵a̵l̵.̵c̵o̵e̵_̵zero, sub_zero, sub_self]

Note: This linter can be disabled with `set_option linter.unusedSimpArgs false`
warning: EulerBlowup/Kit/ODE.lean:210:41: Variable name `hx₀` is not explicitly referenced.

The binding can be removed (if unused) or named `_` (if used implicitly).

Note: This linter can be disabled with `set_option linter.unusedVariables false`
✔ [8675/9776] Built EulerBlowup.Reduced (72s)
⚠ [8676/9776] Built EulerBlowup.Lit.CZ.CZCore.Basic (79s)
warning: EulerBlowup/Lit/CZ/CZCore/Basic.lean:322:91: Variable name `hε` is not explicitly referenced.

The binding can be removed (if unused) or named `_` (if used implicitly).

Note: This linter can be disabled with `set_option linter.unusedVariables false`
✔ [8677/9776] Built EulerBlowup.Num.Expr (87s)
✔ [8678/9776] Built Cm24.Layered (76s)
⚠ [8679/9776] Built Cm24.Kit (93s)
warning: vendor/cm24-r2/Cm24/Kit.lean:132:38: Variable name `hg` is not explicitly referenced.

The binding can be removed (if unused) or named `_` (if used implicitly).

Note: This linter can be disabled with `set_option linter.unusedVariables false`
warning: vendor/cm24-r2/Cm24/Kit.lean:392:58: Variable name `hS` is not explicitly referenced.

The binding can be removed (if unused) or named `_` (if used implicitly).

Note: This linter can be disabled with `set_option linter.unusedVariables false`
warning: vendor/cm24-r2/Cm24/Kit.lean:393:5: Variable name `hg` is not explicitly referenced.

The binding can be removed (if unused) or named `_` (if used implicitly).

Note: This linter can be disabled with `set_option linter.unusedVariables false`
✔ [8680/9776] Built EulerBlowup.S7.Escalation (135s)
⚠ [8681/9776] Built EulerBlowup.S6.Ledger (117s)
warning: EulerBlowup/S6/Ledger.lean:64:6: `ContinuousLinearMap.sum_apply` has been deprecated: Use `_root_.sum_apply` instead

Note: The updated constant is in a different namespace. Dot notation may need to be changed (e.g., from `x.sum_apply` to `_root_.sum_apply x`).
warning: EulerBlowup/S6/Ledger.lean:51:22: Variable name `ht` is not explicitly referenced.

The binding can be removed (if unused) or named `_` (if used implicitly).

Note: This linter can be disabled with `set_option linter.unusedVariables false`
warning: EulerBlowup/S6/Ledger.lean:125:6: `ContinuousLinearMap.add_apply` has been deprecated: Use `add_apply` instead

Note: The updated constant is in a different namespace. Dot notation may need to be changed (e.g., from `x.add_apply` to `add_apply x`).
warning: EulerBlowup/S6/Ledger.lean:125:37: `ContinuousLinearMap.sum_apply` has been deprecated: Use `_root_.sum_apply` instead

Note: The updated constant is in a different namespace. Dot notation may need to be changed (e.g., from `x.sum_apply` to `_root_.sum_apply x`).
warning: EulerBlowup/S6/Ledger.lean:130:6: `ContinuousLinearMap.sum_apply` has been deprecated: Use `_root_.sum_apply` instead

Note: The updated constant is in a different namespace. Dot notation may need to be changed (e.g., from `x.sum_apply` to `_root_.sum_apply x`).
warning: EulerBlowup/S6/Ledger.lean:104:54: Variable name `ht` is not explicitly referenced.

The binding can be removed (if unused) or named `_` (if used implicitly).

Note: This linter can be disabled with `set_option linter.unusedVariables false`
✔ [8682/9776] Built EulerBlowup.Ring (108s)
⚠ [8683/9776] Built EulerBlowup.Hypotheses (170s)
warning: EulerBlowup/Hypotheses.lean:1256:71: `ContinuousLinearMap.coe_comp'` has been deprecated: Use `ContinuousLinearMap.coe_comp` instead
warning: EulerBlowup/Hypotheses.lean:1261:23: `ContinuousLinearMap.coe_comp'` has been deprecated: Use `ContinuousLinearMap.coe_comp` instead
warning: EulerBlowup/Hypotheses.lean:1272:16: This simp argument is unused:
  ZeroMemClass.coe_zero

Hint: Omit it from the simp argument list.
  simp only [lerayQ, ContinuousLinearMap.coe_coe, ContinuousLinearMap.coe_comp,
  ̲  ̲ ̲ ̲ ̲ ̲Function.comp_apply, Submodule.subtypeL_apply, map_sub,
  ̲  ̲ ̲ ̲ ̲ ̲Submodule.orthogonalProjectionOnto_mem_subspace_eq_self, s̵u̵b̵_̵s̵e̵l̵f̵,̵ ̵Z̵e̵r̵o̵M̵e̵m̵C̵l̵a̵s̵s̵.̵c̵o̵e̵_̵z̵e̵r̵o̵]̵s̲u̲b̲_̲s̲e̲l̲f̲]̲

Note: This linter can be disabled with `set_option linter.unusedSimpArgs false`
warning: EulerBlowup/Hypotheses.lean:1550:36: `ContinuousLinearMap.coe_comp'` has been deprecated: Use `ContinuousLinearMap.coe_comp` instead
✔ [8684/9776] Built EulerBlowup.Ring.S6r.GainPair (114s)
⚠ [8685/9776] Built EulerBlowup.Kit.ShearPair (169s)
warning: EulerBlowup/Kit/ShearPair.lean:35:56: This simp argument is unused:
  pow_one

Hint: Omit it from the simp argument list.
  simp only [Nat.cast_ofNat,̵ ̵p̵o̵w̵_̵o̵n̵e̵]

Note: This linter can be disabled with `set_option linter.unusedSimpArgs false`
⚠ [8686/9776] Built EulerBlowup.S3.Gap (269s)
warning: EulerBlowup/S3/Gap.lean:61:4: `push_neg` has been deprecated. Prefer using `push Not` instead.
If you'd rather continue using `push_neg` in your project, you can implement it as follows:
```
open Lean.Parser.Tactic in
macro "push_neg" cfg:optConfig loc:(location)? : tactic =>
  `(tactic| push $cfg:optConfig Not $[$loc]?)
```
warning: EulerBlowup/S3/Gap.lean:74:6: `push_neg` has been deprecated. Prefer using `push Not` instead.
If you'd rather continue using `push_neg` in your project, you can implement it as follows:
```
open Lean.Parser.Tactic in
macro "push_neg" cfg:optConfig loc:(location)? : tactic =>
  `(tactic| push $cfg:optConfig Not $[$loc]?)
```
warning: EulerBlowup/S3/Gap.lean:160:24: Variable name `hlmin1` is not explicitly referenced.

The binding can be removed (if unused) or named `_` (if used implicitly).

Note: This linter can be disabled with `set_option linter.unusedVariables false`
warning: EulerBlowup/S3/Gap.lean:488:37: Variable name `hε` is not explicitly referenced.

The binding can be removed (if unused) or named `_` (if used implicitly).

Note: This linter can be disabled with `set_option linter.unusedVariables false`
warning: EulerBlowup/S3/Gap.lean:592:91: Variable name `hδ0` is not explicitly referenced.

The binding can be removed (if unused) or named `_` (if used implicitly).

Note: This linter can be disabled with `set_option linter.unusedVariables false`
warning: EulerBlowup/S3/Gap.lean:692:5: Variable name `hρ` is not explicitly referenced.

The binding can be removed (if unused) or named `_` (if used implicitly).

Note: This linter can be disabled with `set_option linter.unusedVariables false`
warning: EulerBlowup/S3/Gap.lean:736:35: Variable name `hd0` is not explicitly referenced.

The binding can be removed (if unused) or named `_` (if used implicitly).

Note: This linter can be disabled with `set_option linter.unusedVariables false`
warning: EulerBlowup/S3/Gap.lean:782:4: `push_neg` has been deprecated. Prefer using `push Not` instead.
If you'd rather continue using `push_neg` in your project, you can implement it as follows:
```
open Lean.Parser.Tactic in
macro "push_neg" cfg:optConfig loc:(location)? : tactic =>
  `(tactic| push $cfg:optConfig Not $[$loc]?)
```
warning: EulerBlowup/S3/Gap.lean:766:5: Variable name `hd0` is not explicitly referenced.

The binding can be removed (if unused) or named `_` (if used implicitly).

Note: This linter can be disabled with `set_option linter.unusedVariables false`
warning: EulerBlowup/S3/Gap.lean:980:80: Variable name `hd0` is not explicitly referenced.

The binding can be removed (if unused) or named `_` (if used implicitly).

Note: This linter can be disabled with `set_option linter.unusedVariables false`
warning: EulerBlowup/S3/Gap.lean:1007:40: Variable name `hδ0` is not explicitly referenced.

The binding can be removed (if unused) or named `_` (if used implicitly).

Note: This linter can be disabled with `set_option linter.unusedVariables false`
warning: EulerBlowup/S3/Gap.lean:1329:33: This simp argument is unused:
  Pi.add_apply

Hint: Omit it from the simp argument list.
  simp only [id, Pi.mul_apply, Pi.a̵d̵d̵_̵a̵p̵p̵l̵y̵,̵ ̵P̵i̵.̵sub_apply]

Note: This linter can be disabled with `set_option linter.unusedSimpArgs false`
warning: EulerBlowup/S3/Gap.lean:1329:47: This simp argument is unused:
  Pi.sub_apply

Hint: Omit it from the simp argument list.
  simp only [id, Pi.mul_apply, Pi.add_apply,̵ ̵P̵i̵.̵s̵u̵b̵_̵a̵p̵p̵l̵y̵]

Note: This linter can be disabled with `set_option linter.unusedSimpArgs false`
warning: EulerBlowup/S3/Gap.lean:1397:33: This simp argument is unused:
  neg_zero

Hint: Omit it from the simp argument list.
  simp only [hL0, hF0, mul_zero, n̵e̵g̵_̵z̵e̵r̵o̵,̵ ̵Real.exp_zero, mul_one, zero_add] at hN

Note: This linter can be disabled with `set_option linter.unusedSimpArgs false`
warning: EulerBlowup/S3/Gap.lean:1405:5: Variable name `hy0` is not explicitly referenced.

The binding can be removed (if unused) or named `_` (if used implicitly).

Note: This linter can be disabled with `set_option linter.unusedVariables false`
warning: EulerBlowup/S3/Gap.lean:2042:33: This simp argument is unused:
  Pi.add_apply

Hint: Omit it from the simp argument list.
  simp only [id, Pi.mul_apply, Pi.a̵d̵d̵_̵a̵p̵p̵l̵y̵,̵ ̵P̵i̵.̵sub_apply]

Note: This linter can be disabled with `set_option linter.unusedSimpArgs false`
warning: EulerBlowup/S3/Gap.lean:2042:47: This simp argument is unused:
  Pi.sub_apply

Hint: Omit it from the simp argument list.
  simp only [id, Pi.mul_apply, Pi.add_apply,̵ ̵P̵i̵.̵s̵u̵b̵_̵a̵p̵p̵l̵y̵]

Note: This linter can be disabled with `set_option linter.unusedSimpArgs false`
warning: EulerBlowup/S3/Gap.lean:2110:33: This simp argument is unused:
  neg_zero

Hint: Omit it from the simp argument list.
  simp only [hL0, hF0, mul_zero, n̵e̵g̵_̵z̵e̵r̵o̵,̵ ̵Real.exp_zero, mul_one, zero_add] at hN

Note: This linter can be disabled with `set_option linter.unusedSimpArgs false`
warning: EulerBlowup/S3/Gap.lean:2118:5: Variable name `hy0` is not explicitly referenced.

The binding can be removed (if unused) or named `_` (if used implicitly).

Note: This linter can be disabled with `set_option linter.unusedVariables false`
✔ [8687/9776] Built EulerBlowup.OverTiltProfile (116s)
✔ [8688/9776] Built EulerBlowup.Lit.CZ.CZCore.Cutoff (91s)
⚠ [8689/9776] Built EulerBlowup.Ring.S6r.TwoRunTrap (292s)
warning: EulerBlowup/Ring/S6r/TwoRunTrap.lean:221:84: Variable name `hε1` is not explicitly referenced.

The binding can be removed (if unused) or named `_` (if used implicitly).

Note: This linter can be disabled with `set_option linter.unusedVariables false`
warning: EulerBlowup/Ring/S6r/TwoRunTrap.lean:227:5: Variable name `htorque₁` is not explicitly referenced.

The binding can be removed (if unused) or named `_` (if used implicitly).

Note: This linter can be disabled with `set_option linter.unusedVariables false`
⚠ [8690/9776] Built EulerBlowup.Lit.CZ.CZCore.CotlarStein (92s)
warning: EulerBlowup/Lit/CZ/CZCore/CotlarStein.lean:55:0: automatically included section variable(s) unused in theorem `NS.Lit.CZ.prod_pairOp_cons`:
  [CStarRing A]
consider restructuring your `variable` declarations so that the variables are not in scope or explicitly omit them:
  omit [CStarRing A] in theorem ...

Note: This linter can be disabled with `set_option linter.unusedSectionVars false`
warning: EulerBlowup/Lit/CZ/CZCore/CotlarStein.lean:129:0: automatically included section variable(s) unused in theorem `NS.Lit.CZ.sum_mul_star_sum`:
  [CStarRing A]
consider restructuring your `variable` declarations so that the variables are not in scope or explicitly omit them:
  omit [CStarRing A] in theorem ...

Note: This linter can be disabled with `set_option linter.unusedSectionVars false`
warning: EulerBlowup/Lit/CZ/CZCore/CotlarStein.lean:190:2: `push_neg` has been deprecated. Prefer using `push Not` instead.
If you'd rather continue using `push_neg` in your project, you can implement it as follows:
```
open Lean.Parser.Tactic in
macro "push_neg" cfg:optConfig loc:(location)? : tactic =>
  `(tactic| push $cfg:optConfig Not $[$loc]?)
```
warning: EulerBlowup/Lit/CZ/CZCore/CotlarStein.lean:187:42: Variable name `hx` is not explicitly referenced.

The binding can be removed (if unused) or named `_` (if used implicitly).

Note: This linter can be disabled with `set_option linter.unusedVariables false`
⚠ [8691/9776] Built EulerBlowup.Lit.CZ.CZCore.ConvL2 (110s)
warning: EulerBlowup/Lit/CZ/CZCore/ConvL2.lean:28:42: Variable name `hK` is not explicitly referenced.

The binding can be removed (if unused) or named `_` (if used implicitly).

Note: This linter can be disabled with `set_option linter.unusedVariables false`
warning: EulerBlowup/Lit/CZ/CZCore/ConvL2.lean:443:6: `ContinuousLinearMap.add_apply` has been deprecated: Use `add_apply` instead

Note: The updated constant is in a different namespace. Dot notation may need to be changed (e.g., from `x.add_apply` to `add_apply x`).
warning: EulerBlowup/Lit/CZ/CZCore/ConvL2.lean:458:27: `MeasureTheory.integrable_finset_sum'` has been deprecated: Use `MeasureTheory.integrable_finsetSum'` instead
warning: EulerBlowup/Lit/CZ/CZCore/ConvL2.lean:464:8: `ContinuousLinearMap.zero_apply` has been deprecated: Use `zero_apply` instead

Note: The updated constant is in a different namespace. Dot notation may need to be changed (e.g., from `x.zero_apply` to `zero_apply x`).
warning: EulerBlowup/Lit/CZ/CZCore/ConvL2.lean:472:36: `MeasureTheory.integrable_finset_sum'` has been deprecated: Use `MeasureTheory.integrable_finsetSum'` instead
warning: EulerBlowup/Lit/CZ/CZCore/ConvL2.lean:473:60: `MeasureTheory.integrable_finset_sum'` has been deprecated: Use `MeasureTheory.integrable_finsetSum'` instead
⚠ [8692/9776] Built EulerBlowup.Lit.CZ.CZCore.Marcinkiewicz (103s)
warning: EulerBlowup/Lit/CZ/CZCore/Marcinkiewicz.lean:91:8: `push_neg` has been deprecated. Prefer using `push Not` instead.
If you'd rather continue using `push_neg` in your project, you can implement it as follows:
```
open Lean.Parser.Tactic in
macro "push_neg" cfg:optConfig loc:(location)? : tactic =>
  `(tactic| push $cfg:optConfig Not $[$loc]?)
```
warning: EulerBlowup/Lit/CZ/CZCore/Marcinkiewicz.lean:103:2: `push_neg` has been deprecated. Prefer using `push Not` instead.
If you'd rather continue using `push_neg` in your project, you can implement it as follows:
```
open Lean.Parser.Tactic in
macro "push_neg" cfg:optConfig loc:(location)? : tactic =>
  `(tactic| push $cfg:optConfig Not $[$loc]?)
```
warning: EulerBlowup/Lit/CZ/CZCore/Marcinkiewicz.lean:183:12: This simp argument is unused:
  Set.indicator_apply

Hint: Omit it from the simp argument list.
  simp [S̵e̵t̵.̵i̵n̵d̵i̵c̵a̵t̵o̵r̵_̵a̵p̵p̵l̵y̵,̵ ̵h, not_le.mpr h]

Note: This linter can be disabled with `set_option linter.unusedSimpArgs false`
warning: EulerBlowup/Lit/CZ/CZCore/Marcinkiewicz.lean:184:12: This simp argument is unused:
  Set.indicator_apply

Hint: Omit it from the simp argument list.
  simp [S̵e̵t̵.̵i̵n̵d̵i̵c̵a̵t̵o̵r̵_̵a̵p̵p̵l̵y̵,̵ ̵h, not_lt.mp h]

Note: This linter can be disabled with `set_option linter.unusedSimpArgs false`
warning: EulerBlowup/Lit/CZ/CZCore/Marcinkiewicz.lean:365:65: Variable name `hA₁` is not explicitly referenced.

The binding can be removed (if unused) or named `_` (if used implicitly).

Note: This linter can be disabled with `set_option linter.unusedVariables false`
warning: EulerBlowup/Lit/CZ/CZCore/Marcinkiewicz.lean:413:53: Variable name `hA₁` is not explicitly referenced.

The binding can be removed (if unused) or named `_` (if used implicitly).

Note: This linter can be disabled with `set_option linter.unusedVariables false`
warning: EulerBlowup/Lit/CZ/CZCore/Marcinkiewicz.lean:518:8: `mul_le_mul_left'` has been deprecated: Use `mul_le_mul_right` instead
warning: EulerBlowup/Lit/CZ/CZCore/Marcinkiewicz.lean:611:8: `mul_le_mul_left'` has been deprecated: Use `mul_le_mul_right` instead
⚠ [8693/9776] Built EulerBlowup.Lit.CZ.CZCore.Dyadic (142s)
warning: EulerBlowup/Lit/CZ/CZCore/Dyadic.lean:436:47: Variable name `hf` is not explicitly referenced.

The binding can be removed (if unused) or named `_` (if used implicitly).

Note: This linter can be disabled with `set_option linter.unusedVariables false`
warning: EulerBlowup/Lit/CZ/CZCore/Dyadic.lean:469:7: Variable name `x` is not explicitly referenced.

The binding can be removed (if unused) or named `_` (if used implicitly).

Note: This linter can be disabled with `set_option linter.unusedVariables false`
warning: EulerBlowup/Lit/CZ/CZCore/Dyadic.lean:549:67: Variable name `ht` is not explicitly referenced.

The binding can be removed (if unused) or named `_` (if used implicitly).

Note: This linter can be disabled with `set_option linter.unusedVariables false`
warning: EulerBlowup/Lit/CZ/CZCore/Dyadic.lean:622:71: Variable name `ht` is not explicitly referenced.

The binding can be removed (if unused) or named `_` (if used implicitly).

Note: This linter can be disabled with `set_option linter.unusedVariables false`
✔ [8694/9776] Built EulerBlowup.Num.Check (146s)
✔ [8695/9776] Built EulerBlowup.Num.ExprDeriv (165s)
⚠ [8696/9776] Built EulerBlowup.Lit.CZ.Bogovskii.Operator (232s)
warning: EulerBlowup/Lit/CZ/Bogovskii/Operator.lean:54:4: `push_neg` has been deprecated. Prefer using `push Not` instead.
If you'd rather continue using `push_neg` in your project, you can implement it as follows:
```
open Lean.Parser.Tactic in
macro "push_neg" cfg:optConfig loc:(location)? : tactic =>
  `(tactic| push $cfg:optConfig Not $[$loc]?)
```
warning: EulerBlowup/Lit/CZ/Bogovskii/Operator.lean:158:10: `push_neg` has been deprecated. Prefer using `push Not` instead.
If you'd rather continue using `push_neg` in your project, you can implement it as follows:
```
open Lean.Parser.Tactic in
macro "push_neg" cfg:optConfig loc:(location)? : tactic =>
  `(tactic| push $cfg:optConfig Not $[$loc]?)
```
warning: EulerBlowup/Lit/CZ/Bogovskii/Operator.lean:393:21: `ContinuousLinearMap.smul_apply` has been deprecated: Use `smul_apply` instead

Note: The updated constant is in a different namespace. Dot notation may need to be changed (e.g., from `x.smul_apply` to `smul_apply x`).
warning: EulerBlowup/Lit/CZ/Bogovskii/Operator.lean:575:15: `ContinuousLinearMap.add_apply` has been deprecated: Use `add_apply` instead

Note: The updated constant is in a different namespace. Dot notation may need to be changed (e.g., from `x.add_apply` to `add_apply x`).
warning: EulerBlowup/Lit/CZ/Bogovskii/Operator.lean:576:6: `ContinuousLinearMap.smul_apply` has been deprecated: Use `smul_apply` instead

Note: The updated constant is in a different namespace. Dot notation may need to be changed (e.g., from `x.smul_apply` to `smul_apply x`).
warning: EulerBlowup/Lit/CZ/Bogovskii/Operator.lean:574:18: This simp argument is unused:
  ContinuousLinearMap.smulRight_apply

Hint: Omit it from the simp argument list.
  simp [bogKer,̵ ̵C̵o̵n̵t̵i̵n̵u̵o̵u̵s̵L̵i̵n̵e̵a̵r̵M̵a̵p̵.̵s̵m̵u̵l̵R̵i̵g̵h̵t̵_̵a̵p̵p̵l̵y̵]

Note: This linter can be disabled with `set_option linter.unusedSimpArgs false`
warning: EulerBlowup/Lit/CZ/Bogovskii/Operator.lean:654:50: Variable name `hΩ` is not explicitly referenced.

The binding can be removed (if unused) or named `_` (if used implicitly).

Note: This linter can be disabled with `set_option linter.unusedVariables false`
warning: EulerBlowup/Lit/CZ/Bogovskii/Operator.lean:1411:50: `MeasureTheory.integral_finset_sum` has been deprecated: Use `MeasureTheory.integral_finsetSum` instead
warning: EulerBlowup/Lit/CZ/Bogovskii/Operator.lean:1410:15: This simp argument is unused:
  Function.comp

Hint: Omit it from the simp argument list.
  simp only [F̵u̵n̵c̵t̵i̵o̵n̵.̵c̵o̵m̵p̵,̵ ̵EuclideanSpace.coe_proj, bogKer, PiLp.smul_apply, smul_eq_mul]

Note: This linter can be disabled with `set_option linter.unusedSimpArgs false`
warning: EulerBlowup/Lit/CZ/Bogovskii/Operator.lean:1457:50: `MeasureTheory.integral_finset_sum` has been deprecated: Use `MeasureTheory.integral_finsetSum` instead
warning: EulerBlowup/Lit/CZ/Bogovskii/Operator.lean:1485:11: `MeasureTheory.integral_finset_sum` has been deprecated: Use `MeasureTheory.integral_finsetSum` instead
warning: EulerBlowup/Lit/CZ/Bogovskii/Operator.lean:1456:15: This simp argument is unused:
  Function.comp

Hint: Omit it from the simp argument list.
  simp only [F̵u̵n̵c̵t̵i̵o̵n̵.̵c̵o̵m̵p̵,̵ ̵EuclideanSpace.coe_proj, bogKer, PiLp.smul_apply, smul_eq_mul]

Note: This linter can be disabled with `set_option linter.unusedSimpArgs false`
✔ [8697/9776] Built EulerBlowup.Num.Telescoping (159s)
✔ [8698/9776] Built Cm24.Kernel (154s)
✔ [8699/9776] Built EulerBlowup.Ring.Statement (138s)
✔ [8700/9776] Built EulerBlowup.L.Family (120s)
⚠ [8701/9776] Built EulerBlowup.Ring3D.Merid (94s)
warning: EulerBlowup/Ring3D/Merid.lean:89:13: `ContinuousLinearMap.add_apply` has been deprecated: Use `add_apply` instead

Note: The updated constant is in a different namespace. Dot notation may need to be changed (e.g., from `x.add_apply` to `add_apply x`).
warning: EulerBlowup/Ring3D/Merid.lean:89:44: `ContinuousLinearMap.smul_apply` has been deprecated: Use `smul_apply` instead

Note: The updated constant is in a different namespace. Dot notation may need to be changed (e.g., from `x.smul_apply` to `smul_apply x`).
warning: EulerBlowup/Ring3D/Merid.lean:93:85: Variable name `hr₀` is not explicitly referenced.

The binding can be removed (if unused) or named `_` (if used implicitly).

Note: This linter can be disabled with `set_option linter.unusedVariables false`
warning: EulerBlowup/Ring3D/Merid.lean:119:11: This simp argument is unused:
  PiLp.single_apply

Hint: Omit it from the simp argument list.
  simp [e,̵ ̵P̵i̵L̵p̵.̵s̵i̵n̵g̵l̵e̵_̵a̵p̵p̵l̵y̵]

Note: This linter can be disabled with `set_option linter.unusedSimpArgs false`
warning: EulerBlowup/Ring3D/Merid.lean:158:13: `ContinuousLinearMap.add_apply` has been deprecated: Use `add_apply` instead

Note: The updated constant is in a different namespace. Dot notation may need to be changed (e.g., from `x.add_apply` to `add_apply x`).
warning: EulerBlowup/Ring3D/Merid.lean:158:44: `ContinuousLinearMap.smul_apply` has been deprecated: Use `smul_apply` instead

Note: The updated constant is in a different namespace. Dot notation may need to be changed (e.g., from `x.smul_apply` to `smul_apply x`).
warning: EulerBlowup/Ring3D/Merid.lean:178:84: Variable name `hr₀` is not explicitly referenced.

The binding can be removed (if unused) or named `_` (if used implicitly).

Note: This linter can be disabled with `set_option linter.unusedVariables false`
warning: EulerBlowup/Ring3D/Merid.lean:200:11: This simp argument is unused:
  PiLp.single_apply

Hint: Omit it from the simp argument list.
  simp [e,̵ ̵P̵i̵L̵p̵.̵s̵i̵n̵g̵l̵e̵_̵a̵p̵p̵l̵y̵]

Note: This linter can be disabled with `set_option linter.unusedSimpArgs false`
⚠ [8702/9776] Built EulerBlowup.S1.Pinned (146s)
warning: EulerBlowup/S1/Pinned.lean:20:48: `EuclideanSpace.single_apply` has been deprecated: Use `PiLp.single_apply` instead

Note: The updated constant has a different type:
  ∀ (p : ENNReal) (𝕜 : Type u_1) {ι : Type u_2} [inst : DecidableEq ι] [inst_1 : Zero 𝕜] (i : ι) (a : 𝕜) (j : ι),
    (PiLp.single p i a).ofLp j = if j = i then a else 0
instead of
  ∀ {ι : Type u_1} {𝕜 : Type u_3} [inst : RCLike 𝕜] [inst_1 : DecidableEq ι] (i : ι) (a : 𝕜) (j : ι),
    (EuclideanSpace.single i a).ofLp j = if j = i then a else 0

Note: The updated constant is in a different namespace. Dot notation may need to be changed (e.g., from `x.single_apply` to `PiLp.single_apply x`).
warning: EulerBlowup/S1/Pinned.lean:20:48: `EuclideanSpace.single_apply` has been deprecated: Use `PiLp.single_apply` instead

Note: The updated constant has a different type:
  ∀ (p : ENNReal) (𝕜 : Type u_1) {ι : Type u_2} [inst : DecidableEq ι] [inst_1 : Zero 𝕜] (i : ι) (a : 𝕜) (j : ι),
    (PiLp.single p i a).ofLp j = if j = i then a else 0
instead of
  ∀ {ι : Type u_1} {𝕜 : Type u_3} [inst : RCLike 𝕜] [inst_1 : DecidableEq ι] (i : ι) (a : 𝕜) (j : ι),
    (EuclideanSpace.single i a).ofLp j = if j = i then a else 0

Note: The updated constant is in a different namespace. Dot notation may need to be changed (e.g., from `x.single_apply` to `PiLp.single_apply x`).
warning: EulerBlowup/S1/Pinned.lean:20:48: This simp argument is unused:
  EuclideanSpace.single_apply

Hint: Omit it from the simp argument list.
  simp [Jrot, rotJ, e,̵ ̵E̵u̵c̵l̵i̵d̵e̵a̵n̵S̵p̵a̵c̵e̵.̵s̵i̵n̵g̵l̵e̵_̵a̵p̵p̵l̵y̵]

Note: This linter can be disabled with `set_option linter.unusedSimpArgs false`
warning: EulerBlowup/S1/Pinned.lean:114:45: Variable name `hξ` is not explicitly referenced.

The binding can be removed (if unused) or named `_` (if used implicitly).

Note: This linter can be disabled with `set_option linter.unusedVariables false`
warning: EulerBlowup/S1/Pinned.lean:240:5: Variable name `htr` is not explicitly referenced.

The binding can be removed (if unused) or named `_` (if used implicitly).

Note: This linter can be disabled with `set_option linter.unusedVariables false`
warning: EulerBlowup/S1/Pinned.lean:354:70: Variable name `hab` is not explicitly referenced.

The binding can be removed (if unused) or named `_` (if used implicitly).

Note: This linter can be disabled with `set_option linter.unusedVariables false`
warning: EulerBlowup/S1/Pinned.lean:492:82: This simp argument is unused:
  Matrix.mulVec

Hint: Omit it from the simp argument list.
  simp [bgMatrix, Jmat, rotJ, e1r, e2r, childXi, linVel, Matrix.toEuclideanLin, M̵a̵d̲o̲tP̲ri̵x̵.̵m̵o̲d̲ul̵V̵e̵ct̲,
       ̵ ̵d̵o̵t̵P̵r̵o̵d̵u̵c̵t̵,̵ ̵Matrix.vecMulVec, Fin.sum_univ_two, Matrix.transpose_apply, Matrix.vecHead,
  ̵  ̵ ̵ ̵ ̵ ̵Matrix.vecTail]

Note: This linter can be disabled with `set_option linter.unusedSimpArgs false`
warning: EulerBlowup/S1/Pinned.lean:493:6: This simp argument is unused:
  dotProduct

Hint: Omit it from the simp argument list.
  simp [bgMatrix, Jmat, rotJ, e1r, e2r, childXi, linVel, Matrix.toEuclideanLin, Matrix.mulVec,
       ̵ ̵d̵o̵t̵P̵r̵o̵d̵u̵c̵t̵,̵ ̵Matrix.vecMulVec, Fin.sum_univ_two, Matrix.transpose_apply, Matrix.vecHead,
  ̵  ̵ ̵ ̵ ̵ ̵Matrix.vecTail]

Note: This linter can be disabled with `set_option linter.unusedSimpArgs false`
warning: EulerBlowup/S1/Pinned.lean:493:36: This simp argument is unused:
  Fin.sum_univ_two

Hint: Omit it from the simp argument list.
  simp [bgMatrix, Jmat, rotJ, e1r, e2r, childXi, linVel, Matrix.toEuclideanLin, Matrix.mulVec,
       ̵ ̵dotProduct, Matrix.vecMulVec, F̵i̵n̵.̵s̵u̵m̵_̵u̵n̵i̵v̵_̵t̵w̵o̵,̵ ̵Matrix.transpose_apply, Matrix.vecHead,
  ̵  ̵ ̵ ̵ ̵ ̵Matrix.vecTail]

Note: This linter can be disabled with `set_option linter.unusedSimpArgs false`
warning: EulerBlowup/S1/Pinned.lean:498:82: This simp argument is unused:
  Matrix.mulVec

Hint: Omit it from the simp argument list.
  simp [bgMatrix, Jmat, rotJ, e1r, e2r, childXi, linVel, Matrix.toEuclideanLin, M̵a̵d̲o̲tP̲ri̵x̵.̵m̵o̲d̲ul̵V̵e̵ct̲,
       ̵ ̵d̵o̵t̵P̵r̵o̵d̵u̵c̵t̵,̵ ̵Matrix.vecMulVec, Fin.sum_univ_two, Matrix.transpose_apply, Matrix.vecHead,
  ̵  ̵ ̵ ̵ ̵ ̵Matrix.vecTail]

Note: This linter can be disabled with `set_option linter.unusedSimpArgs false`
warning: EulerBlowup/S1/Pinned.lean:499:6: This simp argument is unused:
  dotProduct

Hint: Omit it from the simp argument list.
  simp [bgMatrix, Jmat, rotJ, e1r, e2r, childXi, linVel, Matrix.toEuclideanLin, Matrix.mulVec,
       ̵ ̵d̵o̵t̵P̵r̵o̵d̵u̵c̵t̵,̵ ̵Matrix.vecMulVec, Fin.sum_univ_two, Matrix.transpose_apply, Matrix.vecHead,
  ̵  ̵ ̵ ̵ ̵ ̵Matrix.vecTail]

Note: This linter can be disabled with `set_option linter.unusedSimpArgs false`
warning: EulerBlowup/S1/Pinned.lean:499:36: This simp argument is unused:
  Fin.sum_univ_two

Hint: Omit it from the simp argument list.
  simp [bgMatrix, Jmat, rotJ, e1r, e2r, childXi, linVel, Matrix.toEuclideanLin, Matrix.mulVec,
       ̵ ̵dotProduct, Matrix.vecMulVec, F̵i̵n̵.̵s̵u̵m̵_̵u̵n̵i̵v̵_̵t̵w̵o̵,̵ ̵Matrix.transpose_apply, Matrix.vecHead,
  ̵  ̵ ̵ ̵ ̵ ̵Matrix.vecTail]

Note: This linter can be disabled with `set_option linter.unusedSimpArgs false`
warning: EulerBlowup/S1/Pinned.lean:497:8: this tactic is never executed

Note: This linter can be disabled with `set_option linter.unreachableTactic false`
warning: EulerBlowup/S1/Pinned.lean:503:8: this tactic is never executed

Note: This linter can be disabled with `set_option linter.unreachableTactic false`
warning: EulerBlowup/S1/Pinned.lean:497:8: 'linear_combination (-(Ωo * (-Real.sin ψ) * k)) * hsc' tactic does nothing

Note: This linter can be disabled with `set_option linter.unusedTactic false`
warning: EulerBlowup/S1/Pinned.lean:503:8: 'linear_combination (-(Ωo * Real.cos ψ * k)) * hsc' tactic does nothing

Note: This linter can be disabled with `set_option linter.unusedTactic false`
warning: EulerBlowup/S1/Pinned.lean:514:8: this tactic is never executed

Note: This linter can be disabled with `set_option linter.unreachableTactic false`
warning: EulerBlowup/S1/Pinned.lean:515:8: this tactic is never executed

Note: This linter can be disabled with `set_option linter.unreachableTactic false`
warning: EulerBlowup/S1/Pinned.lean:518:8: this tactic is never executed

Note: This linter can be disabled with `set_option linter.unreachableTactic false`
warning: EulerBlowup/S1/Pinned.lean:519:8: this tactic is never executed

Note: This linter can be disabled with `set_option linter.unreachableTactic false`
warning: EulerBlowup/S1/Pinned.lean:514:8: 'linear_combination (-Real.cos ψ) * h0 + (-Real.sin ψ) * h1 + (-(a - a')) * hsc' tactic does nothing

Note: This linter can be disabled with `set_option linter.unusedTactic false`
warning: EulerBlowup/S1/Pinned.lean:515:8: 'nlinarith [h0, h1, hsc, sq_nonneg (Real.sin ψ), sq_nonneg (Real.cos ψ)]' tactic does nothing

Note: This linter can be disabled with `set_option linter.unusedTactic false`
warning: EulerBlowup/S1/Pinned.lean:518:8: 'linear_combination (Real.sin ψ) * h0 + (-Real.cos ψ) * h1 + (-(b - b')) * hsc' tactic does nothing

Note: This linter can be disabled with `set_option linter.unusedTactic false`
warning: EulerBlowup/S1/Pinned.lean:519:8: 'nlinarith [h0, h1, hsc, sq_nonneg (Real.sin ψ), sq_nonneg (Real.cos ψ)]' tactic does nothing

Note: This linter can be disabled with `set_option linter.unusedTactic false`
warning: EulerBlowup/S1/Pinned.lean:621:42: This simp argument is unused:
  Matrix.vecHead

Hint: Omit it from the simp argument list.
  simp [Jmat, Matrix.mul_apply, Fin.sum_univ_two, Matrix.trace, Matrix.diag, Matrix.vecMul,
        dotProduct, Matrix.transpose_apply, Matrix.vecH̵e̵a̵d̵,̵ ̵M̵a̵t̵r̵i̵x̵.̵v̵e̵c̵Tail]

Note: This linter can be disabled with `set_option linter.unusedSimpArgs false`
warning: EulerBlowup/S1/Pinned.lean:621:58: This simp argument is unused:
  Matrix.vecTail

Hint: Omit it from the simp argument list.
  simp [Jmat, Matrix.mul_apply, Fin.sum_univ_two, Matrix.trace, Matrix.diag, Matrix.vecMul,
        dotProduct, Matrix.transpose_apply, Matrix.vecHead,̵ ̵M̵a̵t̵r̵i̵x̵.̵v̵e̵c̵T̵a̵i̵l̵]

Note: This linter can be disabled with `set_option linter.unusedSimpArgs false`
warning: EulerBlowup/S1/Pinned.lean:648:6: this tactic is never executed

Note: This linter can be disabled with `set_option linter.unreachableTactic false`
warning: EulerBlowup/S1/Pinned.lean:648:6: 'linear_combination (-(ξ t 0 * G t 1 - ξ t 1 * G t 0)) * htr'' tactic does nothing

Note: This linter can be disabled with `set_option linter.unusedTactic false`
warning: EulerBlowup/S1/Pinned.lean:667:45: This simp argument is unused:
  e2r

Hint: Omit it from the simp argument list.
  simp [e1r,̵ ̵e̵2̵r̵]

Note: This linter can be disabled with `set_option linter.unusedSimpArgs false`
warning: EulerBlowup/S1/Pinned.lean:670:75: This simp argument is unused:
  Matrix.mulVec

Hint: Omit it from the simp argument list.
  simp [bgMatrix, Jmat, rotJ, e1r, e2r, linVel, Matrix.toEuclideanLin, M̵a̵d̲o̲tP̲ri̵x̵.̵m̵o̲d̲ul̵V̵e̵ct̲,
          d̵o̵t̵P̵r̵o̵d̵u̵c̵t̵,̵ ̵Matrix.vecMulVec, Fin.sum_univ_two, Matrix.transpose_apply, Matrix.vecHead,
  ̵  ̵ ̵ ̵ ̵ ̵ ̵ ̵Matrix.vecTail]

Note: This linter can be disabled with `set_option linter.unusedSimpArgs false`
warning: EulerBlowup/S1/Pinned.lean:671:8: This simp argument is unused:
  dotProduct

Hint: Omit it from the simp argument list.
  simp [bgMatrix, Jmat, rotJ, e1r, e2r, linVel, Matrix.toEuclideanLin, Matrix.mulVec,
          d̵o̵t̵P̵r̵o̵d̵u̵c̵t̵,̵ ̵Matrix.vecMulVec, Fin.sum_univ_two, Matrix.transpose_apply, Matrix.vecHead,
  ̵  ̵ ̵ ̵ ̵ ̵ ̵ ̵Matrix.vecTail]

Note: This linter can be disabled with `set_option linter.unusedSimpArgs false`
warning: EulerBlowup/S1/Pinned.lean:671:38: This simp argument is unused:
  Fin.sum_univ_two

Hint: Omit it from the simp argument list.
  simp [bgMatrix, Jmat, rotJ, e1r, e2r, linVel, Matrix.toEuclideanLin, Matrix.mulVec,
          dotProduct, Matrix.vecMulVec, F̵i̵n̵.̵s̵u̵m̵_̵u̵n̵i̵v̵_̵t̵w̵o̵,̵ ̵Matrix.transpose_apply, Matrix.vecHead,
  ̵  ̵ ̵ ̵ ̵ ̵ ̵ ̵Matrix.vecTail]

Note: This linter can be disabled with `set_option linter.unusedSimpArgs false`
warning: EulerBlowup/S1/Pinned.lean:718:66: Variable name `hε0` is not explicitly referenced.

The binding can be removed (if unused) or named `_` (if used implicitly).

Note: This linter can be disabled with `set_option linter.unusedVariables false`
warning: EulerBlowup/S1/Pinned.lean:960:53: Variable name `hlt` is not explicitly referenced.

The binding can be removed (if unused) or named `_` (if used implicitly).

Note: This linter can be disabled with `set_option linter.unusedVariables false`
⚠ [8703/9776] Built EulerBlowup.Kit.ParamConvolution (123s)
warning: EulerBlowup/Kit/ParamConvolution.lean:101:25: This simp argument is unused:
  Pi.sub_apply

Hint: Omit it from the simp argument list.
  simp only [smul_sub,̵ ̵P̵i̵.̵s̵u̵b̵_̵a̵p̵p̵l̵y̵]

Note: This linter can be disabled with `set_option linter.unusedSimpArgs false`
⚠ [8704/9776] Built EulerBlowup.S0.Lemma02 (156s)
warning: EulerBlowup/S0/Lemma02.lean:169:65: Variable name `hR` is not explicitly referenced.

The binding can be removed (if unused) or named `_` (if used implicitly).

Note: This linter can be disabled with `set_option linter.unusedVariables false`
warning: EulerBlowup/S0/Lemma02.lean:230:24: `ContinuousLinearMap.zero_apply` has been deprecated: Use `zero_apply` instead

Note: The updated constant is in a different namespace. Dot notation may need to be changed (e.g., from `x.zero_apply` to `zero_apply x`).
warning: EulerBlowup/S0/Lemma02.lean:396:37: `ContinuousLinearMap.zero_apply` has been deprecated: Use `zero_apply` instead

Note: The updated constant is in a different namespace. Dot notation may need to be changed (e.g., from `x.zero_apply` to `zero_apply x`).
warning: EulerBlowup/S0/Lemma02.lean:518:15: `ContinuousLinearMap.add_apply` has been deprecated: Use `add_apply` instead

Note: The updated constant is in a different namespace. Dot notation may need to be changed (e.g., from `x.add_apply` to `add_apply x`).
warning: EulerBlowup/S0/Lemma02.lean:518:46: `ContinuousLinearMap.coe_smul'` has been deprecated: Use `FunLike.coe_smul` instead

Note: The updated constant is in a different namespace. Dot notation may need to be changed (e.g., from `x.coe_smul'` to `FunLike.coe_smul x`).
warning: EulerBlowup/S0/Lemma02.lean:746:8: `mul_le_mul_left'` has been deprecated: Use `mul_le_mul_right` instead
warning: EulerBlowup/S0/Lemma02.lean:770:8: `mul_le_mul_left'` has been deprecated: Use `mul_le_mul_right` instead
warning: EulerBlowup/S0/Lemma02.lean:791:53: `mul_le_mul_left'` has been deprecated: Use `mul_le_mul_right` instead
warning: EulerBlowup/S0/Lemma02.lean:857:15: `mul_le_mul_left'` has been deprecated: Use `mul_le_mul_right` instead
warning: EulerBlowup/S0/Lemma02.lean:857:53: `mul_le_mul_left'` has been deprecated: Use `mul_le_mul_right` instead
warning: EulerBlowup/S0/Lemma02.lean:924:13: `ContinuousLinearMap.add_apply` has been deprecated: Use `add_apply` instead

Note: The updated constant is in a different namespace. Dot notation may need to be changed (e.g., from `x.add_apply` to `add_apply x`).
warning: EulerBlowup/S0/Lemma02.lean:924:44: `ContinuousLinearMap.coe_smul'` has been deprecated: Use `FunLike.coe_smul` instead

Note: The updated constant is in a different namespace. Dot notation may need to be changed (e.g., from `x.coe_smul'` to `FunLike.coe_smul x`).
warning: EulerBlowup/S0/Lemma02.lean:1181:15: `mul_le_mul_left'` has been deprecated: Use `mul_le_mul_right` instead
warning: EulerBlowup/S0/Lemma02.lean:1181:53: `mul_le_mul_left'` has been deprecated: Use `mul_le_mul_right` instead
warning: EulerBlowup/S0/Lemma02.lean:1184:15: `mul_le_mul_right'` has been deprecated: Use `mul_le_mul_left` instead
warning: EulerBlowup/S0/Lemma02.lean:1286:20: `mul_le_mul_left'` has been deprecated: Use `mul_le_mul_right` instead
warning: EulerBlowup/S0/Lemma02.lean:1378:40: Used `tac1 <;> tac2` where `(tac1; tac2)` would suffice

Note: This linter can be disabled with `set_option linter.unnecessarySeqFocus false`
info: EulerBlowup/S0/Lemma02.lean:1826:4: Try this:
  [apply] ring_nf
  
  The `ring` tactic failed to close the goal. Use `ring_nf` to obtain a normal form.
    
  Note that `ring` works primarily in *commutative* rings. If you have a noncommutative ring, abelian group or module, consider using `noncomm_ring`, `abel` or `module` instead.
warning: EulerBlowup/S0/Lemma02.lean:1823:15: This simp argument is unused:
  hρ

Hint: Omit it from the simp argument list.
  simp only [h̵ρ̵,̵ ̵reflOdd, reflOddVec, epd, edt, eψ]

Note: This linter can be disabled with `set_option linter.unusedSimpArgs false`
warning: EulerBlowup/S0/Lemma02.lean:1901:13: `ContinuousLinearMap.coe_comp'` has been deprecated: Use `ContinuousLinearMap.coe_comp` instead
warning: EulerBlowup/S0/Lemma02.lean:1901:65: `ContinuousLinearMap.neg_apply` has been deprecated: Use `neg_apply` instead

Note: The updated constant is in a different namespace. Dot notation may need to be changed (e.g., from `x.neg_apply` to `neg_apply x`).
⚠ [8705/9776] Built EulerBlowup.Lit.PolarLaplace (262s)
warning: EulerBlowup/Lit/PolarLaplace.lean:16:25: `EuclideanSpace.single_apply` has been deprecated: Use `PiLp.single_apply` instead

Note: The updated constant has a different type:
  ∀ (p : ℝ≥0∞) (𝕜 : Type u_1) {ι : Type u_2} [inst : DecidableEq ι] [inst_1 : Zero 𝕜] (i : ι) (a : 𝕜) (j : ι),
    (PiLp.single p i a).ofLp j = if j = i then a else 0
instead of
  ∀ {ι : Type u_1} {𝕜 : Type u_3} [inst : RCLike 𝕜] [inst_1 : DecidableEq ι] (i : ι) (a : 𝕜) (j : ι),
    (EuclideanSpace.single i a).ofLp j = if j = i then a else 0

Note: The updated constant is in a different namespace. Dot notation may need to be changed (e.g., from `x.single_apply` to `PiLp.single_apply x`).
warning: EulerBlowup/Lit/PolarLaplace.lean:16:25: This simp argument is unused:
  EuclideanSpace.single_apply

Hint: Omit it from the simp argument list.
  simp [dir, dirPerp, e,̵ ̵E̵u̵c̵l̵i̵d̵e̵a̵n̵S̵p̵a̵c̵e̵.̵s̵i̵n̵g̵l̵e̵_̵a̵p̵p̵l̵y̵]

Note: This linter can be disabled with `set_option linter.unusedSimpArgs false`
warning: EulerBlowup/Lit/PolarLaplace.lean:166:13: `ContinuousLinearMap.neg_apply` has been deprecated: Use `neg_apply` instead

Note: The updated constant is in a different namespace. Dot notation may need to be changed (e.g., from `x.neg_apply` to `neg_apply x`).
warning: EulerBlowup/Lit/PolarLaplace.lean:165:82: This simp argument is unused:
  Matrix.head_cons

Hint: Omit it from the simp argument list.
  simp only [iteratedFDeriv_two_apply, Matrix.cons_val_zero, Matrix.cons_val_one, M̵a̵t̵r̵i̵x̵.̵h̵e̵a̵d̵_̵c̵o̵n̵s̵,̵
  ̵ ̵ ̵ ̵ ̵map_neg,
  ̲  ̲ ̲ ̲ContinuousLinearMap.neg_apply, map_zero, add_zero, neg_neg]

Note: This linter can be disabled with `set_option linter.unusedSimpArgs false`
warning: EulerBlowup/Lit/PolarLaplace.lean:193:23: `ContinuousLinearMap.neg_apply` has been deprecated: Use `neg_apply` instead

Note: The updated constant is in a different namespace. Dot notation may need to be changed (e.g., from `x.neg_apply` to `neg_apply x`).
warning: EulerBlowup/Lit/PolarLaplace.lean:193:54: `ContinuousLinearMap.smul_apply` has been deprecated: Use `smul_apply` instead

Note: The updated constant is in a different namespace. Dot notation may need to be changed (e.g., from `x.smul_apply` to `smul_apply x`).
warning: EulerBlowup/Lit/PolarLaplace.lean:192:82: This simp argument is unused:
  Matrix.head_cons

Hint: Omit it from the simp argument list.
  simp only [iteratedFDeriv_two_apply, Matrix.cons_val_zero, Matrix.cons_val_one, M̵a̵t̵r̵i̵x̵.̵h̵e̵a̵d̵_̵c̵o̵n̵s̵,̵
  ̵ ̵ ̵ ̵ ̵map_neg, map_smul,
  ̲  ̲ ̲ ̲ContinuousLinearMap.neg_apply, ContinuousLinearMap.smul_apply, smul_eq_mul]

Note: This linter can be disabled with `set_option linter.unusedSimpArgs false`
warning: EulerBlowup/Lit/PolarLaplace.lean:346:40: `ContinuousLinearMap.zero_apply` has been deprecated: Use `zero_apply` instead

Note: The updated constant is in a different namespace. Dot notation may need to be changed (e.g., from `x.zero_apply` to `zero_apply x`).
warning: EulerBlowup/Lit/PolarLaplace.lean:348:42: `ContinuousMultilinearMap.zero_apply` has been deprecated: Use `zero_apply` instead

Note: The updated constant is in a different namespace. Dot notation may need to be changed (e.g., from `x.zero_apply` to `zero_apply x`).
warning: EulerBlowup/Lit/PolarLaplace.lean:372:66: Variable name `hψc` is not explicitly referenced.

The binding can be removed (if unused) or named `_` (if used implicitly).

Note: This linter can be disabled with `set_option linter.unusedVariables false`
warning: EulerBlowup/Lit/PolarLaplace.lean:506:4: `push_neg` has been deprecated. Prefer using `push Not` instead.
If you'd rather continue using `push_neg` in your project, you can implement it as follows:
```
open Lean.Parser.Tactic in
macro "push_neg" cfg:optConfig loc:(location)? : tactic =>
  `(tactic| push $cfg:optConfig Not $[$loc]?)
```
warning: EulerBlowup/Lit/PolarLaplace.lean:564:15: `MeasureTheory.IntegrableOn.of_forall_diff_eq_zero` has been deprecated: Use `MeasureTheory.IntegrableOn.of_forall_sdiff_eq_zero` instead
warning: EulerBlowup/Lit/PolarLaplace.lean:567:6: `push_neg` has been deprecated. Prefer using `push Not` instead.
If you'd rather continue using `push_neg` in your project, you can implement it as follows:
```
open Lean.Parser.Tactic in
macro "push_neg" cfg:optConfig loc:(location)? : tactic =>
  `(tactic| push $cfg:optConfig Not $[$loc]?)
```
warning: EulerBlowup/Lit/PolarLaplace.lean:638:14: `MeasureTheory.IntegrableOn.of_forall_diff_eq_zero` has been deprecated: Use `MeasureTheory.IntegrableOn.of_forall_sdiff_eq_zero` instead
warning: EulerBlowup/Lit/PolarLaplace.lean:641:6: `push_neg` has been deprecated. Prefer using `push Not` instead.
If you'd rather continue using `push_neg` in your project, you can implement it as follows:
```
open Lean.Parser.Tactic in
macro "push_neg" cfg:optConfig loc:(location)? : tactic =>
  `(tactic| push $cfg:optConfig Not $[$loc]?)
```
✔ [8706/9776] Built EulerBlowup.Lit.HarmonicInterior (239s)
⚠ [8707/9776] Built EulerBlowup.S7.Uniqueness (351s)
warning: EulerBlowup/S7/Uniqueness.lean:53:16: `ofReal_norm_eq_enorm` has been deprecated: Use `ofReal_norm` instead
warning: EulerBlowup/S7/Uniqueness.lean:286:15: `ContinuousLinearMap.add_apply` has been deprecated: Use `add_apply` instead

Note: The updated constant is in a different namespace. Dot notation may need to be changed (e.g., from `x.add_apply` to `add_apply x`).
warning: EulerBlowup/S7/Uniqueness.lean:286:46: `ContinuousLinearMap.coe_smul'` has been deprecated: Use `FunLike.coe_smul` instead

Note: The updated constant is in a different namespace. Dot notation may need to be changed (e.g., from `x.coe_smul'` to `FunLike.coe_smul x`).
warning: EulerBlowup/S7/Uniqueness.lean:405:13: `MeasureTheory.Integrable.bdd_mul'` has been deprecated: Use `MeasureTheory.Integrable.bdd_mul` instead
warning: EulerBlowup/S7/Uniqueness.lean:424:17: `MeasureTheory.Integrable.bdd_mul'` has been deprecated: Use `MeasureTheory.Integrable.bdd_mul` instead
warning: EulerBlowup/S7/Uniqueness.lean:437:17: `ContinuousLinearMap.add_apply` has been deprecated: Use `add_apply` instead

Note: The updated constant is in a different namespace. Dot notation may need to be changed (e.g., from `x.add_apply` to `add_apply x`).
warning: EulerBlowup/S7/Uniqueness.lean:437:48: `ContinuousLinearMap.coe_smul'` has been deprecated: Use `FunLike.coe_smul` instead

Note: The updated constant is in a different namespace. Dot notation may need to be changed (e.g., from `x.coe_smul'` to `FunLike.coe_smul x`).
warning: EulerBlowup/S7/Uniqueness.lean:267:31: This simp argument is unused:
  NNReal.coe_mk

Hint: Omit it from the simp argument list.
  simp only [NNReal.coe_mul,̵ ̵N̵N̵R̵e̵a̵l̵.̵c̵o̵e̵_̵m̵k̵]

Note: This linter can be disabled with `set_option linter.unusedSimpArgs false`
warning: EulerBlowup/S7/Uniqueness.lean:666:4: `push_neg` has been deprecated. Prefer using `push Not` instead.
If you'd rather continue using `push_neg` in your project, you can implement it as follows:
```
open Lean.Parser.Tactic in
macro "push_neg" cfg:optConfig loc:(location)? : tactic =>
  `(tactic| push $cfg:optConfig Not $[$loc]?)
```
warning: EulerBlowup/S7/Uniqueness.lean:725:11: `MeasureTheory.Integrable.bdd_mul'` has been deprecated: Use `MeasureTheory.Integrable.bdd_mul` instead
warning: EulerBlowup/S7/Uniqueness.lean:772:47: Variable name `hab` is not explicitly referenced.

The binding can be removed (if unused) or named `_` (if used implicitly).

Note: This linter can be disabled with `set_option linter.unusedVariables false`
warning: EulerBlowup/S7/Uniqueness.lean:823:10: `mul_le_mul_left'` has been deprecated: Use `mul_le_mul_right` instead
warning: EulerBlowup/S7/Uniqueness.lean:1704:5: Variable name `hdiv₁` is not explicitly referenced.

The binding can be removed (if unused) or named `_` (if used implicitly).

Note: This linter can be disabled with `set_option linter.unusedVariables false`
warning: EulerBlowup/S7/Uniqueness.lean:1975:36: Variable name `hT` is not explicitly referenced.

The binding can be removed (if unused) or named `_` (if used implicitly).

Note: This linter can be disabled with `set_option linter.unusedVariables false`
warning: EulerBlowup/S7/Uniqueness.lean:1975:49: Variable name `hB` is not explicitly referenced.

The binding can be removed (if unused) or named `_` (if used implicitly).

Note: This linter can be disabled with `set_option linter.unusedVariables false`
warning: EulerBlowup/S7/Uniqueness.lean:2197:5: Variable name `hfu2` is not explicitly referenced.

The binding can be removed (if unused) or named `_` (if used implicitly).

Note: This linter can be disabled with `set_option linter.unusedVariables false`
warning: EulerBlowup/S7/Uniqueness.lean:2483:5: Variable name `hfθ` is not explicitly referenced.

The binding can be removed (if unused) or named `_` (if used implicitly).

Note: This linter can be disabled with `set_option linter.unusedVariables false`
⚠ [8708/9776] Built EulerBlowup.Lit.SobolevEmbedding (266s)
warning: EulerBlowup/Lit/SobolevEmbedding.lean:505:8: `mul_le_mul_left'` has been deprecated: Use `mul_le_mul_right` instead
warning: EulerBlowup/Lit/SobolevEmbedding.lean:519:8: `mul_le_mul_left'` has been deprecated: Use `mul_le_mul_right` instead
✔ [8709/9776] Built EulerBlowup.Num.ExprDerivS (196s)
⚠ [8710/9776] Built EulerBlowup.S2.Prufer (252s)
warning: EulerBlowup/S2/Prufer.lean:623:5: Variable name `hD` is not explicitly referenced.

The binding can be removed (if unused) or named `_` (if used implicitly).

Note: This linter can be disabled with `set_option linter.unusedVariables false`
warning: EulerBlowup/S2/Prufer.lean:701:19: Variable name `hD` is not explicitly referenced.

The binding can be removed (if unused) or named `_` (if used implicitly).

Note: This linter can be disabled with `set_option linter.unusedVariables false`
warning: EulerBlowup/S2/Prufer.lean:701:32: Variable name `hy` is not explicitly referenced.

The binding can be removed (if unused) or named `_` (if used implicitly).

Note: This linter can be disabled with `set_option linter.unusedVariables false`
warning: EulerBlowup/S2/Prufer.lean:742:48: Variable name `hV` is not explicitly referenced.

The binding can be removed (if unused) or named `_` (if used implicitly).

Note: This linter can be disabled with `set_option linter.unusedVariables false`
⚠ [8711/9776] Built EulerBlowup.Lit.CZ.CZCore.WeakType (235s)
warning: EulerBlowup/Lit/CZ/CZCore/WeakType.lean:97:13: `MeasureTheory.eLpNorm_eq_lintegral_rpow_enorm` has been deprecated: Use `MeasureTheory.eLpNorm_eq_lintegral_rpow_enorm_toReal` instead
warning: EulerBlowup/Lit/CZ/CZCore/WeakType.lean:160:10: `ofReal_norm_eq_enorm` has been deprecated: Use `ofReal_norm` instead
warning: EulerBlowup/Lit/CZ/CZCore/WeakType.lean:165:6: `ofReal_norm_eq_enorm` has been deprecated: Use `ofReal_norm` instead
warning: EulerBlowup/Lit/CZ/CZCore/WeakType.lean:167:13: `MeasureTheory.eLpNorm_eq_lintegral_rpow_enorm` has been deprecated: Use `MeasureTheory.eLpNorm_eq_lintegral_rpow_enorm_toReal` instead
warning: EulerBlowup/Lit/CZ/CZCore/WeakType.lean:174:6: `MeasureTheory.eLpNorm_eq_lintegral_rpow_enorm` has been deprecated: Use `MeasureTheory.eLpNorm_eq_lintegral_rpow_enorm_toReal` instead
warning: EulerBlowup/Lit/CZ/CZCore/WeakType.lean:217:6: `MeasureTheory.eLpNorm_eq_lintegral_rpow_enorm` has been deprecated: Use `MeasureTheory.eLpNorm_eq_lintegral_rpow_enorm_toReal` instead
warning: EulerBlowup/Lit/CZ/CZCore/WeakType.lean:218:4: `MeasureTheory.eLpNorm_eq_lintegral_rpow_enorm` has been deprecated: Use `MeasureTheory.eLpNorm_eq_lintegral_rpow_enorm_toReal` instead
warning: EulerBlowup/Lit/CZ/CZCore/WeakType.lean:248:59: `ofReal_norm_eq_enorm` has been deprecated: Use `ofReal_norm` instead
warning: EulerBlowup/Lit/CZ/CZCore/WeakType.lean:328:14: `ofReal_norm_eq_enorm` has been deprecated: Use `ofReal_norm` instead
warning: EulerBlowup/Lit/CZ/CZCore/WeakType.lean:317:27: Variable name `hB` is not explicitly referenced.

The binding can be removed (if unused) or named `_` (if used implicitly).

Note: This linter can be disabled with `set_option linter.unusedVariables false`
warning: EulerBlowup/Lit/CZ/CZCore/WeakType.lean:485:27: Variable name `hA` is not explicitly referenced.

The binding can be removed (if unused) or named `_` (if used implicitly).

Note: This linter can be disabled with `set_option linter.unusedVariables false`
warning: EulerBlowup/Lit/CZ/CZCore/WeakType.lean:575:6: `push_neg` has been deprecated. Prefer using `push Not` instead.
If you'd rather continue using `push_neg` in your project, you can implement it as follows:
```
open Lean.Parser.Tactic in
macro "push_neg" cfg:optConfig loc:(location)? : tactic =>
  `(tactic| push $cfg:optConfig Not $[$loc]?)
```
warning: EulerBlowup/Lit/CZ/CZCore/WeakType.lean:623:27: Variable name `hB` is not explicitly referenced.

The binding can be removed (if unused) or named `_` (if used implicitly).

Note: This linter can be disabled with `set_option linter.unusedVariables false`
warning: EulerBlowup/Lit/CZ/CZCore/WeakType.lean:711:76: `Set.diff_eq` has been deprecated: Use `Set.sdiff_eq` instead
warning: EulerBlowup/Lit/CZ/CZCore/WeakType.lean:787:56: `push_neg` has been deprecated. Prefer using `push Not` instead.
If you'd rather continue using `push_neg` in your project, you can implement it as follows:
```
open Lean.Parser.Tactic in
macro "push_neg" cfg:optConfig loc:(location)? : tactic =>
  `(tactic| push $cfg:optConfig Not $[$loc]?)
```
warning: EulerBlowup/Lit/CZ/CZCore/WeakType.lean:875:79: Variable name `hB` is not explicitly referenced.

The binding can be removed (if unused) or named `_` (if used implicitly).

Note: This linter can be disabled with `set_option linter.unusedVariables false`
⚠ [8712/9776] Built EulerBlowup.S3.GapPerturbed (277s)
warning: EulerBlowup/S3/GapPerturbed.lean:66:4: `push_neg` has been deprecated. Prefer using `push Not` instead.
If you'd rather continue using `push_neg` in your project, you can implement it as follows:
```
open Lean.Parser.Tactic in
macro "push_neg" cfg:optConfig loc:(location)? : tactic =>
  `(tactic| push $cfg:optConfig Not $[$loc]?)
```
warning: EulerBlowup/S3/GapPerturbed.lean:79:6: `push_neg` has been deprecated. Prefer using `push Not` instead.
If you'd rather continue using `push_neg` in your project, you can implement it as follows:
```
open Lean.Parser.Tactic in
macro "push_neg" cfg:optConfig loc:(location)? : tactic =>
  `(tactic| push $cfg:optConfig Not $[$loc]?)
```
warning: EulerBlowup/S3/GapPerturbed.lean:224:19: Variable name `hη1` is not explicitly referenced.

The binding can be removed (if unused) or named `_` (if used implicitly).

Note: This linter can be disabled with `set_option linter.unusedVariables false`
warning: EulerBlowup/S3/GapPerturbed.lean:351:73: Variable name `hlam1` is not explicitly referenced.

The binding can be removed (if unused) or named `_` (if used implicitly).

Note: This linter can be disabled with `set_option linter.unusedVariables false`
warning: EulerBlowup/S3/GapPerturbed.lean:425:4: `push_neg` has been deprecated. Prefer using `push Not` instead.
If you'd rather continue using `push_neg` in your project, you can implement it as follows:
```
open Lean.Parser.Tactic in
macro "push_neg" cfg:optConfig loc:(location)? : tactic =>
  `(tactic| push $cfg:optConfig Not $[$loc]?)
```
warning: EulerBlowup/S3/GapPerturbed.lean:437:4: `push_neg` has been deprecated. Prefer using `push Not` instead.
If you'd rather continue using `push_neg` in your project, you can implement it as follows:
```
open Lean.Parser.Tactic in
macro "push_neg" cfg:optConfig loc:(location)? : tactic =>
  `(tactic| push $cfg:optConfig Not $[$loc]?)
```
warning: EulerBlowup/S3/GapPerturbed.lean:608:19: `push_neg` has been deprecated. Prefer using `push Not` instead.
If you'd rather continue using `push_neg` in your project, you can implement it as follows:
```
open Lean.Parser.Tactic in
macro "push_neg" cfg:optConfig loc:(location)? : tactic =>
  `(tactic| push $cfg:optConfig Not $[$loc]?)
```
warning: EulerBlowup/S3/GapPerturbed.lean:723:45: Variable name `hΩ0` is not explicitly referenced.

The binding can be removed (if unused) or named `_` (if used implicitly).

Note: This linter can be disabled with `set_option linter.unusedVariables false`
warning: EulerBlowup/S3/GapPerturbed.lean:724:43: Variable name `hμp0` is not explicitly referenced.

The binding can be removed (if unused) or named `_` (if used implicitly).

Note: This linter can be disabled with `set_option linter.unusedVariables false`
warning: EulerBlowup/S3/GapPerturbed.lean:725:5: Variable name `hνm0` is not explicitly referenced.

The binding can be removed (if unused) or named `_` (if used implicitly).

Note: This linter can be disabled with `set_option linter.unusedVariables false`
warning: EulerBlowup/S3/GapPerturbed.lean:725:42: Variable name `hνp0` is not explicitly referenced.

The binding can be removed (if unused) or named `_` (if used implicitly).

Note: This linter can be disabled with `set_option linter.unusedVariables false`
✔ [8713/9776] Built EulerBlowup.Num.TelescopingQ (208s)
✔ [8714/9776] Built Cm24.S2.KernelFacts (211s)
⚠ [8715/9776] Built EulerBlowup.Ring3D.Rescale (227s)
warning: EulerBlowup/Ring3D/Rescale.lean:119:32: This simp argument is unused:
  mul_inv_cancel₀ hc

Hint: Omit it from the simp argument list.
  simp only [scaleU, smul_smul, m̵u̵l̵_̵i̵n̵v̵_̵c̵a̵n̵c̵e̵l̵₀̵ ̵h̵c̵,̵ ̵one_smul, ← mul_assoc, mul_inv_cancel₀ hc, one_mul]

Note: This linter can be disabled with `set_option linter.unusedSimpArgs false`
warning: EulerBlowup/Ring3D/Rescale.lean:311:9: `ContinuousLinearMap.smul_apply` has been deprecated: Use `smul_apply` instead

Note: The updated constant is in a different namespace. Dot notation may need to be changed (e.g., from `x.smul_apply` to `smul_apply x`).
warning: EulerBlowup/Ring3D/Rescale.lean:361:13: `ContinuousLinearMap.smul_apply` has been deprecated: Use `smul_apply` instead

Note: The updated constant is in a different namespace. Dot notation may need to be changed (e.g., from `x.smul_apply` to `smul_apply x`).
✔ [8716/9776] Built Cm24.S31.Trunc (261s)
⚠ [8717/9776] Built EulerBlowup.L.LinearComp (167s)
warning: EulerBlowup/L/LinearComp.lean:72:46: this tactic is never executed

Note: This linter can be disabled with `set_option linter.unreachableTactic false`
warning: EulerBlowup/L/LinearComp.lean:72:57: this tactic is never executed

Note: This linter can be disabled with `set_option linter.unreachableTactic false`
warning: EulerBlowup/L/LinearComp.lean:72:46: 'exact h0' tactic does nothing

Note: This linter can be disabled with `set_option linter.unusedTactic false`
warning: EulerBlowup/L/LinearComp.lean:72:57: 'exact h1' tactic does nothing

Note: This linter can be disabled with `set_option linter.unusedTactic false`
warning: EulerBlowup/L/LinearComp.lean:253:4: `push_neg` has been deprecated. Prefer using `push Not` instead.
If you'd rather continue using `push_neg` in your project, you can implement it as follows:
```
open Lean.Parser.Tactic in
macro "push_neg" cfg:optConfig loc:(location)? : tactic =>
  `(tactic| push $cfg:optConfig Not $[$loc]?)
```
⚠ [8718/9776] Built EulerBlowup.L.DiffToolkit (185s)
warning: EulerBlowup/L/DiffToolkit.lean:13:72: Variable name `hb` is not explicitly referenced.

The binding can be removed (if unused) or named `_` (if used implicitly).

Note: This linter can be disabled with `set_option linter.unusedVariables false`
warning: EulerBlowup/L/DiffToolkit.lean:258:80: Variable name `hΩ` is not explicitly referenced.

The binding can be removed (if unused) or named `_` (if used implicitly).

Note: This linter can be disabled with `set_option linter.unusedVariables false`
⚠ [8719/9776] Built EulerBlowup.L.TimeIntegral (158s)
warning: EulerBlowup/L/TimeIntegral.lean:21:8: This simp argument is unused:
  map_sum

Hint: Omit it from the simp argument list.
  simp [map_su̵m,̵ ̵m̵a̵p̵_̵s̵m̵ul, Fin.sum_univ_two, smul_eq_mul, mul_comm]

Note: This linter can be disabled with `set_option linter.unusedSimpArgs false`
warning: EulerBlowup/L/TimeIntegral.lean:31:8: `continuousOn_finset_sum` has been deprecated: Use `continuousOn_finsetSum` instead
⚠ [8720/9776] Built EulerBlowup.L.SiteIntegrals (144s)
warning: EulerBlowup/L/SiteIntegrals.lean:13:59: Variable name `hf` is not explicitly referenced.

The binding can be removed (if unused) or named `_` (if used implicitly).

Note: This linter can be disabled with `set_option linter.unusedVariables false`
warning: EulerBlowup/L/SiteIntegrals.lean:14:70: Variable name `hb0` is not explicitly referenced.

The binding can be removed (if unused) or named `_` (if used implicitly).

Note: This linter can be disabled with `set_option linter.unusedVariables false`
✔ [8721/9776] Built EulerBlowup.Ring3D.DesignOutput (133s)
⚠ [8722/9776] Built EulerBlowup.Kit.BiotSavartGlobal (120s)
warning: EulerBlowup/Kit/BiotSavartGlobal.lean:96:4: `push_neg` has been deprecated. Prefer using `push Not` instead.
If you'd rather continue using `push_neg` in your project, you can implement it as follows:
```
open Lean.Parser.Tactic in
macro "push_neg" cfg:optConfig loc:(location)? : tactic =>
  `(tactic| push $cfg:optConfig Not $[$loc]?)
```
✔ [8723/9776] Built EulerBlowup.Lit.Weyl (100s)
✔ [8724/9776] Built EulerBlowup.Ring.Objects (156s)
⚠ [8725/9776] Built EulerBlowup.Lit.Newtonian (132s)
warning: EulerBlowup/Lit/Newtonian.lean:160:13: `ContinuousLinearMap.smul_apply` has been deprecated: Use `smul_apply` instead

Note: The updated constant is in a different namespace. Dot notation may need to be changed (e.g., from `x.smul_apply` to `smul_apply x`).
⚠ [8726/9776] Built EulerBlowup.Lit.CZ.CZCore.Homogeneous (293s)
warning: EulerBlowup/Lit/CZ/CZCore/Homogeneous.lean:289:47: `ContinuousLinearMap.smul_apply` has been deprecated: Use `smul_apply` instead

Note: The updated constant is in a different namespace. Dot notation may need to be changed (e.g., from `x.smul_apply` to `smul_apply x`).
warning: EulerBlowup/Lit/CZ/CZCore/Homogeneous.lean:291:17: `ContinuousLinearMap.add_apply` has been deprecated: Use `add_apply` instead

Note: The updated constant is in a different namespace. Dot notation may need to be changed (e.g., from `x.add_apply` to `add_apply x`).
warning: EulerBlowup/Lit/CZ/CZCore/Homogeneous.lean:514:66: Variable name `hn` is not explicitly referenced.

The binding can be removed (if unused) or named `_` (if used implicitly).

Note: This linter can be disabled with `set_option linter.unusedVariables false`
warning: EulerBlowup/Lit/CZ/CZCore/Homogeneous.lean:604:8: `mul_le_mul_left'` has been deprecated: Use `mul_le_mul_right` instead
warning: EulerBlowup/Lit/CZ/CZCore/Homogeneous.lean:689:4: `push_neg` has been deprecated. Prefer using `push Not` instead.
If you'd rather continue using `push_neg` in your project, you can implement it as follows:
```
open Lean.Parser.Tactic in
macro "push_neg" cfg:optConfig loc:(location)? : tactic =>
  `(tactic| push $cfg:optConfig Not $[$loc]?)
```
warning: EulerBlowup/Lit/CZ/CZCore/Homogeneous.lean:706:10: `mul_le_mul_right'` has been deprecated: Use `mul_le_mul_left` instead
warning: EulerBlowup/Lit/CZ/CZCore/Homogeneous.lean:735:21: Used `tac1 <;> tac2` where `(tac1; tac2)` would suffice

Note: This linter can be disabled with `set_option linter.unnecessarySeqFocus false`
warning: EulerBlowup/Lit/CZ/CZCore/Homogeneous.lean:845:44: Used `tac1 <;> tac2` where `(tac1; tac2)` would suffice

Note: This linter can be disabled with `set_option linter.unnecessarySeqFocus false`
warning: EulerBlowup/Lit/CZ/CZCore/Homogeneous.lean:1065:6: `push_neg` has been deprecated. Prefer using `push Not` instead.
If you'd rather continue using `push_neg` in your project, you can implement it as follows:
```
open Lean.Parser.Tactic in
macro "push_neg" cfg:optConfig loc:(location)? : tactic =>
  `(tactic| push $cfg:optConfig Not $[$loc]?)
```
warning: EulerBlowup/Lit/CZ/CZCore/Homogeneous.lean:1107:6: `push_neg` has been deprecated. Prefer using `push Not` instead.
If you'd rather continue using `push_neg` in your project, you can implement it as follows:
```
open Lean.Parser.Tactic in
macro "push_neg" cfg:optConfig loc:(location)? : tactic =>
  `(tactic| push $cfg:optConfig Not $[$loc]?)
```
warning: EulerBlowup/Lit/CZ/CZCore/Homogeneous.lean:1661:25: `Int.le_induction` has been deprecated: Use `Int.leInduction` instead
warning: EulerBlowup/Lit/CZ/CZCore/Homogeneous.lean:1699:49: `mul_le_mul_right'` has been deprecated: Use `mul_le_mul_left` instead
warning: EulerBlowup/Lit/CZ/CZCore/Homogeneous.lean:1724:44: Variable name `hC` is not explicitly referenced.

The binding can be removed (if unused) or named `_` (if used implicitly).

Note: This linter can be disabled with `set_option linter.unusedVariables false`
warning: EulerBlowup/Lit/CZ/CZCore/Homogeneous.lean:1802:4: `push_neg` has been deprecated. Prefer using `push Not` instead.
If you'd rather continue using `push_neg` in your project, you can implement it as follows:
```
open Lean.Parser.Tactic in
macro "push_neg" cfg:optConfig loc:(location)? : tactic =>
  `(tactic| push $cfg:optConfig Not $[$loc]?)
```
warning: EulerBlowup/Lit/CZ/CZCore/Homogeneous.lean:1965:10: `Set.diff_eq_empty` has been deprecated: Use `Set.sdiff_eq_empty` instead
warning: EulerBlowup/Lit/CZ/CZCore/Homogeneous.lean:1971:17: `Set.mem_diff` has been deprecated: Use `Set.mem_sdiff` instead
warning: EulerBlowup/Lit/CZ/CZCore/Homogeneous.lean:2177:2: `push_neg` has been deprecated. Prefer using `push Not` instead.
If you'd rather continue using `push_neg` in your project, you can implement it as follows:
```
open Lean.Parser.Tactic in
macro "push_neg" cfg:optConfig loc:(location)? : tactic =>
  `(tactic| push $cfg:optConfig Not $[$loc]?)
```
warning: EulerBlowup/Lit/CZ/CZCore/Homogeneous.lean:2196:6: `push_neg` has been deprecated. Prefer using `push Not` instead.
If you'd rather continue using `push_neg` in your project, you can implement it as follows:
```
open Lean.Parser.Tactic in
macro "push_neg" cfg:optConfig loc:(location)? : tactic =>
  `(tactic| push $cfg:optConfig Not $[$loc]?)
```
warning: EulerBlowup/Lit/CZ/CZCore/Homogeneous.lean:2200:6: `push_neg` has been deprecated. Prefer using `push Not` instead.
If you'd rather continue using `push_neg` in your project, you can implement it as follows:
```
open Lean.Parser.Tactic in
macro "push_neg" cfg:optConfig loc:(location)? : tactic =>
  `(tactic| push $cfg:optConfig Not $[$loc]?)
```
warning: EulerBlowup/Lit/CZ/CZCore/Homogeneous.lean:2236:14: `ofReal_norm_eq_enorm` has been deprecated: Use `ofReal_norm` instead
warning: EulerBlowup/Lit/CZ/CZCore/Homogeneous.lean:2236:38: `ofReal_norm_eq_enorm` has been deprecated: Use `ofReal_norm` instead
warning: EulerBlowup/Lit/CZ/CZCore/Homogeneous.lean:2236:62: `ofReal_norm_eq_enorm` has been deprecated: Use `ofReal_norm` instead
⚠ [8727/9776] Built EulerBlowup.S2.LemmaP (360s)
warning: EulerBlowup/S2/LemmaP.lean:53:40: Variable name `hD` is not explicitly referenced.

The binding can be removed (if unused) or named `_` (if used implicitly).

Note: This linter can be disabled with `set_option linter.unusedVariables false`
warning: EulerBlowup/S2/LemmaP.lean:1364:69: This simp argument is unused:
  zero_add

Hint: Omit it from the simp argument list.
  simp only [hΦ, min_self, sub_self, abs_zero, mul_zero, zero_mul, z̵e̵r̵o̵_̵add,̵ ̵a̵d̵d̵_zero]

Note: This linter can be disabled with `set_option linter.unusedSimpArgs false`
⚠ [8728/9776] Built Cm24.S2.Oscillatory (217s)
warning: vendor/cm24-r2/Cm24/S2/Oscillatory.lean:35:70: `ContinuousLinearMap.coe_smul'` has been deprecated: Use `FunLike.coe_smul` instead

Note: The updated constant is in a different namespace. Dot notation may need to be changed (e.g., from `x.coe_smul'` to `FunLike.coe_smul x`).
warning: vendor/cm24-r2/Cm24/S2/Oscillatory.lean:169:47: `ContinuousLinearMap.coe_smul'` has been deprecated: Use `FunLike.coe_smul` instead

Note: The updated constant is in a different namespace. Dot notation may need to be changed (e.g., from `x.coe_smul'` to `FunLike.coe_smul x`).
warning: vendor/cm24-r2/Cm24/S2/Oscillatory.lean:233:13: `ContinuousLinearMap.coe_smul'` has been deprecated: Use `FunLike.coe_smul` instead

Note: The updated constant is in a different namespace. Dot notation may need to be changed (e.g., from `x.coe_smul'` to `FunLike.coe_smul x`).
warning: vendor/cm24-r2/Cm24/S2/Oscillatory.lean:330:25: `ContinuousLinearMap.sum_apply` has been deprecated: Use `sum_apply` instead

Note: The updated constant is in a different namespace. Dot notation may need to be changed (e.g., from `x.sum_apply` to `sum_apply x`).
✔ [8729/9776] Built EulerBlowup.Num.QCheck (409s)
✔ [8730/9776] Built Cm24.S2.Leibniz (177s)
⚠ [8731/9776] Built Cm24.S2.Parity (65s)
warning: vendor/cm24-r2/Cm24/S2/Parity.lean:16:28: Variable name `hf` is not explicitly referenced.

The binding can be removed (if unused) or named `_` (if used implicitly).

Note: This linter can be disabled with `set_option linter.unusedVariables false`
warning: vendor/cm24-r2/Cm24/S2/Parity.lean:16:48: Variable name `hfc` is not explicitly referenced.

The binding can be removed (if unused) or named `_` (if used implicitly).

Note: This linter can be disabled with `set_option linter.unusedVariables false`
⚠ [8732/9776] Built Cm24.S31.Angle (65s)
warning: vendor/cm24-r2/Cm24/S31/Angle.lean:189:66: This simp argument is unused:
  Pi.neg_apply

Hint: Omit it from the simp argument list.
  simp only [Function.comp_apply, Pi.add_apply, Pi.mul_apply,̵ ̵P̵i̵.̵n̵e̵g̵_̵a̵p̵p̵l̵y̵]

Note: This linter can be disabled with `set_option linter.unusedSimpArgs false`
warning: vendor/cm24-r2/Cm24/S31/Angle.lean:529:77: Variable name `hx` is not explicitly referenced.

The binding can be removed (if unused) or named `_` (if used implicitly).

Note: This linter can be disabled with `set_option linter.unusedVariables false`
warning: vendor/cm24-r2/Cm24/S31/Angle.lean:583:5: Variable name `hD` is not explicitly referenced.

The binding can be removed (if unused) or named `_` (if used implicitly).

Note: This linter can be disabled with `set_option linter.unusedVariables false`
warning: vendor/cm24-r2/Cm24/S31/Angle.lean:583:43: Variable name `hD'` is not explicitly referenced.

The binding can be removed (if unused) or named `_` (if used implicitly).

Note: This linter can be disabled with `set_option linter.unusedVariables false`
✔ [8733/9776] Built EulerBlowup.Ring.S4r.ForceRecovery (68s)
⚠ [8734/9776] Built EulerBlowup.S2.Dressed (639s)
warning: EulerBlowup/S2/Dressed.lean:203:15: This simp argument is unused:
  Matrix.cons_val

Hint: Omit it from the simp argument list.
  simp only ̵[̵M̵a̵t̵r̵i̵x̵.̵c̵o̵n̵s̵_̵v̵a̵l̵]̵

Note: This linter can be disabled with `set_option linter.unusedSimpArgs false`
warning: EulerBlowup/S2/Dressed.lean:331:13: `Set.right_mem_Iic` has been deprecated: Use `Set.self_mem_Iic` instead
warning: EulerBlowup/S2/Dressed.lean:331:33: `Set.left_mem_Ici` has been deprecated: Use `Set.self_mem_Ici` instead
warning: EulerBlowup/S2/Dressed.lean:711:6: `push_neg` has been deprecated. Prefer using `push Not` instead.
If you'd rather continue using `push_neg` in your project, you can implement it as follows:
```
open Lean.Parser.Tactic in
macro "push_neg" cfg:optConfig loc:(location)? : tactic =>
  `(tactic| push $cfg:optConfig Not $[$loc]?)
```
warning: EulerBlowup/S2/Dressed.lean:920:6: `push_neg` has been deprecated. Prefer using `push Not` instead.
If you'd rather continue using `push_neg` in your project, you can implement it as follows:
```
open Lean.Parser.Tactic in
macro "push_neg" cfg:optConfig loc:(location)? : tactic =>
  `(tactic| push $cfg:optConfig Not $[$loc]?)
```
warning: EulerBlowup/S2/Dressed.lean:955:4: `push_neg` has been deprecated. Prefer using `push Not` instead.
If you'd rather continue using `push_neg` in your project, you can implement it as follows:
```
open Lean.Parser.Tactic in
macro "push_neg" cfg:optConfig loc:(location)? : tactic =>
  `(tactic| push $cfg:optConfig Not $[$loc]?)
```
warning: EulerBlowup/S2/Dressed.lean:983:5: Variable name `hD` is not explicitly referenced.

The binding can be removed (if unused) or named `_` (if used implicitly).

Note: This linter can be disabled with `set_option linter.unusedVariables false`
warning: EulerBlowup/S2/Dressed.lean:983:33: Variable name `hd` is not explicitly referenced.

The binding can be removed (if unused) or named `_` (if used implicitly).

Note: This linter can be disabled with `set_option linter.unusedVariables false`
warning: EulerBlowup/S2/Dressed.lean:1418:5: Variable name `hτ0` is not explicitly referenced.

The binding can be removed (if unused) or named `_` (if used implicitly).

Note: This linter can be disabled with `set_option linter.unusedVariables false`
warning: EulerBlowup/S2/Dressed.lean:1418:43: Variable name `ha'` is not explicitly referenced.

The binding can be removed (if unused) or named `_` (if used implicitly).

Note: This linter can be disabled with `set_option linter.unusedVariables false`
warning: EulerBlowup/S2/Dressed.lean:2097:66: Variable name `hEB` is not explicitly referenced.

The binding can be removed (if unused) or named `_` (if used implicitly).

Note: This linter can be disabled with `set_option linter.unusedVariables false`
warning: EulerBlowup/S2/Dressed.lean:2180:35: Variable name `hEB` is not explicitly referenced.

The binding can be removed (if unused) or named `_` (if used implicitly).

Note: This linter can be disabled with `set_option linter.unusedVariables false`
warning: EulerBlowup/S2/Dressed.lean:2382:53: Variable name `hDu'` is not explicitly referenced.

The binding can be removed (if unused) or named `_` (if used implicitly).

Note: This linter can be disabled with `set_option linter.unusedVariables false`
warning: EulerBlowup/S2/Dressed.lean:2547:72: Variable name `ht` is not explicitly referenced.

The binding can be removed (if unused) or named `_` (if used implicitly).

Note: This linter can be disabled with `set_option linter.unusedVariables false`
warning: EulerBlowup/S2/Dressed.lean:2743:54: Variable name `hΘ` is not explicitly referenced.

The binding can be removed (if unused) or named `_` (if used implicitly).

Note: This linter can be disabled with `set_option linter.unusedVariables false`
warning: EulerBlowup/S2/Dressed.lean:3858:34: Variable name `hσ` is not explicitly referenced.

The binding can be removed (if unused) or named `_` (if used implicitly).

Note: This linter can be disabled with `set_option linter.unusedVariables false`
warning: EulerBlowup/S2/Dressed.lean:3858:69: Variable name `hΦ` is not explicitly referenced.

The binding can be removed (if unused) or named `_` (if used implicitly).

Note: This linter can be disabled with `set_option linter.unusedVariables false`
warning: EulerBlowup/S2/Dressed.lean:4143:4: `push_neg` has been deprecated. Prefer using `push Not` instead.
If you'd rather continue using `push_neg` in your project, you can implement it as follows:
```
open Lean.Parser.Tactic in
macro "push_neg" cfg:optConfig loc:(location)? : tactic =>
  `(tactic| push $cfg:optConfig Not $[$loc]?)
```
warning: EulerBlowup/S2/Dressed.lean:4155:4: `push_neg` has been deprecated. Prefer using `push Not` instead.
If you'd rather continue using `push_neg` in your project, you can implement it as follows:
```
open Lean.Parser.Tactic in
macro "push_neg" cfg:optConfig loc:(location)? : tactic =>
  `(tactic| push $cfg:optConfig Not $[$loc]?)
```
warning: EulerBlowup/S2/Dressed.lean:4270:38: This simp argument is unused:
  sub_zero

Hint: Omit it from the simp argument list.
  simp only [hC0, mul_zero, add_zero, s̵u̵b̵_̵zero,̵ ̵z̵e̵r̵o̵_div] at h3 h4

Note: This linter can be disabled with `set_option linter.unusedSimpArgs false`
warning: EulerBlowup/S2/Dressed.lean:4270:48: This simp argument is unused:
  zero_div

Hint: Omit it from the simp argument list.
  simp only [hC0, mul_zero, add_zero, sub_zero,̵ ̵z̵e̵r̵o̵_̵d̵i̵v̵] at h3 h4

Note: This linter can be disabled with `set_option linter.unusedSimpArgs false`
warning: EulerBlowup/S2/Dressed.lean:4274:73: Variable name `hΘ` is not explicitly referenced.

The binding can be removed (if unused) or named `_` (if used implicitly).

Note: This linter can be disabled with `set_option linter.unusedVariables false`
warning: EulerBlowup/S2/Dressed.lean:4275:5: Variable name `hd` is not explicitly referenced.

The binding can be removed (if unused) or named `_` (if used implicitly).

Note: This linter can be disabled with `set_option linter.unusedVariables false`
warning: EulerBlowup/S2/Dressed.lean:4374:4: `push_neg` has been deprecated. Prefer using `push Not` instead.
If you'd rather continue using `push_neg` in your project, you can implement it as follows:
```
open Lean.Parser.Tactic in
macro "push_neg" cfg:optConfig loc:(location)? : tactic =>
  `(tactic| push $cfg:optConfig Not $[$loc]?)
```
warning: EulerBlowup/S2/Dressed.lean:4386:4: `push_neg` has been deprecated. Prefer using `push Not` instead.
If you'd rather continue using `push_neg` in your project, you can implement it as follows:
```
open Lean.Parser.Tactic in
macro "push_neg" cfg:optConfig loc:(location)? : tactic =>
  `(tactic| push $cfg:optConfig Not $[$loc]?)
```
warning: EulerBlowup/S2/Dressed.lean:4286:5: Variable name `hd` is not explicitly referenced.

The binding can be removed (if unused) or named `_` (if used implicitly).

Note: This linter can be disabled with `set_option linter.unusedVariables false`
warning: EulerBlowup/S2/Dressed.lean:4656:48: This simp argument is unused:
  Matrix.head_cons

Hint: Omit it from the simp argument list.
  simp only [Fin.mk_one, Matrix.cons_val_one,̵ ̵M̵a̵t̵r̵i̵x̵.̵h̵e̵a̵d̵_̵c̵o̵n̵s̵]

Note: This linter can be disabled with `set_option linter.unusedSimpArgs false`
warning: EulerBlowup/S2/Dressed.lean:5832:95: Variable name `hΘ` is not explicitly referenced.

The binding can be removed (if unused) or named `_` (if used implicitly).

Note: This linter can be disabled with `set_option linter.unusedVariables false`
warning: EulerBlowup/S2/Dressed.lean:6107:63: This simp argument is unused:
  Matrix.head_cons

Hint: Omit it from the simp argument list.
  simp only [dressedRsField, holdControl, Matrix.cons_val_one, M̵a̵t̵r̵i̵x̵.̵h̵e̵a̵d̵_̵c̵o̵n̵s̵,̵ ̵Matrix.cons_val_zero]

Note: This linter can be disabled with `set_option linter.unusedSimpArgs false`
warning: EulerBlowup/S2/Dressed.lean:6185:5: Variable name `hB` is not explicitly referenced.

The binding can be removed (if unused) or named `_` (if used implicitly).

Note: This linter can be disabled with `set_option linter.unusedVariables false`
warning: EulerBlowup/S2/Dressed.lean:6310:48: This simp argument is unused:
  Matrix.head_cons

Hint: Omit it from the simp argument list.
  simp only [Fin.mk_one, Matrix.cons_val_one,̵ ̵M̵a̵t̵r̵i̵x̵.̵h̵e̵a̵d̵_̵c̵o̵n̵s̵]

Note: This linter can be disabled with `set_option linter.unusedSimpArgs false`
warning: EulerBlowup/S2/Dressed.lean:7067:5: Variable name `hΘ` is not explicitly referenced.

The binding can be removed (if unused) or named `_` (if used implicitly).

Note: This linter can be disabled with `set_option linter.unusedVariables false`
warning: EulerBlowup/S2/Dressed.lean:7067:21: Variable name `hV` is not explicitly referenced.

The binding can be removed (if unused) or named `_` (if used implicitly).

Note: This linter can be disabled with `set_option linter.unusedVariables false`
⚠ [8735/9776] Built EulerBlowup.Ring.S6r.Ledger (68s)
warning: EulerBlowup/Ring/S6r/Ledger.lean:86:6: `ContinuousLinearMap.add_apply` has been deprecated: Use `add_apply` instead

Note: The updated constant is in a different namespace. Dot notation may need to be changed (e.g., from `x.add_apply` to `add_apply x`).
warning: EulerBlowup/Ring/S6r/Ledger.lean:86:37: `ContinuousLinearMap.sum_apply` has been deprecated: Use `_root_.sum_apply` instead

Note: The updated constant is in a different namespace. Dot notation may need to be changed (e.g., from `x.sum_apply` to `_root_.sum_apply x`).
warning: EulerBlowup/Ring/S6r/Ledger.lean:66:30: Variable name `ht` is not explicitly referenced.

The binding can be removed (if unused) or named `_` (if used implicitly).

Note: This linter can be disabled with `set_option linter.unusedVariables false`
warning: EulerBlowup/Ring/S6r/Ledger.lean:184:6: `ContinuousLinearMap.add_apply` has been deprecated: Use `add_apply` instead

Note: The updated constant is in a different namespace. Dot notation may need to be changed (e.g., from `x.add_apply` to `add_apply x`).
warning: EulerBlowup/Ring/S6r/Ledger.lean:184:37: `ContinuousLinearMap.sum_apply` has been deprecated: Use `_root_.sum_apply` instead

Note: The updated constant is in a different namespace. Dot notation may need to be changed (e.g., from `x.sum_apply` to `_root_.sum_apply x`).
warning: EulerBlowup/Ring/S6r/Ledger.lean:272:10: `ContinuousLinearMap.sum_apply` has been deprecated: Use `_root_.sum_apply` instead

Note: The updated constant is in a different namespace. Dot notation may need to be changed (e.g., from `x.sum_apply` to `_root_.sum_apply x`).
warning: EulerBlowup/Ring/S6r/Ledger.lean:272:64: `ContinuousLinearMap.sub_apply` has been deprecated: Use `sub_apply` instead

Note: The updated constant is in a different namespace. Dot notation may need to be changed (e.g., from `x.sub_apply` to `sub_apply x`).
warning: EulerBlowup/Ring/S6r/Ledger.lean:161:76: Variable name `ht` is not explicitly referenced.

The binding can be removed (if unused) or named `_` (if used implicitly).

Note: This linter can be disabled with `set_option linter.unusedVariables false`
warning: EulerBlowup/Ring/S6r/Ledger.lean:350:15: `ContinuousLinearMap.add_apply` has been deprecated: Use `add_apply` instead

Note: The updated constant is in a different namespace. Dot notation may need to be changed (e.g., from `x.add_apply` to `add_apply x`).
warning: EulerBlowup/Ring/S6r/Ledger.lean:350:46: `ContinuousLinearMap.coe_smul'` has been deprecated: Use `FunLike.coe_smul` instead

Note: The updated constant is in a different namespace. Dot notation may need to be changed (e.g., from `x.coe_smul'` to `FunLike.coe_smul x`).
warning: EulerBlowup/Ring/S6r/Ledger.lean:351:20: `ContinuousLinearMap.zero_apply` has been deprecated: Use `zero_apply` instead

Note: The updated constant is in a different namespace. Dot notation may need to be changed (e.g., from `x.zero_apply` to `zero_apply x`).
warning: EulerBlowup/Ring/S6r/Ledger.lean:351:20: This simp argument is unused:
  ContinuousLinearMap.zero_apply

Hint: Omit it from the simp argument list.
  simp only [ContinuousLinearMap.add_apply, ContinuousLinearMap.coe_smul', Pi.smul_apply,
  ̲  ̲ ̲ ̲ ̲ ̲smul_eq_mul, Pi.mul_apply, C̵o̵n̵t̵i̵n̵u̵o̵u̵s̵L̵i̵n̵e̵a̵r̵M̵a̵p̵.̵z̵e̵r̵o̵_̵a̵p̵p̵l̵y̵,̵ ̵smul_zero, add_zero]

Note: This linter can be disabled with `set_option linter.unusedSimpArgs false`
warning: EulerBlowup/Ring/S6r/Ledger.lean:368:6: `ContinuousLinearMap.add_apply` has been deprecated: Use `add_apply` instead

Note: The updated constant is in a different namespace. Dot notation may need to be changed (e.g., from `x.add_apply` to `add_apply x`).
warning: EulerBlowup/Ring/S6r/Ledger.lean:368:37: `ContinuousLinearMap.sum_apply` has been deprecated: Use `_root_.sum_apply` instead

Note: The updated constant is in a different namespace. Dot notation may need to be changed (e.g., from `x.sum_apply` to `_root_.sum_apply x`).
⚠ [8736/9776] Built EulerBlowup.Ring.S3r (95s)
warning: EulerBlowup/Ring/S3r.lean:51:70: Variable name `hm₀` is not explicitly referenced.

The binding can be removed (if unused) or named `_` (if used implicitly).

Note: This linter can be disabled with `set_option linter.unusedVariables false`
⚠ [8737/9776] Built EulerBlowup.Lit.Schauder (94s)
warning: EulerBlowup/Lit/Schauder.lean:506:50: Variable name `hr` is not explicitly referenced.

The binding can be removed (if unused) or named `_` (if used implicitly).

Note: This linter can be disabled with `set_option linter.unusedVariables false`
warning: EulerBlowup/Lit/Schauder.lean:581:17: This simp argument is unused:
  mem_ball_zero_iff

Hint: Omit it from the simp argument list.
  simp ̵[̵m̵e̵m̵_̵b̵a̵l̵l̵_̵z̵e̵r̵o̵_̵i̵f̵f̵]̵

Note: This linter can be disabled with `set_option linter.unusedSimpArgs false`
warning: EulerBlowup/Lit/Schauder.lean:625:37: Variable name `hδ` is not explicitly referenced.

The binding can be removed (if unused) or named `_` (if used implicitly).

Note: This linter can be disabled with `set_option linter.unusedVariables false`
warning: EulerBlowup/Lit/Schauder.lean:767:61: Variable name `hδ` is not explicitly referenced.

The binding can be removed (if unused) or named `_` (if used implicitly).

Note: This linter can be disabled with `set_option linter.unusedVariables false`
warning: EulerBlowup/Lit/Schauder.lean:768:5: Variable name `hh` is not explicitly referenced.

The binding can be removed (if unused) or named `_` (if used implicitly).

Note: This linter can be disabled with `set_option linter.unusedVariables false`
warning: EulerBlowup/Lit/Schauder.lean:768:25: Variable name `hhc` is not explicitly referenced.

The binding can be removed (if unused) or named `_` (if used implicitly).

Note: This linter can be disabled with `set_option linter.unusedVariables false`
warning: EulerBlowup/Lit/Schauder.lean:828:35: Variable name `hδ` is not explicitly referenced.

The binding can be removed (if unused) or named `_` (if used implicitly).

Note: This linter can be disabled with `set_option linter.unusedVariables false`
warning: EulerBlowup/Lit/Schauder.lean:829:18: Variable name `hg` is not explicitly referenced.

The binding can be removed (if unused) or named `_` (if used implicitly).

Note: This linter can be disabled with `set_option linter.unusedVariables false`
warning: EulerBlowup/Lit/Schauder.lean:867:53: Variable name `hα` is not explicitly referenced.

The binding can be removed (if unused) or named `_` (if used implicitly).

Note: This linter can be disabled with `set_option linter.unusedVariables false`
warning: EulerBlowup/Lit/Schauder.lean:985:34: `Set.diff_subset` has been deprecated: Use `Set.sdiff_subset` instead
warning: EulerBlowup/Lit/Schauder.lean:958:5: Variable name `hxx'` is not explicitly referenced.

The binding can be removed (if unused) or named `_` (if used implicitly).

Note: This linter can be disabled with `set_option linter.unusedVariables false`
warning: EulerBlowup/Lit/Schauder.lean:1031:18: Variable name `hg` is not explicitly referenced.

The binding can be removed (if unused) or named `_` (if used implicitly).

Note: This linter can be disabled with `set_option linter.unusedVariables false`
warning: EulerBlowup/Lit/Schauder.lean:1160:33: `Set.diff_subset` has been deprecated: Use `Set.sdiff_subset` instead
warning: EulerBlowup/Lit/Schauder.lean:1366:44: Variable name `hα` is not explicitly referenced.

The binding can be removed (if unused) or named `_` (if used implicitly).

Note: This linter can be disabled with `set_option linter.unusedVariables false`
warning: EulerBlowup/Lit/Schauder.lean:1540:14: `mul_le_mul_right'` has been deprecated: Use `mul_le_mul_left` instead
⚠ [8738/9776] Built EulerBlowup.E.E1 (191s)
warning: EulerBlowup/E/E1.lean:227:21: Used `tac1 <;> tac2` where `(tac1; tac2)` would suffice

Note: This linter can be disabled with `set_option linter.unnecessarySeqFocus false`
warning: EulerBlowup/E/E1.lean:240:21: Used `tac1 <;> tac2` where `(tac1; tac2)` would suffice

Note: This linter can be disabled with `set_option linter.unnecessarySeqFocus false`
warning: EulerBlowup/E/E1.lean:324:15: Used `tac1 <;> tac2` where `(tac1; tac2)` would suffice

Note: This linter can be disabled with `set_option linter.unnecessarySeqFocus false`
warning: EulerBlowup/E/E1.lean:371:93: this tactic is never executed

Note: This linter can be disabled with `set_option linter.unreachableTactic false`
warning: EulerBlowup/E/E1.lean:371:93: 'ring' tactic does nothing

Note: This linter can be disabled with `set_option linter.unusedTactic false`
warning: EulerBlowup/E/E1.lean:478:21: Used `tac1 <;> tac2` where `(tac1; tac2)` would suffice

Note: This linter can be disabled with `set_option linter.unnecessarySeqFocus false`
warning: EulerBlowup/E/E1.lean:486:82: Used `tac1 <;> tac2` where `(tac1; tac2)` would suffice

Note: This linter can be disabled with `set_option linter.unnecessarySeqFocus false`
warning: EulerBlowup/E/E1.lean:499:96: Used `tac1 <;> tac2` where `(tac1; tac2)` would suffice

Note: This linter can be disabled with `set_option linter.unnecessarySeqFocus false`
warning: EulerBlowup/E/E1.lean:506:68: Used `tac1 <;> tac2` where `(tac1; tac2)` would suffice

Note: This linter can be disabled with `set_option linter.unnecessarySeqFocus false`
warning: EulerBlowup/E/E1.lean:519:41: Used `tac1 <;> tac2` where `(tac1; tac2)` would suffice

Note: This linter can be disabled with `set_option linter.unnecessarySeqFocus false`
warning: EulerBlowup/E/E1.lean:545:91: Used `tac1 <;> tac2` where `(tac1; tac2)` would suffice

Note: This linter can be disabled with `set_option linter.unnecessarySeqFocus false`
warning: EulerBlowup/E/E1.lean:679:56: Variable name `hq` is not explicitly referenced.

The binding can be removed (if unused) or named `_` (if used implicitly).

Note: This linter can be disabled with `set_option linter.unusedVariables false`
warning: EulerBlowup/E/E1.lean:699:5: Variable name `hf` is not explicitly referenced.

The binding can be removed (if unused) or named `_` (if used implicitly).

Note: This linter can be disabled with `set_option linter.unusedVariables false`
warning: EulerBlowup/E/E1.lean:720:5: Variable name `hq` is not explicitly referenced.

The binding can be removed (if unused) or named `_` (if used implicitly).

Note: This linter can be disabled with `set_option linter.unusedVariables false`
warning: EulerBlowup/E/E1.lean:720:39: Variable name `hqlo` is not explicitly referenced.

The binding can be removed (if unused) or named `_` (if used implicitly).

Note: This linter can be disabled with `set_option linter.unusedVariables false`
warning: EulerBlowup/E/E1.lean:721:5: Variable name `hqhi` is not explicitly referenced.

The binding can be removed (if unused) or named `_` (if used implicitly).

Note: This linter can be disabled with `set_option linter.unusedVariables false`
warning: EulerBlowup/E/E1.lean:721:43: Variable name `hm` is not explicitly referenced.

The binding can be removed (if unused) or named `_` (if used implicitly).

Note: This linter can be disabled with `set_option linter.unusedVariables false`
warning: EulerBlowup/E/E1.lean:722:43: Variable name `hmhi` is not explicitly referenced.

The binding can be removed (if unused) or named `_` (if used implicitly).

Note: This linter can be disabled with `set_option linter.unusedVariables false`
warning: EulerBlowup/E/E1.lean:869:5: Variable name `h12` is not explicitly referenced.

The binding can be removed (if unused) or named `_` (if used implicitly).

Note: This linter can be disabled with `set_option linter.unusedVariables false`
warning: EulerBlowup/E/E1.lean:1037:72: this tactic is never executed

Note: This linter can be disabled with `set_option linter.unreachableTactic false`
warning: EulerBlowup/E/E1.lean:1037:72: 'ring' tactic does nothing

Note: This linter can be disabled with `set_option linter.unusedTactic false`
warning: EulerBlowup/E/E1.lean:1096:28: Used `tac1 <;> tac2` where `(tac1; tac2)` would suffice

Note: This linter can be disabled with `set_option linter.unnecessarySeqFocus false`
warning: EulerBlowup/E/E1.lean:1142:68: Used `tac1 <;> tac2` where `(tac1; tac2)` would suffice

Note: This linter can be disabled with `set_option linter.unnecessarySeqFocus false`
warning: EulerBlowup/E/E1.lean:1152:23: Used `tac1 <;> tac2` where `(tac1; tac2)` would suffice

Note: This linter can be disabled with `set_option linter.unnecessarySeqFocus false`
warning: EulerBlowup/E/E1.lean:1166:19: `Set.left_mem_Ici` has been deprecated: Use `Set.self_mem_Ici` instead
warning: EulerBlowup/E/E1.lean:1275:86: this tactic is never executed

Note: This linter can be disabled with `set_option linter.unreachableTactic false`
warning: EulerBlowup/E/E1.lean:1275:86: 'ring' tactic does nothing

Note: This linter can be disabled with `set_option linter.unusedTactic false`
warning: EulerBlowup/E/E1.lean:1281:38: Variable name `hD` is not explicitly referenced.

The binding can be removed (if unused) or named `_` (if used implicitly).

Note: This linter can be disabled with `set_option linter.unusedVariables false`
warning: EulerBlowup/E/E1.lean:1290:38: Used `tac1 <;> tac2` where `(tac1; tac2)` would suffice

Note: This linter can be disabled with `set_option linter.unnecessarySeqFocus false`
warning: EulerBlowup/E/E1.lean:1292:38: Used `tac1 <;> tac2` where `(tac1; tac2)` would suffice

Note: This linter can be disabled with `set_option linter.unnecessarySeqFocus false`
warning: EulerBlowup/E/E1.lean:1294:51: Variable name `hx` is not explicitly referenced.

The binding can be removed (if unused) or named `_` (if used implicitly).

Note: This linter can be disabled with `set_option linter.unusedVariables false`
warning: EulerBlowup/E/E1.lean:1302:51: Variable name `hx` is not explicitly referenced.

The binding can be removed (if unused) or named `_` (if used implicitly).

Note: This linter can be disabled with `set_option linter.unusedVariables false`
warning: EulerBlowup/E/E1.lean:1338:54: Variable name `hx` is not explicitly referenced.

The binding can be removed (if unused) or named `_` (if used implicitly).

Note: This linter can be disabled with `set_option linter.unusedVariables false`
warning: EulerBlowup/E/E1.lean:1506:62: Used `tac1 <;> tac2` where `(tac1; tac2)` would suffice

Note: This linter can be disabled with `set_option linter.unnecessarySeqFocus false`
warning: EulerBlowup/E/E1.lean:1526:62: Used `tac1 <;> tac2` where `(tac1; tac2)` would suffice

Note: This linter can be disabled with `set_option linter.unnecessarySeqFocus false`
⚠ [8739/9776] Built Cm24.S2.Profile (161s)
warning: vendor/cm24-r2/Cm24/S2/Profile.lean:32:50: Variable name `hij` is not explicitly referenced.

The binding can be removed (if unused) or named `_` (if used implicitly).

Note: This linter can be disabled with `set_option linter.unusedVariables false`
⚠ [8740/9776] Built EulerBlowup.Lit.CZ.Bogovskii.VariableKernel (230s)
warning: EulerBlowup/Lit/CZ/Bogovskii/VariableKernel.lean:33:45: `ContinuousLinearMap.smul_apply` has been deprecated: Use `smul_apply` instead

Note: The updated constant is in a different namespace. Dot notation may need to be changed (e.g., from `x.smul_apply` to `smul_apply x`).
warning: EulerBlowup/Lit/CZ/Bogovskii/VariableKernel.lean:179:10: `mul_le_mul_left'` has been deprecated: Use `mul_le_mul_right` instead
warning: EulerBlowup/Lit/CZ/Bogovskii/VariableKernel.lean:228:80: Variable name `hF` is not explicitly referenced.

The binding can be removed (if unused) or named `_` (if used implicitly).

Note: This linter can be disabled with `set_option linter.unusedVariables false`
warning: EulerBlowup/Lit/CZ/Bogovskii/VariableKernel.lean:369:4: `push_neg` has been deprecated. Prefer using `push Not` instead.
If you'd rather continue using `push_neg` in your project, you can implement it as follows:
```
open Lean.Parser.Tactic in
macro "push_neg" cfg:optConfig loc:(location)? : tactic =>
  `(tactic| push $cfg:optConfig Not $[$loc]?)
```
warning: EulerBlowup/Lit/CZ/Bogovskii/VariableKernel.lean:408:4: `push_neg` has been deprecated. Prefer using `push Not` instead.
If you'd rather continue using `push_neg` in your project, you can implement it as follows:
```
open Lean.Parser.Tactic in
macro "push_neg" cfg:optConfig loc:(location)? : tactic =>
  `(tactic| push $cfg:optConfig Not $[$loc]?)
```
warning: EulerBlowup/Lit/CZ/Bogovskii/VariableKernel.lean:496:4: `push_neg` has been deprecated. Prefer using `push Not` instead.
If you'd rather continue using `push_neg` in your project, you can implement it as follows:
```
open Lean.Parser.Tactic in
macro "push_neg" cfg:optConfig loc:(location)? : tactic =>
  `(tactic| push $cfg:optConfig Not $[$loc]?)
```
warning: EulerBlowup/Lit/CZ/Bogovskii/VariableKernel.lean:609:15: `ContinuousLinearMap.smul_apply` has been deprecated: Use `smul_apply` instead

Note: The updated constant is in a different namespace. Dot notation may need to be changed (e.g., from `x.smul_apply` to `smul_apply x`).
warning: EulerBlowup/Lit/CZ/Bogovskii/VariableKernel.lean:637:4: `push_neg` has been deprecated. Prefer using `push Not` instead.
If you'd rather continue using `push_neg` in your project, you can implement it as follows:
```
open Lean.Parser.Tactic in
macro "push_neg" cfg:optConfig loc:(location)? : tactic =>
  `(tactic| push $cfg:optConfig Not $[$loc]?)
```
warning: EulerBlowup/Lit/CZ/Bogovskii/VariableKernel.lean:698:4: `push_neg` has been deprecated. Prefer using `push Not` instead.
If you'd rather continue using `push_neg` in your project, you can implement it as follows:
```
open Lean.Parser.Tactic in
macro "push_neg" cfg:optConfig loc:(location)? : tactic =>
  `(tactic| push $cfg:optConfig Not $[$loc]?)
```
warning: EulerBlowup/Lit/CZ/Bogovskii/VariableKernel.lean:771:4: `push_neg` has been deprecated. Prefer using `push Not` instead.
If you'd rather continue using `push_neg` in your project, you can implement it as follows:
```
open Lean.Parser.Tactic in
macro "push_neg" cfg:optConfig loc:(location)? : tactic =>
  `(tactic| push $cfg:optConfig Not $[$loc]?)
```
warning: EulerBlowup/Lit/CZ/Bogovskii/VariableKernel.lean:774:39: `ContinuousLinearMap.zero_apply` has been deprecated: Use `zero_apply` instead

Note: The updated constant is in a different namespace. Dot notation may need to be changed (e.g., from `x.zero_apply` to `zero_apply x`).
warning: EulerBlowup/Lit/CZ/Bogovskii/VariableKernel.lean:1913:41: `ContinuousLinearMap.sum_apply` has been deprecated: Use `sum_apply` instead

Note: The updated constant is in a different namespace. Dot notation may need to be changed (e.g., from `x.sum_apply` to `sum_apply x`).
warning: EulerBlowup/Lit/CZ/Bogovskii/VariableKernel.lean:1914:4: `ContinuousLinearMap.smul_apply` has been deprecated: Use `smul_apply` instead

Note: The updated constant is in a different namespace. Dot notation may need to be changed (e.g., from `x.smul_apply` to `smul_apply x`).
warning: EulerBlowup/Lit/CZ/Bogovskii/VariableKernel.lean:2327:44: This simp argument is unused:
  Pi.mul_apply

Hint: Omit it from the simp argument list.
  simp only [Function.uncurry,̵ ̵P̵i̵.̵m̵u̵l̵_̵a̵p̵p̵l̵y̵]

Note: This linter can be disabled with `set_option linter.unusedSimpArgs false`
warning: EulerBlowup/Lit/CZ/Bogovskii/VariableKernel.lean:2413:15: `ContinuousLinearMap.add_apply` has been deprecated: Use `add_apply` instead

Note: The updated constant is in a different namespace. Dot notation may need to be changed (e.g., from `x.add_apply` to `add_apply x`).
warning: EulerBlowup/Lit/CZ/Bogovskii/VariableKernel.lean:2413:46: `ContinuousLinearMap.smul_apply` has been deprecated: Use `smul_apply` instead

Note: The updated constant is in a different namespace. Dot notation may need to be changed (e.g., from `x.smul_apply` to `smul_apply x`).
warning: EulerBlowup/Lit/CZ/Bogovskii/VariableKernel.lean:2490:47: `ContinuousLinearMap.zero_apply` has been deprecated: Use `zero_apply` instead

Note: The updated constant is in a different namespace. Dot notation may need to be changed (e.g., from `x.zero_apply` to `zero_apply x`).
warning: EulerBlowup/Lit/CZ/Bogovskii/VariableKernel.lean:2568:31: Variable name `hR` is not explicitly referenced.

The binding can be removed (if unused) or named `_` (if used implicitly).

Note: This linter can be disabled with `set_option linter.unusedVariables false`
warning: EulerBlowup/Lit/CZ/Bogovskii/VariableKernel.lean:2759:45: `EuclideanSpace.norm_single` has been deprecated: Use `PiLp.norm_single` instead

Note: The updated constant has a different type:
  ∀ (p : ℝ≥0∞) {ι : Type u_2} (β : ι → Type u_4) [hp : Fact (1 ≤ p)] [inst : Fintype ι]
    [inst_1 : (i : ι) → SeminormedAddCommGroup (β i)] [inst_2 : DecidableEq ι] (i : ι) (b : β i),
    ‖PiLp.single p i b‖ = ‖b‖
instead of
  ∀ {ι : Type u_1} {𝕜 : Type u_3} [inst : RCLike 𝕜] [inst_1 : DecidableEq ι] [inst_2 : Fintype ι] (i : ι) (a : 𝕜),
    ‖EuclideanSpace.single i a‖ = ‖a‖

Note: The updated constant is in a different namespace. Dot notation may need to be changed (e.g., from `x.norm_single` to `PiLp.norm_single x`).
warning: EulerBlowup/Lit/CZ/Bogovskii/VariableKernel.lean:2666:31: Variable name `hR` is not explicitly referenced.

The binding can be removed (if unused) or named `_` (if used implicitly).

Note: This linter can be disabled with `set_option linter.unusedVariables false`
warning: EulerBlowup/Lit/CZ/Bogovskii/VariableKernel.lean:3082:24: `EuclideanSpace.norm_single` has been deprecated: Use `PiLp.norm_single` instead

Note: The updated constant has a different type:
  ∀ (p : ℝ≥0∞) {ι : Type u_2} (β : ι → Type u_4) [hp : Fact (1 ≤ p)] [inst : Fintype ι]
    [inst_1 : (i : ι) → SeminormedAddCommGroup (β i)] [inst_2 : DecidableEq ι] (i : ι) (b : β i),
    ‖PiLp.single p i b‖ = ‖b‖
instead of
  ∀ {ι : Type u_1} {𝕜 : Type u_3} [inst : RCLike 𝕜] [inst_1 : DecidableEq ι] [inst_2 : Fintype ι] (i : ι) (a : 𝕜),
    ‖EuclideanSpace.single i a‖ = ‖a‖

Note: The updated constant is in a different namespace. Dot notation may need to be changed (e.g., from `x.norm_single` to `PiLp.norm_single x`).
warning: EulerBlowup/Lit/CZ/Bogovskii/VariableKernel.lean:3127:34: `ContinuousLinearMap.coe_sum'` has been deprecated: Use `FunLike.coe_sum` instead

Note: The updated constant is in a different namespace. Dot notation may need to be changed (e.g., from `x.coe_sum'` to `FunLike.coe_sum x`).
warning: EulerBlowup/Lit/CZ/Bogovskii/VariableKernel.lean:3250:48: `mul_le_mul_left'` has been deprecated: Use `mul_le_mul_right` instead
warning: EulerBlowup/Lit/CZ/Bogovskii/VariableKernel.lean:3263:50: `mul_le_mul_left'` has been deprecated: Use `mul_le_mul_right` instead
warning: EulerBlowup/Lit/CZ/Bogovskii/VariableKernel.lean:3265:15: `mul_le_mul_left'` has been deprecated: Use `mul_le_mul_right` instead
